product_id,product,source_product_name,financial_year,financial_year_start,calendar_year,month_number,month_name,consumption_metric_tonnes,consumption_unit,source_dataset,source_row_number,validation_status
product-5575ab85b7b20e8c4793,LPG,LPG,2024-25,2024,2024,4,APR,2373,metric_tonnes,india_petroleum_consumption.csv,2,VALID
product-5575ab85b7b20e8c4793,LPG,LPG,2024-25,2024,2024,5,MAY,2410,metric_tonnes,india_petroleum_consumption.csv,3,VALID
product-5575ab85b7b20e8c4793,LPG,LPG,2024-25,2024,2024,6,JUN,2320,metric_tonnes,india_petroleum_consumption.csv,4,VALID
product-5575ab85b7b20e8c4793,LPG,LPG,2024-25,2024,2024,7,JUL,2649,metric_tonnes,india_petroleum_consumption.csv,5,VALID
product-5575ab85b7b20e8c4793,LPG,LPG,2024-25,2024,2024,8,AUG,2664,metric_tonnes,india_petroleum_consumption.csv,6,VALID
product-5575ab85b7b20e8c4793,LPG,LPG,2024-25,2024,2024,9,SEP,2610,metric_tonnes,india_petroleum_consumption.csv,7,VALID
product-5575ab85b7b20e8c4793,LPG,LPG,2024-25,2024,2024,10,OCT,2721,metric_tonnes,india_petroleum_consumption.csv,8,VALID
product-5575ab85b7b20e8c4793,LPG,LPG,2024-25,2024,2024,11,NOV,2665,metric_tonnes,india_petroleum_consumption.csv,9,VALID
product-5575ab85b7b20e8c4793,LPG,LPG,2024-25,2024,2024,12,DEC,2772,metric_tonnes,india_petroleum_consumption.csv,10,VALID
product-5575ab85b7b20e8c4793,LPG,LPG,2024-25,2024,2025,1,JAN,2844,metric_tonnes,india_petroleum_consumption.csv,11,VALID
product-5575ab85b7b20e8c4793,LPG,LPG,2024-25,2024,2025,2,FEB,2573,metric_tonnes,india_petroleum_consumption.csv,12,VALID
product-5575ab85b7b20e8c4793,LPG,LPG,2024-25,2024,2025,3,MAR,2722,metric_tonnes,india_petroleum_consumption.csv,13,VALID
product-352b4599428c13efa359,Naphtha,Naphtha,2024-25,2024,2024,4,APR,1217,metric_tonnes,india_petroleum_consumption.csv,14,VALID
product-352b4599428c13efa359,Naphtha,Naphtha,2024-25,2024,2024,5,MAY,1090,metric_tonnes,india_petroleum_consumption.csv,15,VALID
product-352b4599428c13efa359,Naphtha,Naphtha,2024-25,2024,2024,6,JUN,1014,metric_tonnes,india_petroleum_consumption.csv,16,VALID
product-352b4599428c13efa359,Naphtha,Naphtha,2024-25,2024,2024,7,JUL,1224,metric_tonnes,india_petroleum_consumption.csv,17,VALID
product-352b4599428c13efa359,Naphtha,Naphtha,2024-25,2024,2024,8,AUG,1156,metric_tonnes,india_petroleum_consumption.csv,18,VALID
product-352b4599428c13efa359,Naphtha,Naphtha,2024-25,2024,2024,9,SEP,1018,metric_tonnes,india_petroleum_consumption.csv,19,VALID
product-352b4599428c13efa359,Naphtha,Naphtha,2024-25,2024,2024,10,OCT,1164,metric_tonnes,india_petroleum_consumption.csv,20,VALID
product-352b4599428c13efa359,Naphtha,Naphtha,2024-25,2024,2024,11,NOV,1098,metric_tonnes,india_petroleum_consumption.csv,21,VALID
product-352b4599428c13efa359,Naphtha,Naphtha,2024-25,2024,2024,12,DEC,1010,metric_tonnes,india_petroleum_consumption.csv,22,VALID
product-352b4599428c13efa359,Naphtha,Naphtha,2024-25,2024,2025,1,JAN,1140,metric_tonnes,india_petroleum_consumption.csv,23,VALID
product-352b4599428c13efa359,Naphtha,Naphtha,2024-25,2024,2025,2,FEB,945,metric_tonnes,india_petroleum_consumption.csv,24,VALID
product-352b4599428c13efa359,Naphtha,Naphtha,2024-25,2024,2025,3,MAR,1078,metric_tonnes,india_petroleum_consumption.csv,25,VALID
product-8d171ab9b604e34124ea,MS,MS,2024-25,2024,2024,4,APR,3285,metric_tonnes,india_petroleum_consumption.csv,26,VALID
product-8d171ab9b604e34124ea,MS,MS,2024-25,2024,2024,5,MAY,3463,metric_tonnes,india_petroleum_consumption.csv,27,VALID
product-8d171ab9b604e34124ea,MS,MS,2024-25,2024,2024,6,JUN,3296,metric_tonnes,india_petroleum_consumption.csv,28,VALID
product-8d171ab9b604e34124ea,MS,MS,2024-25,2024,2024,7,JUL,3297,metric_tonnes,india_petroleum_consumption.csv,29,VALID
product-8d171ab9b604e34124ea,MS,MS,2024-25,2024,2024,8,AUG,3360,metric_tonnes,india_petroleum_consumption.csv,30,VALID
product-8d171ab9b604e34124ea,MS,MS,2024-25,2024,2024,9,SEP,3149,metric_tonnes,india_petroleum_consumption.csv,31,VALID
product-8d171ab9b604e34124ea,MS,MS,2024-25,2024,2024,10,OCT,3412,metric_tonnes,india_petroleum_consumption.csv,32,VALID
product-8d171ab9b604e34124ea,MS,MS,2024-25,2024,2024,11,NOV,3428,metric_tonnes,india_petroleum_consumption.csv,33,VALID
product-8d171ab9b604e34124ea,MS,MS,2024-25,2024,2024,12,DEC,3320,metric_tonnes,india_petroleum_consumption.csv,34,VALID
product-8d171ab9b604e34124ea,MS,MS,2024-25,2024,2025,1,JAN,3308,metric_tonnes,india_petroleum_consumption.csv,35,VALID
product-8d171ab9b604e34124ea,MS,MS,2024-25,2024,2025,2,FEB,3174,metric_tonnes,india_petroleum_consumption.csv,36,VALID
product-8d171ab9b604e34124ea,MS,MS,2024-25,2024,2025,3,MAR,3512,metric_tonnes,india_petroleum_consumption.csv,37,VALID
product-198fc08108a024c9da45,ATF,ATF,2024-25,2024,2024,4,APR,742,metric_tonnes,india_petroleum_consumption.csv,38,VALID
product-198fc08108a024c9da45,ATF,ATF,2024-25,2024,2024,5,MAY,744,metric_tonnes,india_petroleum_consumption.csv,39,VALID
product-198fc08108a024c9da45,ATF,ATF,2024-25,2024,2024,6,JUN,707,metric_tonnes,india_petroleum_consumption.csv,40,VALID
product-198fc08108a024c9da45,ATF,ATF,2024-25,2024,2024,7,JUL,727,metric_tonnes,india_petroleum_consumption.csv,41,VALID
product-198fc08108a024c9da45,ATF,ATF,2024-25,2024,2024,8,AUG,732,metric_tonnes,india_petroleum_consumption.csv,42,VALID
product-198fc08108a024c9da45,ATF,ATF,2024-25,2024,2024,9,SEP,726,metric_tonnes,india_petroleum_consumption.csv,43,VALID
product-198fc08108a024c9da45,ATF,ATF,2024-25,2024,2024,10,OCT,757,metric_tonnes,india_petroleum_consumption.csv,44,VALID
product-198fc08108a024c9da45,ATF,ATF,2024-25,2024,2024,11,NOV,748,metric_tonnes,india_petroleum_consumption.csv,45,VALID
product-198fc08108a024c9da45,ATF,ATF,2024-25,2024,2024,12,DEC,782,metric_tonnes,india_petroleum_consumption.csv,46,VALID
product-198fc08108a024c9da45,ATF,ATF,2024-25,2024,2025,1,JAN,784,metric_tonnes,india_petroleum_consumption.csv,47,VALID
product-198fc08108a024c9da45,ATF,ATF,2024-25,2024,2025,2,FEB,735,metric_tonnes,india_petroleum_consumption.csv,48,VALID
product-198fc08108a024c9da45,ATF,ATF,2024-25,2024,2025,3,MAR,801,metric_tonnes,india_petroleum_consumption.csv,49,VALID
product-cdf634489bfbff660916,SKO,SKO,2024-25,2024,2024,4,APR,27,metric_tonnes,india_petroleum_consumption.csv,50,VALID
product-cdf634489bfbff660916,SKO,SKO,2024-25,2024,2024,5,MAY,30,metric_tonnes,india_petroleum_consumption.csv,51,VALID
product-cdf634489bfbff660916,SKO,SKO,2024-25,2024,2024,6,JUN,36,metric_tonnes,india_petroleum_consumption.csv,52,VALID
product-cdf634489bfbff660916,SKO,SKO,2024-25,2024,2024,7,JUL,41,metric_tonnes,india_petroleum_consumption.csv,53,VALID
product-cdf634489bfbff660916,SKO,SKO,2024-25,2024,2024,8,AUG,35,metric_tonnes,india_petroleum_consumption.csv,54,VALID
product-cdf634489bfbff660916,SKO,SKO,2024-25,2024,2024,9,SEP,36,metric_tonnes,india_petroleum_consumption.csv,55,VALID
product-cdf634489bfbff660916,SKO,SKO,2024-25,2024,2024,10,OCT,33,metric_tonnes,india_petroleum_consumption.csv,56,VALID
product-cdf634489bfbff660916,SKO,SKO,2024-25,2024,2024,11,NOV,36,metric_tonnes,india_petroleum_consumption.csv,57,VALID
product-cdf634489bfbff660916,SKO,SKO,2024-25,2024,2024,12,DEC,35,metric_tonnes,india_petroleum_consumption.csv,58,VALID
product-cdf634489bfbff660916,SKO,SKO,2024-25,2024,2025,1,JAN,35,metric_tonnes,india_petroleum_consumption.csv,59,VALID
product-cdf634489bfbff660916,SKO,SKO,2024-25,2024,2025,2,FEB,32,metric_tonnes,india_petroleum_consumption.csv,60,VALID
product-cdf634489bfbff660916,SKO,SKO,2024-25,2024,2025,3,MAR,33,metric_tonnes,india_petroleum_consumption.csv,61,VALID
product-a81277714f19fd11a0e0,HSD,HSD,2024-25,2024,2024,4,APR,7925,metric_tonnes,india_petroleum_consumption.csv,62,VALID
product-a81277714f19fd11a0e0,HSD,HSD,2024-25,2024,2024,5,MAY,8412,metric_tonnes,india_petroleum_consumption.csv,63,VALID
product-a81277714f19fd11a0e0,HSD,HSD,2024-25,2024,2024,6,JUN,7982,metric_tonnes,india_petroleum_consumption.csv,64,VALID
product-a81277714f19fd11a0e0,HSD,HSD,2024-25,2024,2024,7,JUL,7193,metric_tonnes,india_petroleum_consumption.csv,65,VALID
product-a81277714f19fd11a0e0,HSD,HSD,2024-25,2024,2024,8,AUG,6501,metric_tonnes,india_petroleum_consumption.csv,66,VALID
product-a81277714f19fd11a0e0,HSD,HSD,2024-25,2024,2024,9,SEP,6369,metric_tonnes,india_petroleum_consumption.csv,67,VALID
product-a81277714f19fd11a0e0,HSD,HSD,2024-25,2024,2024,10,OCT,7645,metric_tonnes,india_petroleum_consumption.csv,68,VALID
product-a81277714f19fd11a0e0,HSD,HSD,2024-25,2024,2024,11,NOV,8166,metric_tonnes,india_petroleum_consumption.csv,69,VALID
product-a81277714f19fd11a0e0,HSD,HSD,2024-25,2024,2024,12,DEC,8054,metric_tonnes,india_petroleum_consumption.csv,70,VALID
product-a81277714f19fd11a0e0,HSD,HSD,2024-25,2024,2025,1,JAN,7739,metric_tonnes,india_petroleum_consumption.csv,71,VALID
product-a81277714f19fd11a0e0,HSD,HSD,2024-25,2024,2025,2,FEB,7343,metric_tonnes,india_petroleum_consumption.csv,72,VALID
product-a81277714f19fd11a0e0,HSD,HSD,2024-25,2024,2025,3,MAR,8077,metric_tonnes,india_petroleum_consumption.csv,73,VALID
product-1fe5626b86832387d536,LDO,LDO,2024-25,2024,2024,4,APR,51,metric_tonnes,india_petroleum_consumption.csv,74,VALID
product-1fe5626b86832387d536,LDO,LDO,2024-25,2024,2024,5,MAY,62,metric_tonnes,india_petroleum_consumption.csv,75,VALID
product-1fe5626b86832387d536,LDO,LDO,2024-25,2024,2024,6,JUN,65,metric_tonnes,india_petroleum_consumption.csv,76,VALID
product-1fe5626b86832387d536,LDO,LDO,2024-25,2024,2024,7,JUL,61,metric_tonnes,india_petroleum_consumption.csv,77,VALID
product-1fe5626b86832387d536,LDO,LDO,2024-25,2024,2024,8,AUG,80,metric_tonnes,india_petroleum_consumption.csv,78,VALID
product-1fe5626b86832387d536,LDO,LDO,2024-25,2024,2024,9,SEP,71,metric_tonnes,india_petroleum_consumption.csv,79,VALID
product-1fe5626b86832387d536,LDO,LDO,2024-25,2024,2024,10,OCT,69,metric_tonnes,india_petroleum_consumption.csv,80,VALID
product-1fe5626b86832387d536,LDO,LDO,2024-25,2024,2024,11,NOV,80,metric_tonnes,india_petroleum_consumption.csv,81,VALID
product-1fe5626b86832387d536,LDO,LDO,2024-25,2024,2024,12,DEC,70,metric_tonnes,india_petroleum_consumption.csv,82,VALID
product-1fe5626b86832387d536,LDO,LDO,2024-25,2024,2025,1,JAN,76,metric_tonnes,india_petroleum_consumption.csv,83,VALID
product-1fe5626b86832387d536,LDO,LDO,2024-25,2024,2025,2,FEB,62,metric_tonnes,india_petroleum_consumption.csv,84,VALID
product-1fe5626b86832387d536,LDO,LDO,2024-25,2024,2025,3,MAR,91,metric_tonnes,india_petroleum_consumption.csv,85,VALID
product-95702a7f9ab5e32d6bf4,Lubricants & Greases,Lubricants & Greases,2024-25,2024,2024,4,APR,375,metric_tonnes,india_petroleum_consumption.csv,86,VALID
product-95702a7f9ab5e32d6bf4,Lubricants & Greases,Lubricants & Greases,2024-25,2024,2024,5,MAY,471,metric_tonnes,india_petroleum_consumption.csv,87,VALID
product-95702a7f9ab5e32d6bf4,Lubricants & Greases,Lubricants & Greases,2024-25,2024,2024,6,JUN,436,metric_tonnes,india_petroleum_consumption.csv,88,VALID
product-95702a7f9ab5e32d6bf4,Lubricants & Greases,Lubricants & Greases,2024-25,2024,2024,7,JUL,318,metric_tonnes,india_petroleum_consumption.csv,89,VALID
product-95702a7f9ab5e32d6bf4,Lubricants & Greases,Lubricants & Greases,2024-25,2024,2024,8,AUG,341,metric_tonnes,india_petroleum_consumption.csv,90,VALID
product-95702a7f9ab5e32d6bf4,Lubricants & Greases,Lubricants & Greases,2024-25,2024,2024,9,SEP,382,metric_tonnes,india_petroleum_consumption.csv,91,VALID
product-95702a7f9ab5e32d6bf4,Lubricants & Greases,Lubricants & Greases,2024-25,2024,2024,10,OCT,346,metric_tonnes,india_petroleum_consumption.csv,92,VALID
product-95702a7f9ab5e32d6bf4,Lubricants & Greases,Lubricants & Greases,2024-25,2024,2024,11,NOV,351,metric_tonnes,india_petroleum_consumption.csv,93,VALID
product-95702a7f9ab5e32d6bf4,Lubricants & Greases,Lubricants & Greases,2024-25,2024,2024,12,DEC,362,metric_tonnes,india_petroleum_consumption.csv,94,VALID
product-95702a7f9ab5e32d6bf4,Lubricants & Greases,Lubricants & Greases,2024-25,2024,2025,1,JAN,395,metric_tonnes,india_petroleum_consumption.csv,95,VALID
product-95702a7f9ab5e32d6bf4,Lubricants & Greases,Lubricants & Greases,2024-25,2024,2025,2,FEB,354,metric_tonnes,india_petroleum_consumption.csv,96,VALID
product-95702a7f9ab5e32d6bf4,Lubricants & Greases,Lubricants & Greases,2024-25,2024,2025,3,MAR,458,metric_tonnes,india_petroleum_consumption.csv,97,VALID
product-795922ede07e28180caa,FO & LSHS,FO & LSHS,2024-25,2024,2024,4,APR,527,metric_tonnes,india_petroleum_consumption.csv,98,VALID
product-795922ede07e28180caa,FO & LSHS,FO & LSHS,2024-25,2024,2024,5,MAY,617,metric_tonnes,india_petroleum_consumption.csv,99,VALID
product-795922ede07e28180caa,FO & LSHS,FO & LSHS,2024-25,2024,2024,6,JUN,575,metric_tonnes,india_petroleum_consumption.csv,100,VALID
product-795922ede07e28180caa,FO & LSHS,FO & LSHS,2024-25,2024,2024,7,JUL,506,metric_tonnes,india_petroleum_consumption.csv,101,VALID
product-795922ede07e28180caa,FO & LSHS,FO & LSHS,2024-25,2024,2024,8,AUG,491,metric_tonnes,india_petroleum_consumption.csv,102,VALID
product-795922ede07e28180caa,FO & LSHS,FO & LSHS,2024-25,2024,2024,9,SEP,556,metric_tonnes,india_petroleum_consumption.csv,103,VALID
product-795922ede07e28180caa,FO & LSHS,FO & LSHS,2024-25,2024,2024,10,OCT,623,metric_tonnes,india_petroleum_consumption.csv,104,VALID
product-795922ede07e28180caa,FO & LSHS,FO & LSHS,2024-25,2024,2024,11,NOV,500,metric_tonnes,india_petroleum_consumption.csv,105,VALID
product-795922ede07e28180caa,FO & LSHS,FO & LSHS,2024-25,2024,2024,12,DEC,555,metric_tonnes,india_petroleum_consumption.csv,106,VALID
product-795922ede07e28180caa,FO & LSHS,FO & LSHS,2024-25,2024,2025,1,JAN,549,metric_tonnes,india_petroleum_consumption.csv,107,VALID
product-795922ede07e28180caa,FO & LSHS,FO & LSHS,2024-25,2024,2025,2,FEB,476,metric_tonnes,india_petroleum_consumption.csv,108,VALID
product-795922ede07e28180caa,FO & LSHS,FO & LSHS,2024-25,2024,2025,3,MAR,483,metric_tonnes,india_petroleum_consumption.csv,109,VALID
product-790810d5c5602dbecaf2,Bitumen,Bitumen,2024-25,2024,2024,4,APR,835,metric_tonnes,india_petroleum_consumption.csv,110,VALID
product-790810d5c5602dbecaf2,Bitumen,Bitumen,2024-25,2024,2024,5,MAY,940,metric_tonnes,india_petroleum_consumption.csv,111,VALID
product-790810d5c5602dbecaf2,Bitumen,Bitumen,2024-25,2024,2024,6,JUN,744,metric_tonnes,india_petroleum_consumption.csv,112,VALID
product-790810d5c5602dbecaf2,Bitumen,Bitumen,2024-25,2024,2024,7,JUL,408,metric_tonnes,india_petroleum_consumption.csv,113,VALID
product-790810d5c5602dbecaf2,Bitumen,Bitumen,2024-25,2024,2024,8,AUG,286,metric_tonnes,india_petroleum_consumption.csv,114,VALID
product-790810d5c5602dbecaf2,Bitumen,Bitumen,2024-25,2024,2024,9,SEP,416,metric_tonnes,india_petroleum_consumption.csv,115,VALID
product-790810d5c5602dbecaf2,Bitumen,Bitumen,2024-25,2024,2024,10,OCT,638,metric_tonnes,india_petroleum_consumption.csv,116,VALID
product-790810d5c5602dbecaf2,Bitumen,Bitumen,2024-25,2024,2024,11,NOV,708,metric_tonnes,india_petroleum_consumption.csv,117,VALID
product-790810d5c5602dbecaf2,Bitumen,Bitumen,2024-25,2024,2024,12,DEC,771,metric_tonnes,india_petroleum_consumption.csv,118,VALID
product-790810d5c5602dbecaf2,Bitumen,Bitumen,2024-25,2024,2025,1,JAN,765,metric_tonnes,india_petroleum_consumption.csv,119,VALID
product-790810d5c5602dbecaf2,Bitumen,Bitumen,2024-25,2024,2025,2,FEB,833,metric_tonnes,india_petroleum_consumption.csv,120,VALID
product-790810d5c5602dbecaf2,Bitumen,Bitumen,2024-25,2024,2025,3,MAR,986,metric_tonnes,india_petroleum_consumption.csv,121,VALID
product-64fce74e71066b7ec4cf,Petroleum coke,Petroleum coke,2024-25,2024,2024,4,APR,1805,metric_tonnes,india_petroleum_consumption.csv,122,VALID
product-64fce74e71066b7ec4cf,Petroleum coke,Petroleum coke,2024-25,2024,2024,5,MAY,1723,metric_tonnes,india_petroleum_consumption.csv,123,VALID
product-64fce74e71066b7ec4cf,Petroleum coke,Petroleum coke,2024-25,2024,2024,6,JUN,1532,metric_tonnes,india_petroleum_consumption.csv,124,VALID
product-64fce74e71066b7ec4cf,Petroleum coke,Petroleum coke,2024-25,2024,2024,7,JUL,2368,metric_tonnes,india_petroleum_consumption.csv,125,VALID
product-64fce74e71066b7ec4cf,Petroleum coke,Petroleum coke,2024-25,2024,2024,8,AUG,1725,metric_tonnes,india_petroleum_consumption.csv,126,VALID
product-64fce74e71066b7ec4cf,Petroleum coke,Petroleum coke,2024-25,2024,2024,9,SEP,1213,metric_tonnes,india_petroleum_consumption.csv,127,VALID
product-64fce74e71066b7ec4cf,Petroleum coke,Petroleum coke,2024-25,2024,2024,10,OCT,2035,metric_tonnes,india_petroleum_consumption.csv,128,VALID
product-64fce74e71066b7ec4cf,Petroleum coke,Petroleum coke,2024-25,2024,2024,11,NOV,2057,metric_tonnes,india_petroleum_consumption.csv,129,VALID
product-64fce74e71066b7ec4cf,Petroleum coke,Petroleum coke,2024-25,2024,2024,12,DEC,1954,metric_tonnes,india_petroleum_consumption.csv,130,VALID
product-64fce74e71066b7ec4cf,Petroleum coke,Petroleum coke,2024-25,2024,2025,1,JAN,1911,metric_tonnes,india_petroleum_consumption.csv,131,VALID
product-64fce74e71066b7ec4cf,Petroleum coke,Petroleum coke,2024-25,2024,2025,2,FEB,1854,metric_tonnes,india_petroleum_consumption.csv,132,VALID
product-64fce74e71066b7ec4cf,Petroleum coke,Petroleum coke,2024-25,2024,2025,3,MAR,1887,metric_tonnes,india_petroleum_consumption.csv,133,VALID
product-896a0734e71eaafd55e7,Others,Others,2024-25,2024,2024,4,APR,1001,metric_tonnes,india_petroleum_consumption.csv,134,VALID
product-896a0734e71eaafd55e7,Others,Others,2024-25,2024,2024,5,MAY,1119,metric_tonnes,india_petroleum_consumption.csv,135,VALID
product-896a0734e71eaafd55e7,Others,Others,2024-25,2024,2024,6,JUN,1230,metric_tonnes,india_petroleum_consumption.csv,136,VALID
product-896a0734e71eaafd55e7,Others,Others,2024-25,2024,2024,7,JUL,1449,metric_tonnes,india_petroleum_consumption.csv,137,VALID
product-896a0734e71eaafd55e7,Others,Others,2024-25,2024,2024,8,AUG,892,metric_tonnes,india_petroleum_consumption.csv,138,VALID
product-896a0734e71eaafd55e7,Others,Others,2024-25,2024,2024,9,SEP,865,metric_tonnes,india_petroleum_consumption.csv,139,VALID
product-896a0734e71eaafd55e7,Others,Others,2024-25,2024,2024,10,OCT,811,metric_tonnes,india_petroleum_consumption.csv,140,VALID
product-896a0734e71eaafd55e7,Others,Others,2024-25,2024,2024,11,NOV,818,metric_tonnes,india_petroleum_consumption.csv,141,VALID
product-896a0734e71eaafd55e7,Others,Others,2024-25,2024,2024,12,DEC,969,metric_tonnes,india_petroleum_consumption.csv,142,VALID
product-896a0734e71eaafd55e7,Others,Others,2024-25,2024,2025,1,JAN,921,metric_tonnes,india_petroleum_consumption.csv,143,VALID
product-896a0734e71eaafd55e7,Others,Others,2024-25,2024,2025,2,FEB,756,metric_tonnes,india_petroleum_consumption.csv,144,VALID
product-896a0734e71eaafd55e7,Others,Others,2024-25,2024,2025,3,MAR,783,metric_tonnes,india_petroleum_consumption.csv,145,VALID
product-5575ab85b7b20e8c4793,LPG,LPG,1998-99,1998,1998,4,APR,394,metric_tonnes,india_petroleum_consumption.csv,146,VALID
product-5575ab85b7b20e8c4793,LPG,LPG,1998-99,1998,1998,5,MAY,393,metric_tonnes,india_petroleum_consumption.csv,147,VALID
product-5575ab85b7b20e8c4793,LPG,LPG,1998-99,1998,1998,6,JUN,381,metric_tonnes,india_petroleum_consumption.csv,148,VALID
product-5575ab85b7b20e8c4793,LPG,LPG,1998-99,1998,1998,7,JUL,438,metric_tonnes,india_petroleum_consumption.csv,149,VALID
product-5575ab85b7b20e8c4793,LPG,LPG,1998-99,1998,1998,8,AUG,415,metric_tonnes,india_petroleum_consumption.csv,150,VALID
product-5575ab85b7b20e8c4793,LPG,LPG,1998-99,1998,1998,9,SEP,440,metric_tonnes,india_petroleum_consumption.csv,151,VALID
product-5575ab85b7b20e8c4793,LPG,LPG,1998-99,1998,1998,10,OCT,447,metric_tonnes,india_petroleum_consumption.csv,152,VALID
product-5575ab85b7b20e8c4793,LPG,LPG,1998-99,1998,1998,11,NOV,464,metric_tonnes,india_petroleum_consumption.csv,153,VALID
product-5575ab85b7b20e8c4793,LPG,LPG,1998-99,1998,1998,12,DEC,483,metric_tonnes,india_petroleum_consumption.csv,154,VALID
product-5575ab85b7b20e8c4793,LPG,LPG,1998-99,1998,1999,1,JAN,502,metric_tonnes,india_petroleum_consumption.csv,155,VALID
product-5575ab85b7b20e8c4793,LPG,LPG,1998-99,1998,1999,2,FEB,489,metric_tonnes,india_petroleum_consumption.csv,156,VALID
product-5575ab85b7b20e8c4793,LPG,LPG,1998-99,1998,1999,3,MAR,506,metric_tonnes,india_petroleum_consumption.csv,157,VALID
product-352b4599428c13efa359,Naphtha,Naphtha,1998-99,1998,1998,4,APR,596,metric_tonnes,india_petroleum_consumption.csv,158,VALID
product-352b4599428c13efa359,Naphtha,Naphtha,1998-99,1998,1998,5,MAY,709,metric_tonnes,india_petroleum_consumption.csv,159,VALID
product-352b4599428c13efa359,Naphtha,Naphtha,1998-99,1998,1998,6,JUN,628,metric_tonnes,india_petroleum_consumption.csv,160,VALID
product-352b4599428c13efa359,Naphtha,Naphtha,1998-99,1998,1998,7,JUL,807,metric_tonnes,india_petroleum_consumption.csv,161,VALID
product-352b4599428c13efa359,Naphtha,Naphtha,1998-99,1998,1998,8,AUG,751,metric_tonnes,india_petroleum_consumption.csv,162,VALID
product-352b4599428c13efa359,Naphtha,Naphtha,1998-99,1998,1998,9,SEP,749,metric_tonnes,india_petroleum_consumption.csv,163,VALID
product-352b4599428c13efa359,Naphtha,Naphtha,1998-99,1998,1998,10,OCT,793,metric_tonnes,india_petroleum_consumption.csv,164,VALID
product-352b4599428c13efa359,Naphtha,Naphtha,1998-99,1998,1998,11,NOV,793,metric_tonnes,india_petroleum_consumption.csv,165,VALID
product-352b4599428c13efa359,Naphtha,Naphtha,1998-99,1998,1998,12,DEC,729,metric_tonnes,india_petroleum_consumption.csv,166,VALID
product-352b4599428c13efa359,Naphtha,Naphtha,1998-99,1998,1999,1,JAN,891,metric_tonnes,india_petroleum_consumption.csv,167,VALID
product-352b4599428c13efa359,Naphtha,Naphtha,1998-99,1998,1999,2,FEB,980,metric_tonnes,india_petroleum_consumption.csv,168,VALID
product-352b4599428c13efa359,Naphtha,Naphtha,1998-99,1998,1999,3,MAR,796,metric_tonnes,india_petroleum_consumption.csv,169,VALID
product-8d171ab9b604e34124ea,MS,MS,1998-99,1998,1998,4,APR,448,metric_tonnes,india_petroleum_consumption.csv,170,VALID
product-8d171ab9b604e34124ea,MS,MS,1998-99,1998,1998,5,MAY,490,metric_tonnes,india_petroleum_consumption.csv,171,VALID
product-8d171ab9b604e34124ea,MS,MS,1998-99,1998,1998,6,JUN,462,metric_tonnes,india_petroleum_consumption.csv,172,VALID
product-8d171ab9b604e34124ea,MS,MS,1998-99,1998,1998,7,JUL,451,metric_tonnes,india_petroleum_consumption.csv,173,VALID
product-8d171ab9b604e34124ea,MS,MS,1998-99,1998,1998,8,AUG,450,metric_tonnes,india_petroleum_consumption.csv,174,VALID
product-8d171ab9b604e34124ea,MS,MS,1998-99,1998,1998,9,SEP,452,metric_tonnes,india_petroleum_consumption.csv,175,VALID
product-8d171ab9b604e34124ea,MS,MS,1998-99,1998,1998,10,OCT,460,metric_tonnes,india_petroleum_consumption.csv,176,VALID
product-8d171ab9b604e34124ea,MS,MS,1998-99,1998,1998,11,NOV,440,metric_tonnes,india_petroleum_consumption.csv,177,VALID
product-8d171ab9b604e34124ea,MS,MS,1998-99,1998,1998,12,DEC,465,metric_tonnes,india_petroleum_consumption.csv,178,VALID
product-8d171ab9b604e34124ea,MS,MS,1998-99,1998,1999,1,JAN,448,metric_tonnes,india_petroleum_consumption.csv,179,VALID
product-8d171ab9b604e34124ea,MS,MS,1998-99,1998,1999,2,FEB,452,metric_tonnes,india_petroleum_consumption.csv,180,VALID
product-8d171ab9b604e34124ea,MS,MS,1998-99,1998,1999,3,MAR,490,metric_tonnes,india_petroleum_consumption.csv,181,VALID
product-198fc08108a024c9da45,ATF,ATF,1998-99,1998,1998,4,APR,178,metric_tonnes,india_petroleum_consumption.csv,182,VALID
product-198fc08108a024c9da45,ATF,ATF,1998-99,1998,1998,5,MAY,178,metric_tonnes,india_petroleum_consumption.csv,183,VALID
product-198fc08108a024c9da45,ATF,ATF,1998-99,1998,1998,6,JUN,165,metric_tonnes,india_petroleum_consumption.csv,184,VALID
product-198fc08108a024c9da45,ATF,ATF,1998-99,1998,1998,7,JUL,169,metric_tonnes,india_petroleum_consumption.csv,185,VALID
product-198fc08108a024c9da45,ATF,ATF,1998-99,1998,1998,8,AUG,170,metric_tonnes,india_petroleum_consumption.csv,186,VALID
product-198fc08108a024c9da45,ATF,ATF,1998-99,1998,1998,9,SEP,171,metric_tonnes,india_petroleum_consumption.csv,187,VALID
product-198fc08108a024c9da45,ATF,ATF,1998-99,1998,1998,10,OCT,179,metric_tonnes,india_petroleum_consumption.csv,188,VALID
product-198fc08108a024c9da45,ATF,ATF,1998-99,1998,1998,11,NOV,183,metric_tonnes,india_petroleum_consumption.csv,189,VALID
product-198fc08108a024c9da45,ATF,ATF,1998-99,1998,1998,12,DEC,181,metric_tonnes,india_petroleum_consumption.csv,190,VALID
product-198fc08108a024c9da45,ATF,ATF,1998-99,1998,1999,1,JAN,171,metric_tonnes,india_petroleum_consumption.csv,191,VALID
product-198fc08108a024c9da45,ATF,ATF,1998-99,1998,1999,2,FEB,174,metric_tonnes,india_petroleum_consumption.csv,192,VALID
product-198fc08108a024c9da45,ATF,ATF,1998-99,1998,1999,3,MAR,195,metric_tonnes,india_petroleum_consumption.csv,193,VALID
product-cdf634489bfbff660916,SKO,SKO,1998-99,1998,1998,4,APR,1022,metric_tonnes,india_petroleum_consumption.csv,194,VALID
product-cdf634489bfbff660916,SKO,SKO,1998-99,1998,1998,5,MAY,1128,metric_tonnes,india_petroleum_consumption.csv,195,VALID
product-cdf634489bfbff660916,SKO,SKO,1998-99,1998,1998,6,JUN,1001,metric_tonnes,india_petroleum_consumption.csv,196,VALID
product-cdf634489bfbff660916,SKO,SKO,1998-99,1998,1998,7,JUL,934,metric_tonnes,india_petroleum_consumption.csv,197,VALID
product-cdf634489bfbff660916,SKO,SKO,1998-99,1998,1998,8,AUG,970,metric_tonnes,india_petroleum_consumption.csv,198,VALID
product-cdf634489bfbff660916,SKO,SKO,1998-99,1998,1998,9,SEP,980,metric_tonnes,india_petroleum_consumption.csv,199,VALID
product-cdf634489bfbff660916,SKO,SKO,1998-99,1998,1998,10,OCT,1015,metric_tonnes,india_petroleum_consumption.csv,200,VALID
product-cdf634489bfbff660916,SKO,SKO,1998-99,1998,1998,11,NOV,962,metric_tonnes,india_petroleum_consumption.csv,201,VALID
product-cdf634489bfbff660916,SKO,SKO,1998-99,1998,1998,12,DEC,1015,metric_tonnes,india_petroleum_consumption.csv,202,VALID
product-cdf634489bfbff660916,SKO,SKO,1998-99,1998,1999,1,JAN,1036,metric_tonnes,india_petroleum_consumption.csv,203,VALID
product-cdf634489bfbff660916,SKO,SKO,1998-99,1998,1999,2,FEB,1081,metric_tonnes,india_petroleum_consumption.csv,204,VALID
product-cdf634489bfbff660916,SKO,SKO,1998-99,1998,1999,3,MAR,1098,metric_tonnes,india_petroleum_consumption.csv,205,VALID
product-a81277714f19fd11a0e0,HSD,HSD,1998-99,1998,1998,4,APR,3193,metric_tonnes,india_petroleum_consumption.csv,206,VALID
product-a81277714f19fd11a0e0,HSD,HSD,1998-99,1998,1998,5,MAY,3274,metric_tonnes,india_petroleum_consumption.csv,207,VALID
product-a81277714f19fd11a0e0,HSD,HSD,1998-99,1998,1998,6,JUN,3193,metric_tonnes,india_petroleum_consumption.csv,208,VALID
product-a81277714f19fd11a0e0,HSD,HSD,1998-99,1998,1998,7,JUL,2921,metric_tonnes,india_petroleum_consumption.csv,209,VALID
product-a81277714f19fd11a0e0,HSD,HSD,1998-99,1998,1998,8,AUG,2625,metric_tonnes,india_petroleum_consumption.csv,210,VALID
product-a81277714f19fd11a0e0,HSD,HSD,1998-99,1998,1998,9,SEP,2713,metric_tonnes,india_petroleum_consumption.csv,211,VALID
product-a81277714f19fd11a0e0,HSD,HSD,1998-99,1998,1998,10,OCT,3073,metric_tonnes,india_petroleum_consumption.csv,212,VALID
product-a81277714f19fd11a0e0,HSD,HSD,1998-99,1998,1998,11,NOV,3250,metric_tonnes,india_petroleum_consumption.csv,213,VALID
product-a81277714f19fd11a0e0,HSD,HSD,1998-99,1998,1998,12,DEC,3245,metric_tonnes,india_petroleum_consumption.csv,214,VALID
product-a81277714f19fd11a0e0,HSD,HSD,1998-99,1998,1999,1,JAN,3191,metric_tonnes,india_petroleum_consumption.csv,215,VALID
product-a81277714f19fd11a0e0,HSD,HSD,1998-99,1998,1999,2,FEB,3115,metric_tonnes,india_petroleum_consumption.csv,216,VALID
product-a81277714f19fd11a0e0,HSD,HSD,1998-99,1998,1999,3,MAR,3423,metric_tonnes,india_petroleum_consumption.csv,217,VALID
product-1fe5626b86832387d536,LDO,LDO,1998-99,1998,1998,4,APR,89,metric_tonnes,india_petroleum_consumption.csv,218,VALID
product-1fe5626b86832387d536,LDO,LDO,1998-99,1998,1998,5,MAY,100,metric_tonnes,india_petroleum_consumption.csv,219,VALID
product-1fe5626b86832387d536,LDO,LDO,1998-99,1998,1998,6,JUN,100,metric_tonnes,india_petroleum_consumption.csv,220,VALID
product-1fe5626b86832387d536,LDO,LDO,1998-99,1998,1998,7,JUL,109,metric_tonnes,india_petroleum_consumption.csv,221,VALID
product-1fe5626b86832387d536,LDO,LDO,1998-99,1998,1998,8,AUG,111,metric_tonnes,india_petroleum_consumption.csv,222,VALID
product-1fe5626b86832387d536,LDO,LDO,1998-99,1998,1998,9,SEP,115,metric_tonnes,india_petroleum_consumption.csv,223,VALID
product-1fe5626b86832387d536,LDO,LDO,1998-99,1998,1998,10,OCT,103,metric_tonnes,india_petroleum_consumption.csv,224,VALID
product-1fe5626b86832387d536,LDO,LDO,1998-99,1998,1998,11,NOV,105,metric_tonnes,india_petroleum_consumption.csv,225,VALID
product-1fe5626b86832387d536,LDO,LDO,1998-99,1998,1998,12,DEC,114,metric_tonnes,india_petroleum_consumption.csv,226,VALID
product-1fe5626b86832387d536,LDO,LDO,1998-99,1998,1999,1,JAN,106,metric_tonnes,india_petroleum_consumption.csv,227,VALID
product-1fe5626b86832387d536,LDO,LDO,1998-99,1998,1999,2,FEB,106,metric_tonnes,india_petroleum_consumption.csv,228,VALID
product-1fe5626b86832387d536,LDO,LDO,1998-99,1998,1999,3,MAR,120,metric_tonnes,india_petroleum_consumption.csv,229,VALID
product-95702a7f9ab5e32d6bf4,Lubricants & Greases,Lubricants & Greases,1998-99,1998,1998,4,APR,56,metric_tonnes,india_petroleum_consumption.csv,230,VALID
product-95702a7f9ab5e32d6bf4,Lubricants & Greases,Lubricants & Greases,1998-99,1998,1998,5,MAY,78,metric_tonnes,india_petroleum_consumption.csv,231,VALID
product-95702a7f9ab5e32d6bf4,Lubricants & Greases,Lubricants & Greases,1998-99,1998,1998,6,JUN,93,metric_tonnes,india_petroleum_consumption.csv,232,VALID
product-95702a7f9ab5e32d6bf4,Lubricants & Greases,Lubricants & Greases,1998-99,1998,1998,7,JUL,77,metric_tonnes,india_petroleum_consumption.csv,233,VALID
product-95702a7f9ab5e32d6bf4,Lubricants & Greases,Lubricants & Greases,1998-99,1998,1998,8,AUG,88,metric_tonnes,india_petroleum_consumption.csv,234,VALID
product-95702a7f9ab5e32d6bf4,Lubricants & Greases,Lubricants & Greases,1998-99,1998,1998,9,SEP,83,metric_tonnes,india_petroleum_consumption.csv,235,VALID
product-95702a7f9ab5e32d6bf4,Lubricants & Greases,Lubricants & Greases,1998-99,1998,1998,10,OCT,89,metric_tonnes,india_petroleum_consumption.csv,236,VALID
product-95702a7f9ab5e32d6bf4,Lubricants & Greases,Lubricants & Greases,1998-99,1998,1998,11,NOV,94,metric_tonnes,india_petroleum_consumption.csv,237,VALID
product-95702a7f9ab5e32d6bf4,Lubricants & Greases,Lubricants & Greases,1998-99,1998,1998,12,DEC,86,metric_tonnes,india_petroleum_consumption.csv,238,VALID
product-95702a7f9ab5e32d6bf4,Lubricants & Greases,Lubricants & Greases,1998-99,1998,1999,1,JAN,100,metric_tonnes,india_petroleum_consumption.csv,239,VALID
product-95702a7f9ab5e32d6bf4,Lubricants & Greases,Lubricants & Greases,1998-99,1998,1999,2,FEB,101,metric_tonnes,india_petroleum_consumption.csv,240,VALID
product-95702a7f9ab5e32d6bf4,Lubricants & Greases,Lubricants & Greases,1998-99,1998,1999,3,MAR,149,metric_tonnes,india_petroleum_consumption.csv,241,VALID
product-795922ede07e28180caa,FO & LSHS,FO & LSHS,1998-99,1998,1998,4,APR,836,metric_tonnes,india_petroleum_consumption.csv,242,VALID
product-795922ede07e28180caa,FO & LSHS,FO & LSHS,1998-99,1998,1998,5,MAY,952,metric_tonnes,india_petroleum_consumption.csv,243,VALID
product-795922ede07e28180caa,FO & LSHS,FO & LSHS,1998-99,1998,1998,6,JUN,931,metric_tonnes,india_petroleum_consumption.csv,244,VALID
product-795922ede07e28180caa,FO & LSHS,FO & LSHS,1998-99,1998,1998,7,JUL,1090,metric_tonnes,india_petroleum_consumption.csv,245,VALID
product-795922ede07e28180caa,FO & LSHS,FO & LSHS,1998-99,1998,1998,8,AUG,1061,metric_tonnes,india_petroleum_consumption.csv,246,VALID
product-795922ede07e28180caa,FO & LSHS,FO & LSHS,1998-99,1998,1998,9,SEP,1159,metric_tonnes,india_petroleum_consumption.csv,247,VALID
product-795922ede07e28180caa,FO & LSHS,FO & LSHS,1998-99,1998,1998,10,OCT,1014,metric_tonnes,india_petroleum_consumption.csv,248,VALID
product-795922ede07e28180caa,FO & LSHS,FO & LSHS,1998-99,1998,1998,11,NOV,1146,metric_tonnes,india_petroleum_consumption.csv,249,VALID
product-795922ede07e28180caa,FO & LSHS,FO & LSHS,1998-99,1998,1998,12,DEC,1042,metric_tonnes,india_petroleum_consumption.csv,250,VALID
product-795922ede07e28180caa,FO & LSHS,FO & LSHS,1998-99,1998,1999,1,JAN,1069,metric_tonnes,india_petroleum_consumption.csv,251,VALID
product-795922ede07e28180caa,FO & LSHS,FO & LSHS,1998-99,1998,1999,2,FEB,1023,metric_tonnes,india_petroleum_consumption.csv,252,VALID
product-795922ede07e28180caa,FO & LSHS,FO & LSHS,1998-99,1998,1999,3,MAR,1188,metric_tonnes,india_petroleum_consumption.csv,253,VALID
product-790810d5c5602dbecaf2,Bitumen,Bitumen,1998-99,1998,1998,4,APR,230,metric_tonnes,india_petroleum_consumption.csv,254,VALID
product-790810d5c5602dbecaf2,Bitumen,Bitumen,1998-99,1998,1998,5,MAY,246,metric_tonnes,india_petroleum_consumption.csv,255,VALID
product-790810d5c5602dbecaf2,Bitumen,Bitumen,1998-99,1998,1998,6,JUN,208,metric_tonnes,india_petroleum_consumption.csv,256,VALID
product-790810d5c5602dbecaf2,Bitumen,Bitumen,1998-99,1998,1998,7,JUL,155,metric_tonnes,india_petroleum_consumption.csv,257,VALID
product-790810d5c5602dbecaf2,Bitumen,Bitumen,1998-99,1998,1998,8,AUG,98,metric_tonnes,india_petroleum_consumption.csv,258,VALID
product-790810d5c5602dbecaf2,Bitumen,Bitumen,1998-99,1998,1998,9,SEP,97,metric_tonnes,india_petroleum_consumption.csv,259,VALID
product-790810d5c5602dbecaf2,Bitumen,Bitumen,1998-99,1998,1998,10,OCT,162,metric_tonnes,india_petroleum_consumption.csv,260,VALID
product-790810d5c5602dbecaf2,Bitumen,Bitumen,1998-99,1998,1998,11,NOV,212,metric_tonnes,india_petroleum_consumption.csv,261,VALID
product-790810d5c5602dbecaf2,Bitumen,Bitumen,1998-99,1998,1998,12,DEC,228,metric_tonnes,india_petroleum_consumption.csv,262,VALID
product-790810d5c5602dbecaf2,Bitumen,Bitumen,1998-99,1998,1999,1,JAN,220,metric_tonnes,india_petroleum_consumption.csv,263,VALID
product-790810d5c5602dbecaf2,Bitumen,Bitumen,1998-99,1998,1999,2,FEB,227,metric_tonnes,india_petroleum_consumption.csv,264,VALID
product-790810d5c5602dbecaf2,Bitumen,Bitumen,1998-99,1998,1999,3,MAR,328,metric_tonnes,india_petroleum_consumption.csv,265,VALID
product-64fce74e71066b7ec4cf,Petroleum coke,Petroleum coke,1998-99,1998,1998,4,APR,15,metric_tonnes,india_petroleum_consumption.csv,266,VALID
product-64fce74e71066b7ec4cf,Petroleum coke,Petroleum coke,1998-99,1998,1998,5,MAY,26,metric_tonnes,india_petroleum_consumption.csv,267,VALID
product-64fce74e71066b7ec4cf,Petroleum coke,Petroleum coke,1998-99,1998,1998,6,JUN,31,metric_tonnes,india_petroleum_consumption.csv,268,VALID
product-64fce74e71066b7ec4cf,Petroleum coke,Petroleum coke,1998-99,1998,1998,7,JUL,19,metric_tonnes,india_petroleum_consumption.csv,269,VALID
product-64fce74e71066b7ec4cf,Petroleum coke,Petroleum coke,1998-99,1998,1998,8,AUG,39,metric_tonnes,india_petroleum_consumption.csv,270,VALID
product-64fce74e71066b7ec4cf,Petroleum coke,Petroleum coke,1998-99,1998,1998,9,SEP,23,metric_tonnes,india_petroleum_consumption.csv,271,VALID
product-64fce74e71066b7ec4cf,Petroleum coke,Petroleum coke,1998-99,1998,1998,10,OCT,53,metric_tonnes,india_petroleum_consumption.csv,272,VALID
product-64fce74e71066b7ec4cf,Petroleum coke,Petroleum coke,1998-99,1998,1998,11,NOV,40,metric_tonnes,india_petroleum_consumption.csv,273,VALID
product-64fce74e71066b7ec4cf,Petroleum coke,Petroleum coke,1998-99,1998,1998,12,DEC,43,metric_tonnes,india_petroleum_consumption.csv,274,VALID
product-64fce74e71066b7ec4cf,Petroleum coke,Petroleum coke,1998-99,1998,1999,1,JAN,19,metric_tonnes,india_petroleum_consumption.csv,275,VALID
product-64fce74e71066b7ec4cf,Petroleum coke,Petroleum coke,1998-99,1998,1999,2,FEB,27,metric_tonnes,india_petroleum_consumption.csv,276,VALID
product-64fce74e71066b7ec4cf,Petroleum coke,Petroleum coke,1998-99,1998,1999,3,MAR,26,metric_tonnes,india_petroleum_consumption.csv,277,VALID
product-896a0734e71eaafd55e7,Others,Others,1998-99,1998,1998,4,APR,122,metric_tonnes,india_petroleum_consumption.csv,278,VALID
product-896a0734e71eaafd55e7,Others,Others,1998-99,1998,1998,5,MAY,95,metric_tonnes,india_petroleum_consumption.csv,279,VALID
product-896a0734e71eaafd55e7,Others,Others,1998-99,1998,1998,6,JUN,94,metric_tonnes,india_petroleum_consumption.csv,280,VALID
product-896a0734e71eaafd55e7,Others,Others,1998-99,1998,1998,7,JUL,111,metric_tonnes,india_petroleum_consumption.csv,281,VALID
product-896a0734e71eaafd55e7,Others,Others,1998-99,1998,1998,8,AUG,90,metric_tonnes,india_petroleum_consumption.csv,282,VALID
product-896a0734e71eaafd55e7,Others,Others,1998-99,1998,1998,9,SEP,138,metric_tonnes,india_petroleum_consumption.csv,283,VALID
product-896a0734e71eaafd55e7,Others,Others,1998-99,1998,1998,10,OCT,89,metric_tonnes,india_petroleum_consumption.csv,284,VALID
product-896a0734e71eaafd55e7,Others,Others,1998-99,1998,1998,11,NOV,105,metric_tonnes,india_petroleum_consumption.csv,285,VALID
product-896a0734e71eaafd55e7,Others,Others,1998-99,1998,1998,12,DEC,103,metric_tonnes,india_petroleum_consumption.csv,286,VALID
product-896a0734e71eaafd55e7,Others,Others,1998-99,1998,1999,1,JAN,98,metric_tonnes,india_petroleum_consumption.csv,287,VALID
product-896a0734e71eaafd55e7,Others,Others,1998-99,1998,1999,2,FEB,92,metric_tonnes,india_petroleum_consumption.csv,288,VALID
product-896a0734e71eaafd55e7,Others,Others,1998-99,1998,1999,3,MAR,115,metric_tonnes,india_petroleum_consumption.csv,289,VALID
product-5575ab85b7b20e8c4793,LPG,LPG,1999-00,1999,1999,4,APR,445,metric_tonnes,india_petroleum_consumption.csv,290,VALID
product-5575ab85b7b20e8c4793,LPG,LPG,1999-00,1999,1999,5,MAY,458,metric_tonnes,india_petroleum_consumption.csv,291,VALID
product-5575ab85b7b20e8c4793,LPG,LPG,1999-00,1999,1999,6,JUN,461,metric_tonnes,india_petroleum_consumption.csv,292,VALID
product-5575ab85b7b20e8c4793,LPG,LPG,1999-00,1999,1999,7,JUL,500,metric_tonnes,india_petroleum_consumption.csv,293,VALID
product-5575ab85b7b20e8c4793,LPG,LPG,1999-00,1999,1999,8,AUG,496,metric_tonnes,india_petroleum_consumption.csv,294,VALID
product-5575ab85b7b20e8c4793,LPG,LPG,1999-00,1999,1999,9,SEP,509,metric_tonnes,india_petroleum_consumption.csv,295,VALID
product-5575ab85b7b20e8c4793,LPG,LPG,1999-00,1999,1999,10,OCT,539,metric_tonnes,india_petroleum_consumption.csv,296,VALID
product-5575ab85b7b20e8c4793,LPG,LPG,1999-00,1999,1999,11,NOV,535,metric_tonnes,india_petroleum_consumption.csv,297,VALID
product-5575ab85b7b20e8c4793,LPG,LPG,1999-00,1999,1999,12,DEC,590,metric_tonnes,india_petroleum_consumption.csv,298,VALID
product-5575ab85b7b20e8c4793,LPG,LPG,1999-00,1999,2000,1,JAN,595,metric_tonnes,india_petroleum_consumption.csv,299,VALID
product-5575ab85b7b20e8c4793,LPG,LPG,1999-00,1999,2000,2,FEB,654,metric_tonnes,india_petroleum_consumption.csv,300,VALID
product-5575ab85b7b20e8c4793,LPG,LPG,1999-00,1999,2000,3,MAR,640,metric_tonnes,india_petroleum_consumption.csv,301,VALID
product-352b4599428c13efa359,Naphtha,Naphtha,1999-00,1999,1999,4,APR,846,metric_tonnes,india_petroleum_consumption.csv,302,VALID
product-352b4599428c13efa359,Naphtha,Naphtha,1999-00,1999,1999,5,MAY,858,metric_tonnes,india_petroleum_consumption.csv,303,VALID
product-352b4599428c13efa359,Naphtha,Naphtha,1999-00,1999,1999,6,JUN,805,metric_tonnes,india_petroleum_consumption.csv,304,VALID
product-352b4599428c13efa359,Naphtha,Naphtha,1999-00,1999,1999,7,JUL,928,metric_tonnes,india_petroleum_consumption.csv,305,VALID
product-352b4599428c13efa359,Naphtha,Naphtha,1999-00,1999,1999,8,AUG,925,metric_tonnes,india_petroleum_consumption.csv,306,VALID
product-352b4599428c13efa359,Naphtha,Naphtha,1999-00,1999,1999,9,SEP,1002,metric_tonnes,india_petroleum_consumption.csv,307,VALID
product-352b4599428c13efa359,Naphtha,Naphtha,1999-00,1999,1999,10,OCT,1021,metric_tonnes,india_petroleum_consumption.csv,308,VALID
product-352b4599428c13efa359,Naphtha,Naphtha,1999-00,1999,1999,11,NOV,967,metric_tonnes,india_petroleum_consumption.csv,309,VALID
product-352b4599428c13efa359,Naphtha,Naphtha,1999-00,1999,1999,12,DEC,877,metric_tonnes,india_petroleum_consumption.csv,310,VALID
product-352b4599428c13efa359,Naphtha,Naphtha,1999-00,1999,2000,1,JAN,866,metric_tonnes,india_petroleum_consumption.csv,311,VALID
product-352b4599428c13efa359,Naphtha,Naphtha,1999-00,1999,2000,2,FEB,926,metric_tonnes,india_petroleum_consumption.csv,312,VALID
product-352b4599428c13efa359,Naphtha,Naphtha,1999-00,1999,2000,3,MAR,871,metric_tonnes,india_petroleum_consumption.csv,313,VALID
product-8d171ab9b604e34124ea,MS,MS,1999-00,1999,1999,4,APR,467,metric_tonnes,india_petroleum_consumption.csv,314,VALID
product-8d171ab9b604e34124ea,MS,MS,1999-00,1999,1999,5,MAY,491,metric_tonnes,india_petroleum_consumption.csv,315,VALID
product-8d171ab9b604e34124ea,MS,MS,1999-00,1999,1999,6,JUN,484,metric_tonnes,india_petroleum_consumption.csv,316,VALID
product-8d171ab9b604e34124ea,MS,MS,1999-00,1999,1999,7,JUL,486,metric_tonnes,india_petroleum_consumption.csv,317,VALID
product-8d171ab9b604e34124ea,MS,MS,1999-00,1999,1999,8,AUG,477,metric_tonnes,india_petroleum_consumption.csv,318,VALID
product-8d171ab9b604e34124ea,MS,MS,1999-00,1999,1999,9,SEP,474,metric_tonnes,india_petroleum_consumption.csv,319,VALID
product-8d171ab9b604e34124ea,MS,MS,1999-00,1999,1999,10,OCT,485,metric_tonnes,india_petroleum_consumption.csv,320,VALID
product-8d171ab9b604e34124ea,MS,MS,1999-00,1999,1999,11,NOV,494,metric_tonnes,india_petroleum_consumption.csv,321,VALID
product-8d171ab9b604e34124ea,MS,MS,1999-00,1999,1999,12,DEC,527,metric_tonnes,india_petroleum_consumption.csv,322,VALID
product-8d171ab9b604e34124ea,MS,MS,1999-00,1999,2000,1,JAN,478,metric_tonnes,india_petroleum_consumption.csv,323,VALID
product-8d171ab9b604e34124ea,MS,MS,1999-00,1999,2000,2,FEB,512,metric_tonnes,india_petroleum_consumption.csv,324,VALID
product-8d171ab9b604e34124ea,MS,MS,1999-00,1999,2000,3,MAR,533,metric_tonnes,india_petroleum_consumption.csv,325,VALID
product-198fc08108a024c9da45,ATF,ATF,1999-00,1999,1999,4,APR,199,metric_tonnes,india_petroleum_consumption.csv,326,VALID
product-198fc08108a024c9da45,ATF,ATF,1999-00,1999,1999,5,MAY,179,metric_tonnes,india_petroleum_consumption.csv,327,VALID
product-198fc08108a024c9da45,ATF,ATF,1999-00,1999,1999,6,JUN,169,metric_tonnes,india_petroleum_consumption.csv,328,VALID
product-198fc08108a024c9da45,ATF,ATF,1999-00,1999,1999,7,JUL,171,metric_tonnes,india_petroleum_consumption.csv,329,VALID
product-198fc08108a024c9da45,ATF,ATF,1999-00,1999,1999,8,AUG,172,metric_tonnes,india_petroleum_consumption.csv,330,VALID
product-198fc08108a024c9da45,ATF,ATF,1999-00,1999,1999,9,SEP,172,metric_tonnes,india_petroleum_consumption.csv,331,VALID
product-198fc08108a024c9da45,ATF,ATF,1999-00,1999,1999,10,OCT,178,metric_tonnes,india_petroleum_consumption.csv,332,VALID
product-198fc08108a024c9da45,ATF,ATF,1999-00,1999,1999,11,NOV,185,metric_tonnes,india_petroleum_consumption.csv,333,VALID
product-198fc08108a024c9da45,ATF,ATF,1999-00,1999,1999,12,DEC,187,metric_tonnes,india_petroleum_consumption.csv,334,VALID
product-198fc08108a024c9da45,ATF,ATF,1999-00,1999,2000,1,JAN,183,metric_tonnes,india_petroleum_consumption.csv,335,VALID
product-198fc08108a024c9da45,ATF,ATF,1999-00,1999,2000,2,FEB,199,metric_tonnes,india_petroleum_consumption.csv,336,VALID
product-198fc08108a024c9da45,ATF,ATF,1999-00,1999,2000,3,MAR,205,metric_tonnes,india_petroleum_consumption.csv,337,VALID
product-cdf634489bfbff660916,SKO,SKO,1999-00,1999,1999,4,APR,982,metric_tonnes,india_petroleum_consumption.csv,338,VALID
product-cdf634489bfbff660916,SKO,SKO,1999-00,1999,1999,5,MAY,1014,metric_tonnes,india_petroleum_consumption.csv,339,VALID
product-cdf634489bfbff660916,SKO,SKO,1999-00,1999,1999,6,JUN,1051,metric_tonnes,india_petroleum_consumption.csv,340,VALID
product-cdf634489bfbff660916,SKO,SKO,1999-00,1999,1999,7,JUL,973,metric_tonnes,india_petroleum_consumption.csv,341,VALID
product-cdf634489bfbff660916,SKO,SKO,1999-00,1999,1999,8,AUG,959,metric_tonnes,india_petroleum_consumption.csv,342,VALID
product-cdf634489bfbff660916,SKO,SKO,1999-00,1999,1999,9,SEP,982,metric_tonnes,india_petroleum_consumption.csv,343,VALID
product-cdf634489bfbff660916,SKO,SKO,1999-00,1999,1999,10,OCT,1009,metric_tonnes,india_petroleum_consumption.csv,344,VALID
product-cdf634489bfbff660916,SKO,SKO,1999-00,1999,1999,11,NOV,1030,metric_tonnes,india_petroleum_consumption.csv,345,VALID
product-cdf634489bfbff660916,SKO,SKO,1999-00,1999,1999,12,DEC,1009,metric_tonnes,india_petroleum_consumption.csv,346,VALID
product-cdf634489bfbff660916,SKO,SKO,1999-00,1999,2000,1,JAN,974,metric_tonnes,india_petroleum_consumption.csv,347,VALID
product-cdf634489bfbff660916,SKO,SKO,1999-00,1999,2000,2,FEB,956,metric_tonnes,india_petroleum_consumption.csv,348,VALID
product-cdf634489bfbff660916,SKO,SKO,1999-00,1999,2000,3,MAR,959,metric_tonnes,india_petroleum_consumption.csv,349,VALID
product-a81277714f19fd11a0e0,HSD,HSD,1999-00,1999,1999,4,APR,3538,metric_tonnes,india_petroleum_consumption.csv,350,VALID
product-a81277714f19fd11a0e0,HSD,HSD,1999-00,1999,1999,5,MAY,3470,metric_tonnes,india_petroleum_consumption.csv,351,VALID
product-a81277714f19fd11a0e0,HSD,HSD,1999-00,1999,1999,6,JUN,3445,metric_tonnes,india_petroleum_consumption.csv,352,VALID
product-a81277714f19fd11a0e0,HSD,HSD,1999-00,1999,1999,7,JUL,3265,metric_tonnes,india_petroleum_consumption.csv,353,VALID
product-a81277714f19fd11a0e0,HSD,HSD,1999-00,1999,1999,8,AUG,2936,metric_tonnes,india_petroleum_consumption.csv,354,VALID
product-a81277714f19fd11a0e0,HSD,HSD,1999-00,1999,1999,9,SEP,2991,metric_tonnes,india_petroleum_consumption.csv,355,VALID
product-a81277714f19fd11a0e0,HSD,HSD,1999-00,1999,1999,10,OCT,2956,metric_tonnes,india_petroleum_consumption.csv,356,VALID
product-a81277714f19fd11a0e0,HSD,HSD,1999-00,1999,1999,11,NOV,3420,metric_tonnes,india_petroleum_consumption.csv,357,VALID
product-a81277714f19fd11a0e0,HSD,HSD,1999-00,1999,1999,12,DEC,3547,metric_tonnes,india_petroleum_consumption.csv,358,VALID
product-a81277714f19fd11a0e0,HSD,HSD,1999-00,1999,2000,1,JAN,3157,metric_tonnes,india_petroleum_consumption.csv,359,VALID
product-a81277714f19fd11a0e0,HSD,HSD,1999-00,1999,2000,2,FEB,3182,metric_tonnes,india_petroleum_consumption.csv,360,VALID
product-a81277714f19fd11a0e0,HSD,HSD,1999-00,1999,2000,3,MAR,3388,metric_tonnes,india_petroleum_consumption.csv,361,VALID
product-1fe5626b86832387d536,LDO,LDO,1999-00,1999,1999,4,APR,109,metric_tonnes,india_petroleum_consumption.csv,362,VALID
product-1fe5626b86832387d536,LDO,LDO,1999-00,1999,1999,5,MAY,113,metric_tonnes,india_petroleum_consumption.csv,363,VALID
product-1fe5626b86832387d536,LDO,LDO,1999-00,1999,1999,6,JUN,115,metric_tonnes,india_petroleum_consumption.csv,364,VALID
product-1fe5626b86832387d536,LDO,LDO,1999-00,1999,1999,7,JUL,130,metric_tonnes,india_petroleum_consumption.csv,365,VALID
product-1fe5626b86832387d536,LDO,LDO,1999-00,1999,1999,8,AUG,125,metric_tonnes,india_petroleum_consumption.csv,366,VALID
product-1fe5626b86832387d536,LDO,LDO,1999-00,1999,1999,9,SEP,128,metric_tonnes,india_petroleum_consumption.csv,367,VALID
product-1fe5626b86832387d536,LDO,LDO,1999-00,1999,1999,10,OCT,135,metric_tonnes,india_petroleum_consumption.csv,368,VALID
product-1fe5626b86832387d536,LDO,LDO,1999-00,1999,1999,11,NOV,124,metric_tonnes,india_petroleum_consumption.csv,369,VALID
product-1fe5626b86832387d536,LDO,LDO,1999-00,1999,1999,12,DEC,150,metric_tonnes,india_petroleum_consumption.csv,370,VALID
product-1fe5626b86832387d536,LDO,LDO,1999-00,1999,2000,1,JAN,129,metric_tonnes,india_petroleum_consumption.csv,371,VALID
product-1fe5626b86832387d536,LDO,LDO,1999-00,1999,2000,2,FEB,125,metric_tonnes,india_petroleum_consumption.csv,372,VALID
product-1fe5626b86832387d536,LDO,LDO,1999-00,1999,2000,3,MAR,129,metric_tonnes,india_petroleum_consumption.csv,373,VALID
product-95702a7f9ab5e32d6bf4,Lubricants & Greases,Lubricants & Greases,1999-00,1999,1999,4,APR,81,metric_tonnes,india_petroleum_consumption.csv,374,VALID
product-95702a7f9ab5e32d6bf4,Lubricants & Greases,Lubricants & Greases,1999-00,1999,1999,5,MAY,90,metric_tonnes,india_petroleum_consumption.csv,375,VALID
product-95702a7f9ab5e32d6bf4,Lubricants & Greases,Lubricants & Greases,1999-00,1999,1999,6,JUN,84,metric_tonnes,india_petroleum_consumption.csv,376,VALID
product-95702a7f9ab5e32d6bf4,Lubricants & Greases,Lubricants & Greases,1999-00,1999,1999,7,JUL,104,metric_tonnes,india_petroleum_consumption.csv,377,VALID
product-95702a7f9ab5e32d6bf4,Lubricants & Greases,Lubricants & Greases,1999-00,1999,1999,8,AUG,97,metric_tonnes,india_petroleum_consumption.csv,378,VALID
product-95702a7f9ab5e32d6bf4,Lubricants & Greases,Lubricants & Greases,1999-00,1999,1999,9,SEP,92,metric_tonnes,india_petroleum_consumption.csv,379,VALID
product-95702a7f9ab5e32d6bf4,Lubricants & Greases,Lubricants & Greases,1999-00,1999,1999,10,OCT,131,metric_tonnes,india_petroleum_consumption.csv,380,VALID
product-95702a7f9ab5e32d6bf4,Lubricants & Greases,Lubricants & Greases,1999-00,1999,1999,11,NOV,94,metric_tonnes,india_petroleum_consumption.csv,381,VALID
product-95702a7f9ab5e32d6bf4,Lubricants & Greases,Lubricants & Greases,1999-00,1999,1999,12,DEC,138,metric_tonnes,india_petroleum_consumption.csv,382,VALID
product-95702a7f9ab5e32d6bf4,Lubricants & Greases,Lubricants & Greases,1999-00,1999,2000,1,JAN,100,metric_tonnes,india_petroleum_consumption.csv,383,VALID
product-95702a7f9ab5e32d6bf4,Lubricants & Greases,Lubricants & Greases,1999-00,1999,2000,2,FEB,112,metric_tonnes,india_petroleum_consumption.csv,384,VALID
product-95702a7f9ab5e32d6bf4,Lubricants & Greases,Lubricants & Greases,1999-00,1999,2000,3,MAR,121,metric_tonnes,india_petroleum_consumption.csv,385,VALID
product-795922ede07e28180caa,FO & LSHS,FO & LSHS,1999-00,1999,1999,4,APR,931,metric_tonnes,india_petroleum_consumption.csv,386,VALID
product-795922ede07e28180caa,FO & LSHS,FO & LSHS,1999-00,1999,1999,5,MAY,1001,metric_tonnes,india_petroleum_consumption.csv,387,VALID
product-795922ede07e28180caa,FO & LSHS,FO & LSHS,1999-00,1999,1999,6,JUN,1079,metric_tonnes,india_petroleum_consumption.csv,388,VALID
product-795922ede07e28180caa,FO & LSHS,FO & LSHS,1999-00,1999,1999,7,JUL,1154,metric_tonnes,india_petroleum_consumption.csv,389,VALID
product-795922ede07e28180caa,FO & LSHS,FO & LSHS,1999-00,1999,1999,8,AUG,1128,metric_tonnes,india_petroleum_consumption.csv,390,VALID
product-795922ede07e28180caa,FO & LSHS,FO & LSHS,1999-00,1999,1999,9,SEP,1094,metric_tonnes,india_petroleum_consumption.csv,391,VALID
product-795922ede07e28180caa,FO & LSHS,FO & LSHS,1999-00,1999,1999,10,OCT,1044,metric_tonnes,india_petroleum_consumption.csv,392,VALID
product-795922ede07e28180caa,FO & LSHS,FO & LSHS,1999-00,1999,1999,11,NOV,1017,metric_tonnes,india_petroleum_consumption.csv,393,VALID
product-795922ede07e28180caa,FO & LSHS,FO & LSHS,1999-00,1999,1999,12,DEC,1034,metric_tonnes,india_petroleum_consumption.csv,394,VALID
product-795922ede07e28180caa,FO & LSHS,FO & LSHS,1999-00,1999,2000,1,JAN,992,metric_tonnes,india_petroleum_consumption.csv,395,VALID
product-795922ede07e28180caa,FO & LSHS,FO & LSHS,1999-00,1999,2000,2,FEB,947,metric_tonnes,india_petroleum_consumption.csv,396,VALID
product-795922ede07e28180caa,FO & LSHS,FO & LSHS,1999-00,1999,2000,3,MAR,1032,metric_tonnes,india_petroleum_consumption.csv,397,VALID
product-790810d5c5602dbecaf2,Bitumen,Bitumen,1999-00,1999,1999,4,APR,280,metric_tonnes,india_petroleum_consumption.csv,398,VALID
product-790810d5c5602dbecaf2,Bitumen,Bitumen,1999-00,1999,1999,5,MAY,280,metric_tonnes,india_petroleum_consumption.csv,399,VALID
product-790810d5c5602dbecaf2,Bitumen,Bitumen,1999-00,1999,1999,6,JUN,225,metric_tonnes,india_petroleum_consumption.csv,400,VALID
product-790810d5c5602dbecaf2,Bitumen,Bitumen,1999-00,1999,1999,7,JUL,153,metric_tonnes,india_petroleum_consumption.csv,401,VALID
product-790810d5c5602dbecaf2,Bitumen,Bitumen,1999-00,1999,1999,8,AUG,152,metric_tonnes,india_petroleum_consumption.csv,402,VALID
product-790810d5c5602dbecaf2,Bitumen,Bitumen,1999-00,1999,1999,9,SEP,170,metric_tonnes,india_petroleum_consumption.csv,403,VALID
product-790810d5c5602dbecaf2,Bitumen,Bitumen,1999-00,1999,1999,10,OCT,154,metric_tonnes,india_petroleum_consumption.csv,404,VALID
product-790810d5c5602dbecaf2,Bitumen,Bitumen,1999-00,1999,1999,11,NOV,216,metric_tonnes,india_petroleum_consumption.csv,405,VALID
product-790810d5c5602dbecaf2,Bitumen,Bitumen,1999-00,1999,1999,12,DEC,301,metric_tonnes,india_petroleum_consumption.csv,406,VALID
product-790810d5c5602dbecaf2,Bitumen,Bitumen,1999-00,1999,2000,1,JAN,240,metric_tonnes,india_petroleum_consumption.csv,407,VALID
product-790810d5c5602dbecaf2,Bitumen,Bitumen,1999-00,1999,2000,2,FEB,305,metric_tonnes,india_petroleum_consumption.csv,408,VALID
product-790810d5c5602dbecaf2,Bitumen,Bitumen,1999-00,1999,2000,3,MAR,402,metric_tonnes,india_petroleum_consumption.csv,409,VALID
product-64fce74e71066b7ec4cf,Petroleum coke,Petroleum coke,1999-00,1999,1999,4,APR,16,metric_tonnes,india_petroleum_consumption.csv,410,VALID
product-64fce74e71066b7ec4cf,Petroleum coke,Petroleum coke,1999-00,1999,1999,5,MAY,31,metric_tonnes,india_petroleum_consumption.csv,411,VALID
product-64fce74e71066b7ec4cf,Petroleum coke,Petroleum coke,1999-00,1999,1999,6,JUN,29,metric_tonnes,india_petroleum_consumption.csv,412,VALID
product-64fce74e71066b7ec4cf,Petroleum coke,Petroleum coke,1999-00,1999,1999,7,JUL,21,metric_tonnes,india_petroleum_consumption.csv,413,VALID
product-64fce74e71066b7ec4cf,Petroleum coke,Petroleum coke,1999-00,1999,1999,8,AUG,33,metric_tonnes,india_petroleum_consumption.csv,414,VALID
product-64fce74e71066b7ec4cf,Petroleum coke,Petroleum coke,1999-00,1999,1999,9,SEP,29,metric_tonnes,india_petroleum_consumption.csv,415,VALID
product-64fce74e71066b7ec4cf,Petroleum coke,Petroleum coke,1999-00,1999,1999,10,OCT,27,metric_tonnes,india_petroleum_consumption.csv,416,VALID
product-64fce74e71066b7ec4cf,Petroleum coke,Petroleum coke,1999-00,1999,1999,11,NOV,24,metric_tonnes,india_petroleum_consumption.csv,417,VALID
product-64fce74e71066b7ec4cf,Petroleum coke,Petroleum coke,1999-00,1999,1999,12,DEC,35,metric_tonnes,india_petroleum_consumption.csv,418,VALID
product-64fce74e71066b7ec4cf,Petroleum coke,Petroleum coke,1999-00,1999,2000,1,JAN,21,metric_tonnes,india_petroleum_consumption.csv,419,VALID
product-64fce74e71066b7ec4cf,Petroleum coke,Petroleum coke,1999-00,1999,2000,2,FEB,32,metric_tonnes,india_petroleum_consumption.csv,420,VALID
product-64fce74e71066b7ec4cf,Petroleum coke,Petroleum coke,1999-00,1999,2000,3,MAR,32,metric_tonnes,india_petroleum_consumption.csv,421,VALID
product-896a0734e71eaafd55e7,Others,Others,1999-00,1999,1999,4,APR,99,metric_tonnes,india_petroleum_consumption.csv,422,VALID
product-896a0734e71eaafd55e7,Others,Others,1999-00,1999,1999,5,MAY,109,metric_tonnes,india_petroleum_consumption.csv,423,VALID
product-896a0734e71eaafd55e7,Others,Others,1999-00,1999,1999,6,JUN,103,metric_tonnes,india_petroleum_consumption.csv,424,VALID
product-896a0734e71eaafd55e7,Others,Others,1999-00,1999,1999,7,JUL,105,metric_tonnes,india_petroleum_consumption.csv,425,VALID
product-896a0734e71eaafd55e7,Others,Others,1999-00,1999,1999,8,AUG,115,metric_tonnes,india_petroleum_consumption.csv,426,VALID
product-896a0734e71eaafd55e7,Others,Others,1999-00,1999,1999,9,SEP,123,metric_tonnes,india_petroleum_consumption.csv,427,VALID
product-896a0734e71eaafd55e7,Others,Others,1999-00,1999,1999,10,OCT,153,metric_tonnes,india_petroleum_consumption.csv,428,VALID
product-896a0734e71eaafd55e7,Others,Others,1999-00,1999,1999,11,NOV,207,metric_tonnes,india_petroleum_consumption.csv,429,VALID
product-896a0734e71eaafd55e7,Others,Others,1999-00,1999,1999,12,DEC,267,metric_tonnes,india_petroleum_consumption.csv,430,VALID
product-896a0734e71eaafd55e7,Others,Others,1999-00,1999,2000,1,JAN,265,metric_tonnes,india_petroleum_consumption.csv,431,VALID
product-896a0734e71eaafd55e7,Others,Others,1999-00,1999,2000,2,FEB,261,metric_tonnes,india_petroleum_consumption.csv,432,VALID
product-896a0734e71eaafd55e7,Others,Others,1999-00,1999,2000,3,MAR,247,metric_tonnes,india_petroleum_consumption.csv,433,VALID
product-5575ab85b7b20e8c4793,LPG,LPG,2000-01,2000,2000,4,APR,508,metric_tonnes,india_petroleum_consumption.csv,434,VALID
product-5575ab85b7b20e8c4793,LPG,LPG,2000-01,2000,2000,5,MAY,539,metric_tonnes,india_petroleum_consumption.csv,435,VALID
product-5575ab85b7b20e8c4793,LPG,LPG,2000-01,2000,2000,6,JUN,534,metric_tonnes,india_petroleum_consumption.csv,436,VALID
product-5575ab85b7b20e8c4793,LPG,LPG,2000-01,2000,2000,7,JUL,554,metric_tonnes,india_petroleum_consumption.csv,437,VALID
product-5575ab85b7b20e8c4793,LPG,LPG,2000-01,2000,2000,8,AUG,596,metric_tonnes,india_petroleum_consumption.csv,438,VALID
product-5575ab85b7b20e8c4793,LPG,LPG,2000-01,2000,2000,9,SEP,613,metric_tonnes,india_petroleum_consumption.csv,439,VALID
product-5575ab85b7b20e8c4793,LPG,LPG,2000-01,2000,2000,10,OCT,551,metric_tonnes,india_petroleum_consumption.csv,440,VALID
product-5575ab85b7b20e8c4793,LPG,LPG,2000-01,2000,2000,11,NOV,575,metric_tonnes,india_petroleum_consumption.csv,441,VALID
product-5575ab85b7b20e8c4793,LPG,LPG,2000-01,2000,2000,12,DEC,645,metric_tonnes,india_petroleum_consumption.csv,442,VALID
product-5575ab85b7b20e8c4793,LPG,LPG,2000-01,2000,2001,1,JAN,661,metric_tonnes,india_petroleum_consumption.csv,443,VALID
product-5575ab85b7b20e8c4793,LPG,LPG,2000-01,2000,2001,2,FEB,595,metric_tonnes,india_petroleum_consumption.csv,444,VALID
product-5575ab85b7b20e8c4793,LPG,LPG,2000-01,2000,2001,3,MAR,644,metric_tonnes,india_petroleum_consumption.csv,445,VALID
product-352b4599428c13efa359,Naphtha,Naphtha,2000-01,2000,2000,4,APR,911,metric_tonnes,india_petroleum_consumption.csv,446,VALID
product-352b4599428c13efa359,Naphtha,Naphtha,2000-01,2000,2000,5,MAY,1027,metric_tonnes,india_petroleum_consumption.csv,447,VALID
product-352b4599428c13efa359,Naphtha,Naphtha,2000-01,2000,2000,6,JUN,817,metric_tonnes,india_petroleum_consumption.csv,448,VALID
product-352b4599428c13efa359,Naphtha,Naphtha,2000-01,2000,2000,7,JUL,1017,metric_tonnes,india_petroleum_consumption.csv,449,VALID
product-352b4599428c13efa359,Naphtha,Naphtha,2000-01,2000,2000,8,AUG,1097,metric_tonnes,india_petroleum_consumption.csv,450,VALID
product-352b4599428c13efa359,Naphtha,Naphtha,2000-01,2000,2000,9,SEP,1051,metric_tonnes,india_petroleum_consumption.csv,451,VALID
product-352b4599428c13efa359,Naphtha,Naphtha,2000-01,2000,2000,10,OCT,934,metric_tonnes,india_petroleum_consumption.csv,452,VALID
product-352b4599428c13efa359,Naphtha,Naphtha,2000-01,2000,2000,11,NOV,1036,metric_tonnes,india_petroleum_consumption.csv,453,VALID
product-352b4599428c13efa359,Naphtha,Naphtha,2000-01,2000,2000,12,DEC,984,metric_tonnes,india_petroleum_consumption.csv,454,VALID
product-352b4599428c13efa359,Naphtha,Naphtha,2000-01,2000,2001,1,JAN,1046,metric_tonnes,india_petroleum_consumption.csv,455,VALID
product-352b4599428c13efa359,Naphtha,Naphtha,2000-01,2000,2001,2,FEB,855,metric_tonnes,india_petroleum_consumption.csv,456,VALID
product-352b4599428c13efa359,Naphtha,Naphtha,2000-01,2000,2001,3,MAR,904,metric_tonnes,india_petroleum_consumption.csv,457,VALID
product-8d171ab9b604e34124ea,MS,MS,2000-01,2000,2000,4,APR,522,metric_tonnes,india_petroleum_consumption.csv,458,VALID
product-8d171ab9b604e34124ea,MS,MS,2000-01,2000,2000,5,MAY,554,metric_tonnes,india_petroleum_consumption.csv,459,VALID
product-8d171ab9b604e34124ea,MS,MS,2000-01,2000,2000,6,JUN,546,metric_tonnes,india_petroleum_consumption.csv,460,VALID
product-8d171ab9b604e34124ea,MS,MS,2000-01,2000,2000,7,JUL,538,metric_tonnes,india_petroleum_consumption.csv,461,VALID
product-8d171ab9b604e34124ea,MS,MS,2000-01,2000,2000,8,AUG,558,metric_tonnes,india_petroleum_consumption.csv,462,VALID
product-8d171ab9b604e34124ea,MS,MS,2000-01,2000,2000,9,SEP,578,metric_tonnes,india_petroleum_consumption.csv,463,VALID
product-8d171ab9b604e34124ea,MS,MS,2000-01,2000,2000,10,OCT,511,metric_tonnes,india_petroleum_consumption.csv,464,VALID
product-8d171ab9b604e34124ea,MS,MS,2000-01,2000,2000,11,NOV,548,metric_tonnes,india_petroleum_consumption.csv,465,VALID
product-8d171ab9b604e34124ea,MS,MS,2000-01,2000,2000,12,DEC,560,metric_tonnes,india_petroleum_consumption.csv,466,VALID
product-8d171ab9b604e34124ea,MS,MS,2000-01,2000,2001,1,JAN,555,metric_tonnes,india_petroleum_consumption.csv,467,VALID
product-8d171ab9b604e34124ea,MS,MS,2000-01,2000,2001,2,FEB,540,metric_tonnes,india_petroleum_consumption.csv,468,VALID
product-8d171ab9b604e34124ea,MS,MS,2000-01,2000,2001,3,MAR,603,metric_tonnes,india_petroleum_consumption.csv,469,VALID
product-198fc08108a024c9da45,ATF,ATF,2000-01,2000,2000,4,APR,191,metric_tonnes,india_petroleum_consumption.csv,470,VALID
product-198fc08108a024c9da45,ATF,ATF,2000-01,2000,2000,5,MAY,182,metric_tonnes,india_petroleum_consumption.csv,471,VALID
product-198fc08108a024c9da45,ATF,ATF,2000-01,2000,2000,6,JUN,173,metric_tonnes,india_petroleum_consumption.csv,472,VALID
product-198fc08108a024c9da45,ATF,ATF,2000-01,2000,2000,7,JUL,179,metric_tonnes,india_petroleum_consumption.csv,473,VALID
product-198fc08108a024c9da45,ATF,ATF,2000-01,2000,2000,8,AUG,174,metric_tonnes,india_petroleum_consumption.csv,474,VALID
product-198fc08108a024c9da45,ATF,ATF,2000-01,2000,2000,9,SEP,185,metric_tonnes,india_petroleum_consumption.csv,475,VALID
product-198fc08108a024c9da45,ATF,ATF,2000-01,2000,2000,10,OCT,187,metric_tonnes,india_petroleum_consumption.csv,476,VALID
product-198fc08108a024c9da45,ATF,ATF,2000-01,2000,2000,11,NOV,193,metric_tonnes,india_petroleum_consumption.csv,477,VALID
product-198fc08108a024c9da45,ATF,ATF,2000-01,2000,2000,12,DEC,186,metric_tonnes,india_petroleum_consumption.csv,478,VALID
product-198fc08108a024c9da45,ATF,ATF,2000-01,2000,2001,1,JAN,193,metric_tonnes,india_petroleum_consumption.csv,479,VALID
product-198fc08108a024c9da45,ATF,ATF,2000-01,2000,2001,2,FEB,201,metric_tonnes,india_petroleum_consumption.csv,480,VALID
product-198fc08108a024c9da45,ATF,ATF,2000-01,2000,2001,3,MAR,206,metric_tonnes,india_petroleum_consumption.csv,481,VALID
product-cdf634489bfbff660916,SKO,SKO,2000-01,2000,2000,4,APR,933,metric_tonnes,india_petroleum_consumption.csv,482,VALID
product-cdf634489bfbff660916,SKO,SKO,2000-01,2000,2000,5,MAY,975,metric_tonnes,india_petroleum_consumption.csv,483,VALID
product-cdf634489bfbff660916,SKO,SKO,2000-01,2000,2000,6,JUN,959,metric_tonnes,india_petroleum_consumption.csv,484,VALID
product-cdf634489bfbff660916,SKO,SKO,2000-01,2000,2000,7,JUL,984,metric_tonnes,india_petroleum_consumption.csv,485,VALID
product-cdf634489bfbff660916,SKO,SKO,2000-01,2000,2000,8,AUG,954,metric_tonnes,india_petroleum_consumption.csv,486,VALID
product-cdf634489bfbff660916,SKO,SKO,2000-01,2000,2000,9,SEP,948,metric_tonnes,india_petroleum_consumption.csv,487,VALID
product-cdf634489bfbff660916,SKO,SKO,2000-01,2000,2000,10,OCT,973,metric_tonnes,india_petroleum_consumption.csv,488,VALID
product-cdf634489bfbff660916,SKO,SKO,2000-01,2000,2000,11,NOV,893,metric_tonnes,india_petroleum_consumption.csv,489,VALID
product-cdf634489bfbff660916,SKO,SKO,2000-01,2000,2000,12,DEC,911,metric_tonnes,india_petroleum_consumption.csv,490,VALID
product-cdf634489bfbff660916,SKO,SKO,2000-01,2000,2001,1,JAN,946,metric_tonnes,india_petroleum_consumption.csv,491,VALID
product-cdf634489bfbff660916,SKO,SKO,2000-01,2000,2001,2,FEB,910,metric_tonnes,india_petroleum_consumption.csv,492,VALID
product-cdf634489bfbff660916,SKO,SKO,2000-01,2000,2001,3,MAR,922,metric_tonnes,india_petroleum_consumption.csv,493,VALID
product-a81277714f19fd11a0e0,HSD,HSD,2000-01,2000,2000,4,APR,3305,metric_tonnes,india_petroleum_consumption.csv,494,VALID
product-a81277714f19fd11a0e0,HSD,HSD,2000-01,2000,2000,5,MAY,3561,metric_tonnes,india_petroleum_consumption.csv,495,VALID
product-a81277714f19fd11a0e0,HSD,HSD,2000-01,2000,2000,6,JUN,3286,metric_tonnes,india_petroleum_consumption.csv,496,VALID
product-a81277714f19fd11a0e0,HSD,HSD,2000-01,2000,2000,7,JUL,3066,metric_tonnes,india_petroleum_consumption.csv,497,VALID
product-a81277714f19fd11a0e0,HSD,HSD,2000-01,2000,2000,8,AUG,2896,metric_tonnes,india_petroleum_consumption.csv,498,VALID
product-a81277714f19fd11a0e0,HSD,HSD,2000-01,2000,2000,9,SEP,3303,metric_tonnes,india_petroleum_consumption.csv,499,VALID
product-a81277714f19fd11a0e0,HSD,HSD,2000-01,2000,2000,10,OCT,2696,metric_tonnes,india_petroleum_consumption.csv,500,VALID
product-a81277714f19fd11a0e0,HSD,HSD,2000-01,2000,2000,11,NOV,3316,metric_tonnes,india_petroleum_consumption.csv,501,VALID
product-a81277714f19fd11a0e0,HSD,HSD,2000-01,2000,2000,12,DEC,3174,metric_tonnes,india_petroleum_consumption.csv,502,VALID
product-a81277714f19fd11a0e0,HSD,HSD,2000-01,2000,2001,1,JAN,3102,metric_tonnes,india_petroleum_consumption.csv,503,VALID
product-a81277714f19fd11a0e0,HSD,HSD,2000-01,2000,2001,2,FEB,2973,metric_tonnes,india_petroleum_consumption.csv,504,VALID
product-a81277714f19fd11a0e0,HSD,HSD,2000-01,2000,2001,3,MAR,3279,metric_tonnes,india_petroleum_consumption.csv,505,VALID
product-1fe5626b86832387d536,LDO,LDO,2000-01,2000,2000,4,APR,116,metric_tonnes,india_petroleum_consumption.csv,506,VALID
product-1fe5626b86832387d536,LDO,LDO,2000-01,2000,2000,5,MAY,132,metric_tonnes,india_petroleum_consumption.csv,507,VALID
product-1fe5626b86832387d536,LDO,LDO,2000-01,2000,2000,6,JUN,113,metric_tonnes,india_petroleum_consumption.csv,508,VALID
product-1fe5626b86832387d536,LDO,LDO,2000-01,2000,2000,7,JUL,118,metric_tonnes,india_petroleum_consumption.csv,509,VALID
product-1fe5626b86832387d536,LDO,LDO,2000-01,2000,2000,8,AUG,127,metric_tonnes,india_petroleum_consumption.csv,510,VALID
product-1fe5626b86832387d536,LDO,LDO,2000-01,2000,2000,9,SEP,137,metric_tonnes,india_petroleum_consumption.csv,511,VALID
product-1fe5626b86832387d536,LDO,LDO,2000-01,2000,2000,10,OCT,104,metric_tonnes,india_petroleum_consumption.csv,512,VALID
product-1fe5626b86832387d536,LDO,LDO,2000-01,2000,2000,11,NOV,117,metric_tonnes,india_petroleum_consumption.csv,513,VALID
product-1fe5626b86832387d536,LDO,LDO,2000-01,2000,2000,12,DEC,114,metric_tonnes,india_petroleum_consumption.csv,514,VALID
product-1fe5626b86832387d536,LDO,LDO,2000-01,2000,2001,1,JAN,112,metric_tonnes,india_petroleum_consumption.csv,515,VALID
product-1fe5626b86832387d536,LDO,LDO,2000-01,2000,2001,2,FEB,104,metric_tonnes,india_petroleum_consumption.csv,516,VALID
product-1fe5626b86832387d536,LDO,LDO,2000-01,2000,2001,3,MAR,106,metric_tonnes,india_petroleum_consumption.csv,517,VALID
product-95702a7f9ab5e32d6bf4,Lubricants & Greases,Lubricants & Greases,2000-01,2000,2000,4,APR,56,metric_tonnes,india_petroleum_consumption.csv,518,VALID
product-95702a7f9ab5e32d6bf4,Lubricants & Greases,Lubricants & Greases,2000-01,2000,2000,5,MAY,68,metric_tonnes,india_petroleum_consumption.csv,519,VALID
product-95702a7f9ab5e32d6bf4,Lubricants & Greases,Lubricants & Greases,2000-01,2000,2000,6,JUN,66,metric_tonnes,india_petroleum_consumption.csv,520,VALID
product-95702a7f9ab5e32d6bf4,Lubricants & Greases,Lubricants & Greases,2000-01,2000,2000,7,JUL,72,metric_tonnes,india_petroleum_consumption.csv,521,VALID
product-95702a7f9ab5e32d6bf4,Lubricants & Greases,Lubricants & Greases,2000-01,2000,2000,8,AUG,69,metric_tonnes,india_petroleum_consumption.csv,522,VALID
product-95702a7f9ab5e32d6bf4,Lubricants & Greases,Lubricants & Greases,2000-01,2000,2000,9,SEP,107,metric_tonnes,india_petroleum_consumption.csv,523,VALID
product-95702a7f9ab5e32d6bf4,Lubricants & Greases,Lubricants & Greases,2000-01,2000,2000,10,OCT,95,metric_tonnes,india_petroleum_consumption.csv,524,VALID
product-95702a7f9ab5e32d6bf4,Lubricants & Greases,Lubricants & Greases,2000-01,2000,2000,11,NOV,73,metric_tonnes,india_petroleum_consumption.csv,525,VALID
product-95702a7f9ab5e32d6bf4,Lubricants & Greases,Lubricants & Greases,2000-01,2000,2000,12,DEC,99,metric_tonnes,india_petroleum_consumption.csv,526,VALID
product-95702a7f9ab5e32d6bf4,Lubricants & Greases,Lubricants & Greases,2000-01,2000,2001,1,JAN,87,metric_tonnes,india_petroleum_consumption.csv,527,VALID
product-95702a7f9ab5e32d6bf4,Lubricants & Greases,Lubricants & Greases,2000-01,2000,2001,2,FEB,94,metric_tonnes,india_petroleum_consumption.csv,528,VALID
product-95702a7f9ab5e32d6bf4,Lubricants & Greases,Lubricants & Greases,2000-01,2000,2001,3,MAR,159,metric_tonnes,india_petroleum_consumption.csv,529,VALID
product-795922ede07e28180caa,FO & LSHS,FO & LSHS,2000-01,2000,2000,4,APR,926,metric_tonnes,india_petroleum_consumption.csv,530,VALID
product-795922ede07e28180caa,FO & LSHS,FO & LSHS,2000-01,2000,2000,5,MAY,1037,metric_tonnes,india_petroleum_consumption.csv,531,VALID
product-795922ede07e28180caa,FO & LSHS,FO & LSHS,2000-01,2000,2000,6,JUN,1002,metric_tonnes,india_petroleum_consumption.csv,532,VALID
product-795922ede07e28180caa,FO & LSHS,FO & LSHS,2000-01,2000,2000,7,JUL,1001,metric_tonnes,india_petroleum_consumption.csv,533,VALID
product-795922ede07e28180caa,FO & LSHS,FO & LSHS,2000-01,2000,2000,8,AUG,1246,metric_tonnes,india_petroleum_consumption.csv,534,VALID
product-795922ede07e28180caa,FO & LSHS,FO & LSHS,2000-01,2000,2000,9,SEP,1157,metric_tonnes,india_petroleum_consumption.csv,535,VALID
product-795922ede07e28180caa,FO & LSHS,FO & LSHS,2000-01,2000,2000,10,OCT,1028,metric_tonnes,india_petroleum_consumption.csv,536,VALID
product-795922ede07e28180caa,FO & LSHS,FO & LSHS,2000-01,2000,2000,11,NOV,943,metric_tonnes,india_petroleum_consumption.csv,537,VALID
product-795922ede07e28180caa,FO & LSHS,FO & LSHS,2000-01,2000,2000,12,DEC,1030,metric_tonnes,india_petroleum_consumption.csv,538,VALID
product-795922ede07e28180caa,FO & LSHS,FO & LSHS,2000-01,2000,2001,1,JAN,1219,metric_tonnes,india_petroleum_consumption.csv,539,VALID
product-795922ede07e28180caa,FO & LSHS,FO & LSHS,2000-01,2000,2001,2,FEB,932,metric_tonnes,india_petroleum_consumption.csv,540,VALID
product-795922ede07e28180caa,FO & LSHS,FO & LSHS,2000-01,2000,2001,3,MAR,1132,metric_tonnes,india_petroleum_consumption.csv,541,VALID
product-790810d5c5602dbecaf2,Bitumen,Bitumen,2000-01,2000,2000,4,APR,275,metric_tonnes,india_petroleum_consumption.csv,542,VALID
product-790810d5c5602dbecaf2,Bitumen,Bitumen,2000-01,2000,2000,5,MAY,287,metric_tonnes,india_petroleum_consumption.csv,543,VALID
product-790810d5c5602dbecaf2,Bitumen,Bitumen,2000-01,2000,2000,6,JUN,225,metric_tonnes,india_petroleum_consumption.csv,544,VALID
product-790810d5c5602dbecaf2,Bitumen,Bitumen,2000-01,2000,2000,7,JUL,148,metric_tonnes,india_petroleum_consumption.csv,545,VALID
product-790810d5c5602dbecaf2,Bitumen,Bitumen,2000-01,2000,2000,8,AUG,130,metric_tonnes,india_petroleum_consumption.csv,546,VALID
product-790810d5c5602dbecaf2,Bitumen,Bitumen,2000-01,2000,2000,9,SEP,145,metric_tonnes,india_petroleum_consumption.csv,547,VALID
product-790810d5c5602dbecaf2,Bitumen,Bitumen,2000-01,2000,2000,10,OCT,159,metric_tonnes,india_petroleum_consumption.csv,548,VALID
product-790810d5c5602dbecaf2,Bitumen,Bitumen,2000-01,2000,2000,11,NOV,231,metric_tonnes,india_petroleum_consumption.csv,549,VALID
product-790810d5c5602dbecaf2,Bitumen,Bitumen,2000-01,2000,2000,12,DEC,260,metric_tonnes,india_petroleum_consumption.csv,550,VALID
product-790810d5c5602dbecaf2,Bitumen,Bitumen,2000-01,2000,2001,1,JAN,230,metric_tonnes,india_petroleum_consumption.csv,551,VALID
product-790810d5c5602dbecaf2,Bitumen,Bitumen,2000-01,2000,2001,2,FEB,243,metric_tonnes,india_petroleum_consumption.csv,552,VALID
product-790810d5c5602dbecaf2,Bitumen,Bitumen,2000-01,2000,2001,3,MAR,381,metric_tonnes,india_petroleum_consumption.csv,553,VALID
product-64fce74e71066b7ec4cf,Petroleum coke,Petroleum coke,2000-01,2000,2000,4,APR,34,metric_tonnes,india_petroleum_consumption.csv,554,VALID
product-64fce74e71066b7ec4cf,Petroleum coke,Petroleum coke,2000-01,2000,2000,5,MAY,53,metric_tonnes,india_petroleum_consumption.csv,555,VALID
product-64fce74e71066b7ec4cf,Petroleum coke,Petroleum coke,2000-01,2000,2000,6,JUN,62,metric_tonnes,india_petroleum_consumption.csv,556,VALID
product-64fce74e71066b7ec4cf,Petroleum coke,Petroleum coke,2000-01,2000,2000,7,JUL,21,metric_tonnes,india_petroleum_consumption.csv,557,VALID
product-64fce74e71066b7ec4cf,Petroleum coke,Petroleum coke,2000-01,2000,2000,8,AUG,25,metric_tonnes,india_petroleum_consumption.csv,558,VALID
product-64fce74e71066b7ec4cf,Petroleum coke,Petroleum coke,2000-01,2000,2000,9,SEP,32,metric_tonnes,india_petroleum_consumption.csv,559,VALID
product-64fce74e71066b7ec4cf,Petroleum coke,Petroleum coke,2000-01,2000,2000,10,OCT,17,metric_tonnes,india_petroleum_consumption.csv,560,VALID
product-64fce74e71066b7ec4cf,Petroleum coke,Petroleum coke,2000-01,2000,2000,11,NOV,26,metric_tonnes,india_petroleum_consumption.csv,561,VALID
product-64fce74e71066b7ec4cf,Petroleum coke,Petroleum coke,2000-01,2000,2000,12,DEC,28,metric_tonnes,india_petroleum_consumption.csv,562,VALID
product-64fce74e71066b7ec4cf,Petroleum coke,Petroleum coke,2000-01,2000,2001,1,JAN,53,metric_tonnes,india_petroleum_consumption.csv,563,VALID
product-64fce74e71066b7ec4cf,Petroleum coke,Petroleum coke,2000-01,2000,2001,2,FEB,39,metric_tonnes,india_petroleum_consumption.csv,564,VALID
product-64fce74e71066b7ec4cf,Petroleum coke,Petroleum coke,2000-01,2000,2001,3,MAR,55,metric_tonnes,india_petroleum_consumption.csv,565,VALID
product-896a0734e71eaafd55e7,Others,Others,2000-01,2000,2000,4,APR,446,metric_tonnes,india_petroleum_consumption.csv,566,VALID
product-896a0734e71eaafd55e7,Others,Others,2000-01,2000,2000,5,MAY,432,metric_tonnes,india_petroleum_consumption.csv,567,VALID
product-896a0734e71eaafd55e7,Others,Others,2000-01,2000,2000,6,JUN,399,metric_tonnes,india_petroleum_consumption.csv,568,VALID
product-896a0734e71eaafd55e7,Others,Others,2000-01,2000,2000,7,JUL,439,metric_tonnes,india_petroleum_consumption.csv,569,VALID
product-896a0734e71eaafd55e7,Others,Others,2000-01,2000,2000,8,AUG,431,metric_tonnes,india_petroleum_consumption.csv,570,VALID
product-896a0734e71eaafd55e7,Others,Others,2000-01,2000,2000,9,SEP,441,metric_tonnes,india_petroleum_consumption.csv,571,VALID
product-896a0734e71eaafd55e7,Others,Others,2000-01,2000,2000,10,OCT,396,metric_tonnes,india_petroleum_consumption.csv,572,VALID
product-896a0734e71eaafd55e7,Others,Others,2000-01,2000,2000,11,NOV,420,metric_tonnes,india_petroleum_consumption.csv,573,VALID
product-896a0734e71eaafd55e7,Others,Others,2000-01,2000,2000,12,DEC,448,metric_tonnes,india_petroleum_consumption.csv,574,VALID
product-896a0734e71eaafd55e7,Others,Others,2000-01,2000,2001,1,JAN,330,metric_tonnes,india_petroleum_consumption.csv,575,VALID
product-896a0734e71eaafd55e7,Others,Others,2000-01,2000,2001,2,FEB,344,metric_tonnes,india_petroleum_consumption.csv,576,VALID
product-896a0734e71eaafd55e7,Others,Others,2000-01,2000,2001,3,MAR,468,metric_tonnes,india_petroleum_consumption.csv,577,VALID
product-5575ab85b7b20e8c4793,LPG,LPG,2001-02,2001,2001,4,APR,551,metric_tonnes,india_petroleum_consumption.csv,578,VALID
product-5575ab85b7b20e8c4793,LPG,LPG,2001-02,2001,2001,5,MAY,597,metric_tonnes,india_petroleum_consumption.csv,579,VALID
product-5575ab85b7b20e8c4793,LPG,LPG,2001-02,2001,2001,6,JUN,600,metric_tonnes,india_petroleum_consumption.csv,580,VALID
product-5575ab85b7b20e8c4793,LPG,LPG,2001-02,2001,2001,7,JUL,622,metric_tonnes,india_petroleum_consumption.csv,581,VALID
product-5575ab85b7b20e8c4793,LPG,LPG,2001-02,2001,2001,8,AUG,639,metric_tonnes,india_petroleum_consumption.csv,582,VALID
product-5575ab85b7b20e8c4793,LPG,LPG,2001-02,2001,2001,9,SEP,648,metric_tonnes,india_petroleum_consumption.csv,583,VALID
product-5575ab85b7b20e8c4793,LPG,LPG,2001-02,2001,2001,10,OCT,652,metric_tonnes,india_petroleum_consumption.csv,584,VALID
product-5575ab85b7b20e8c4793,LPG,LPG,2001-02,2001,2001,11,NOV,656,metric_tonnes,india_petroleum_consumption.csv,585,VALID
product-5575ab85b7b20e8c4793,LPG,LPG,2001-02,2001,2001,12,DEC,703,metric_tonnes,india_petroleum_consumption.csv,586,VALID
product-5575ab85b7b20e8c4793,LPG,LPG,2001-02,2001,2002,1,JAN,743,metric_tonnes,india_petroleum_consumption.csv,587,VALID
product-5575ab85b7b20e8c4793,LPG,LPG,2001-02,2001,2002,2,FEB,668,metric_tonnes,india_petroleum_consumption.csv,588,VALID
product-5575ab85b7b20e8c4793,LPG,LPG,2001-02,2001,2002,3,MAR,649,metric_tonnes,india_petroleum_consumption.csv,589,VALID
product-352b4599428c13efa359,Naphtha,Naphtha,2001-02,2001,2001,4,APR,987,metric_tonnes,india_petroleum_consumption.csv,590,VALID
product-352b4599428c13efa359,Naphtha,Naphtha,2001-02,2001,2001,5,MAY,1038,metric_tonnes,india_petroleum_consumption.csv,591,VALID
product-352b4599428c13efa359,Naphtha,Naphtha,2001-02,2001,2001,6,JUN,1006,metric_tonnes,india_petroleum_consumption.csv,592,VALID
product-352b4599428c13efa359,Naphtha,Naphtha,2001-02,2001,2001,7,JUL,871,metric_tonnes,india_petroleum_consumption.csv,593,VALID
product-352b4599428c13efa359,Naphtha,Naphtha,2001-02,2001,2001,8,AUG,1051,metric_tonnes,india_petroleum_consumption.csv,594,VALID
product-352b4599428c13efa359,Naphtha,Naphtha,2001-02,2001,2001,9,SEP,1170,metric_tonnes,india_petroleum_consumption.csv,595,VALID
product-352b4599428c13efa359,Naphtha,Naphtha,2001-02,2001,2001,10,OCT,922,metric_tonnes,india_petroleum_consumption.csv,596,VALID
product-352b4599428c13efa359,Naphtha,Naphtha,2001-02,2001,2001,11,NOV,956,metric_tonnes,india_petroleum_consumption.csv,597,VALID
product-352b4599428c13efa359,Naphtha,Naphtha,2001-02,2001,2001,12,DEC,1007,metric_tonnes,india_petroleum_consumption.csv,598,VALID
product-352b4599428c13efa359,Naphtha,Naphtha,2001-02,2001,2002,1,JAN,972,metric_tonnes,india_petroleum_consumption.csv,599,VALID
product-352b4599428c13efa359,Naphtha,Naphtha,2001-02,2001,2002,2,FEB,895,metric_tonnes,india_petroleum_consumption.csv,600,VALID
product-352b4599428c13efa359,Naphtha,Naphtha,2001-02,2001,2002,3,MAR,880,metric_tonnes,india_petroleum_consumption.csv,601,VALID
product-8d171ab9b604e34124ea,MS,MS,2001-02,2001,2001,4,APR,553,metric_tonnes,india_petroleum_consumption.csv,602,VALID
product-8d171ab9b604e34124ea,MS,MS,2001-02,2001,2001,5,MAY,623,metric_tonnes,india_petroleum_consumption.csv,603,VALID
product-8d171ab9b604e34124ea,MS,MS,2001-02,2001,2001,6,JUN,586,metric_tonnes,india_petroleum_consumption.csv,604,VALID
product-8d171ab9b604e34124ea,MS,MS,2001-02,2001,2001,7,JUL,562,metric_tonnes,india_petroleum_consumption.csv,605,VALID
product-8d171ab9b604e34124ea,MS,MS,2001-02,2001,2001,8,AUG,584,metric_tonnes,india_petroleum_consumption.csv,606,VALID
product-8d171ab9b604e34124ea,MS,MS,2001-02,2001,2001,9,SEP,566,metric_tonnes,india_petroleum_consumption.csv,607,VALID
product-8d171ab9b604e34124ea,MS,MS,2001-02,2001,2001,10,OCT,582,metric_tonnes,india_petroleum_consumption.csv,608,VALID
product-8d171ab9b604e34124ea,MS,MS,2001-02,2001,2001,11,NOV,588,metric_tonnes,india_petroleum_consumption.csv,609,VALID
product-8d171ab9b604e34124ea,MS,MS,2001-02,2001,2001,12,DEC,599,metric_tonnes,india_petroleum_consumption.csv,610,VALID
product-8d171ab9b604e34124ea,MS,MS,2001-02,2001,2002,1,JAN,581,metric_tonnes,india_petroleum_consumption.csv,611,VALID
product-8d171ab9b604e34124ea,MS,MS,2001-02,2001,2002,2,FEB,545,metric_tonnes,india_petroleum_consumption.csv,612,VALID
product-8d171ab9b604e34124ea,MS,MS,2001-02,2001,2002,3,MAR,643,metric_tonnes,india_petroleum_consumption.csv,613,VALID
product-198fc08108a024c9da45,ATF,ATF,2001-02,2001,2001,4,APR,189,metric_tonnes,india_petroleum_consumption.csv,614,VALID
product-198fc08108a024c9da45,ATF,ATF,2001-02,2001,2001,5,MAY,192,metric_tonnes,india_petroleum_consumption.csv,615,VALID
product-198fc08108a024c9da45,ATF,ATF,2001-02,2001,2001,6,JUN,182,metric_tonnes,india_petroleum_consumption.csv,616,VALID
product-198fc08108a024c9da45,ATF,ATF,2001-02,2001,2001,7,JUL,186,metric_tonnes,india_petroleum_consumption.csv,617,VALID
product-198fc08108a024c9da45,ATF,ATF,2001-02,2001,2001,8,AUG,189,metric_tonnes,india_petroleum_consumption.csv,618,VALID
product-198fc08108a024c9da45,ATF,ATF,2001-02,2001,2001,9,SEP,184,metric_tonnes,india_petroleum_consumption.csv,619,VALID
product-198fc08108a024c9da45,ATF,ATF,2001-02,2001,2001,10,OCT,179,metric_tonnes,india_petroleum_consumption.csv,620,VALID
product-198fc08108a024c9da45,ATF,ATF,2001-02,2001,2001,11,NOV,186,metric_tonnes,india_petroleum_consumption.csv,621,VALID
product-198fc08108a024c9da45,ATF,ATF,2001-02,2001,2001,12,DEC,191,metric_tonnes,india_petroleum_consumption.csv,622,VALID
product-198fc08108a024c9da45,ATF,ATF,2001-02,2001,2002,1,JAN,196,metric_tonnes,india_petroleum_consumption.csv,623,VALID
product-198fc08108a024c9da45,ATF,ATF,2001-02,2001,2002,2,FEB,183,metric_tonnes,india_petroleum_consumption.csv,624,VALID
product-198fc08108a024c9da45,ATF,ATF,2001-02,2001,2002,3,MAR,206,metric_tonnes,india_petroleum_consumption.csv,625,VALID
product-cdf634489bfbff660916,SKO,SKO,2001-02,2001,2001,4,APR,890,metric_tonnes,india_petroleum_consumption.csv,626,VALID
product-cdf634489bfbff660916,SKO,SKO,2001-02,2001,2001,5,MAY,858,metric_tonnes,india_petroleum_consumption.csv,627,VALID
product-cdf634489bfbff660916,SKO,SKO,2001-02,2001,2001,6,JUN,849,metric_tonnes,india_petroleum_consumption.csv,628,VALID
product-cdf634489bfbff660916,SKO,SKO,2001-02,2001,2001,7,JUL,853,metric_tonnes,india_petroleum_consumption.csv,629,VALID
product-cdf634489bfbff660916,SKO,SKO,2001-02,2001,2001,8,AUG,872,metric_tonnes,india_petroleum_consumption.csv,630,VALID
product-cdf634489bfbff660916,SKO,SKO,2001-02,2001,2001,9,SEP,848,metric_tonnes,india_petroleum_consumption.csv,631,VALID
product-cdf634489bfbff660916,SKO,SKO,2001-02,2001,2001,10,OCT,851,metric_tonnes,india_petroleum_consumption.csv,632,VALID
product-cdf634489bfbff660916,SKO,SKO,2001-02,2001,2001,11,NOV,859,metric_tonnes,india_petroleum_consumption.csv,633,VALID
product-cdf634489bfbff660916,SKO,SKO,2001-02,2001,2001,12,DEC,864,metric_tonnes,india_petroleum_consumption.csv,634,VALID
product-cdf634489bfbff660916,SKO,SKO,2001-02,2001,2002,1,JAN,898,metric_tonnes,india_petroleum_consumption.csv,635,VALID
product-cdf634489bfbff660916,SKO,SKO,2001-02,2001,2002,2,FEB,915,metric_tonnes,india_petroleum_consumption.csv,636,VALID
product-cdf634489bfbff660916,SKO,SKO,2001-02,2001,2002,3,MAR,876,metric_tonnes,india_petroleum_consumption.csv,637,VALID
product-a81277714f19fd11a0e0,HSD,HSD,2001-02,2001,2001,4,APR,3186,metric_tonnes,india_petroleum_consumption.csv,638,VALID
product-a81277714f19fd11a0e0,HSD,HSD,2001-02,2001,2001,5,MAY,3384,metric_tonnes,india_petroleum_consumption.csv,639,VALID
product-a81277714f19fd11a0e0,HSD,HSD,2001-02,2001,2001,6,JUN,3209,metric_tonnes,india_petroleum_consumption.csv,640,VALID
product-a81277714f19fd11a0e0,HSD,HSD,2001-02,2001,2001,7,JUL,2818,metric_tonnes,india_petroleum_consumption.csv,641,VALID
product-a81277714f19fd11a0e0,HSD,HSD,2001-02,2001,2001,8,AUG,2704,metric_tonnes,india_petroleum_consumption.csv,642,VALID
product-a81277714f19fd11a0e0,HSD,HSD,2001-02,2001,2001,9,SEP,2932,metric_tonnes,india_petroleum_consumption.csv,643,VALID
product-a81277714f19fd11a0e0,HSD,HSD,2001-02,2001,2001,10,OCT,3019,metric_tonnes,india_petroleum_consumption.csv,644,VALID
product-a81277714f19fd11a0e0,HSD,HSD,2001-02,2001,2001,11,NOV,3126,metric_tonnes,india_petroleum_consumption.csv,645,VALID
product-a81277714f19fd11a0e0,HSD,HSD,2001-02,2001,2001,12,DEC,3189,metric_tonnes,india_petroleum_consumption.csv,646,VALID
product-a81277714f19fd11a0e0,HSD,HSD,2001-02,2001,2002,1,JAN,3021,metric_tonnes,india_petroleum_consumption.csv,647,VALID
product-a81277714f19fd11a0e0,HSD,HSD,2001-02,2001,2002,2,FEB,2731,metric_tonnes,india_petroleum_consumption.csv,648,VALID
product-a81277714f19fd11a0e0,HSD,HSD,2001-02,2001,2002,3,MAR,3227,metric_tonnes,india_petroleum_consumption.csv,649,VALID
product-1fe5626b86832387d536,LDO,LDO,2001-02,2001,2001,4,APR,98,metric_tonnes,india_petroleum_consumption.csv,650,VALID
product-1fe5626b86832387d536,LDO,LDO,2001-02,2001,2001,5,MAY,103,metric_tonnes,india_petroleum_consumption.csv,651,VALID
product-1fe5626b86832387d536,LDO,LDO,2001-02,2001,2001,6,JUN,118,metric_tonnes,india_petroleum_consumption.csv,652,VALID
product-1fe5626b86832387d536,LDO,LDO,2001-02,2001,2001,7,JUL,113,metric_tonnes,india_petroleum_consumption.csv,653,VALID
product-1fe5626b86832387d536,LDO,LDO,2001-02,2001,2001,8,AUG,136,metric_tonnes,india_petroleum_consumption.csv,654,VALID
product-1fe5626b86832387d536,LDO,LDO,2001-02,2001,2001,9,SEP,126,metric_tonnes,india_petroleum_consumption.csv,655,VALID
product-1fe5626b86832387d536,LDO,LDO,2001-02,2001,2001,10,OCT,148,metric_tonnes,india_petroleum_consumption.csv,656,VALID
product-1fe5626b86832387d536,LDO,LDO,2001-02,2001,2001,11,NOV,132,metric_tonnes,india_petroleum_consumption.csv,657,VALID
product-1fe5626b86832387d536,LDO,LDO,2001-02,2001,2001,12,DEC,157,metric_tonnes,india_petroleum_consumption.csv,658,VALID
product-1fe5626b86832387d536,LDO,LDO,2001-02,2001,2002,1,JAN,145,metric_tonnes,india_petroleum_consumption.csv,659,VALID
product-1fe5626b86832387d536,LDO,LDO,2001-02,2001,2002,2,FEB,138,metric_tonnes,india_petroleum_consumption.csv,660,VALID
product-1fe5626b86832387d536,LDO,LDO,2001-02,2001,2002,3,MAR,178,metric_tonnes,india_petroleum_consumption.csv,661,VALID
product-95702a7f9ab5e32d6bf4,Lubricants & Greases,Lubricants & Greases,2001-02,2001,2001,4,APR,61,metric_tonnes,india_petroleum_consumption.csv,662,VALID
product-95702a7f9ab5e32d6bf4,Lubricants & Greases,Lubricants & Greases,2001-02,2001,2001,5,MAY,71,metric_tonnes,india_petroleum_consumption.csv,663,VALID
product-95702a7f9ab5e32d6bf4,Lubricants & Greases,Lubricants & Greases,2001-02,2001,2001,6,JUN,106,metric_tonnes,india_petroleum_consumption.csv,664,VALID
product-95702a7f9ab5e32d6bf4,Lubricants & Greases,Lubricants & Greases,2001-02,2001,2001,7,JUL,102,metric_tonnes,india_petroleum_consumption.csv,665,VALID
product-95702a7f9ab5e32d6bf4,Lubricants & Greases,Lubricants & Greases,2001-02,2001,2001,8,AUG,85,metric_tonnes,india_petroleum_consumption.csv,666,VALID
product-95702a7f9ab5e32d6bf4,Lubricants & Greases,Lubricants & Greases,2001-02,2001,2001,9,SEP,104,metric_tonnes,india_petroleum_consumption.csv,667,VALID
product-95702a7f9ab5e32d6bf4,Lubricants & Greases,Lubricants & Greases,2001-02,2001,2001,10,OCT,76,metric_tonnes,india_petroleum_consumption.csv,668,VALID
product-95702a7f9ab5e32d6bf4,Lubricants & Greases,Lubricants & Greases,2001-02,2001,2001,11,NOV,91,metric_tonnes,india_petroleum_consumption.csv,669,VALID
product-95702a7f9ab5e32d6bf4,Lubricants & Greases,Lubricants & Greases,2001-02,2001,2001,12,DEC,101,metric_tonnes,india_petroleum_consumption.csv,670,VALID
product-95702a7f9ab5e32d6bf4,Lubricants & Greases,Lubricants & Greases,2001-02,2001,2002,1,JAN,87,metric_tonnes,india_petroleum_consumption.csv,671,VALID
product-95702a7f9ab5e32d6bf4,Lubricants & Greases,Lubricants & Greases,2001-02,2001,2002,2,FEB,94,metric_tonnes,india_petroleum_consumption.csv,672,VALID
product-95702a7f9ab5e32d6bf4,Lubricants & Greases,Lubricants & Greases,2001-02,2001,2002,3,MAR,160,metric_tonnes,india_petroleum_consumption.csv,673,VALID
product-795922ede07e28180caa,FO & LSHS,FO & LSHS,2001-02,2001,2001,4,APR,986,metric_tonnes,india_petroleum_consumption.csv,674,VALID
product-795922ede07e28180caa,FO & LSHS,FO & LSHS,2001-02,2001,2001,5,MAY,1137,metric_tonnes,india_petroleum_consumption.csv,675,VALID
product-795922ede07e28180caa,FO & LSHS,FO & LSHS,2001-02,2001,2001,6,JUN,1127,metric_tonnes,india_petroleum_consumption.csv,676,VALID
product-795922ede07e28180caa,FO & LSHS,FO & LSHS,2001-02,2001,2001,7,JUL,1108,metric_tonnes,india_petroleum_consumption.csv,677,VALID
product-795922ede07e28180caa,FO & LSHS,FO & LSHS,2001-02,2001,2001,8,AUG,1164,metric_tonnes,india_petroleum_consumption.csv,678,VALID
product-795922ede07e28180caa,FO & LSHS,FO & LSHS,2001-02,2001,2001,9,SEP,1098,metric_tonnes,india_petroleum_consumption.csv,679,VALID
product-795922ede07e28180caa,FO & LSHS,FO & LSHS,2001-02,2001,2001,10,OCT,1011,metric_tonnes,india_petroleum_consumption.csv,680,VALID
product-795922ede07e28180caa,FO & LSHS,FO & LSHS,2001-02,2001,2001,11,NOV,1129,metric_tonnes,india_petroleum_consumption.csv,681,VALID
product-795922ede07e28180caa,FO & LSHS,FO & LSHS,2001-02,2001,2001,12,DEC,1080,metric_tonnes,india_petroleum_consumption.csv,682,VALID
product-795922ede07e28180caa,FO & LSHS,FO & LSHS,2001-02,2001,2002,1,JAN,1088,metric_tonnes,india_petroleum_consumption.csv,683,VALID
product-795922ede07e28180caa,FO & LSHS,FO & LSHS,2001-02,2001,2002,2,FEB,954,metric_tonnes,india_petroleum_consumption.csv,684,VALID
product-795922ede07e28180caa,FO & LSHS,FO & LSHS,2001-02,2001,2002,3,MAR,1100,metric_tonnes,india_petroleum_consumption.csv,685,VALID
product-790810d5c5602dbecaf2,Bitumen,Bitumen,2001-02,2001,2001,4,APR,259,metric_tonnes,india_petroleum_consumption.csv,686,VALID
product-790810d5c5602dbecaf2,Bitumen,Bitumen,2001-02,2001,2001,5,MAY,295,metric_tonnes,india_petroleum_consumption.csv,687,VALID
product-790810d5c5602dbecaf2,Bitumen,Bitumen,2001-02,2001,2001,6,JUN,199,metric_tonnes,india_petroleum_consumption.csv,688,VALID
product-790810d5c5602dbecaf2,Bitumen,Bitumen,2001-02,2001,2001,7,JUL,111,metric_tonnes,india_petroleum_consumption.csv,689,VALID
product-790810d5c5602dbecaf2,Bitumen,Bitumen,2001-02,2001,2001,8,AUG,96,metric_tonnes,india_petroleum_consumption.csv,690,VALID
product-790810d5c5602dbecaf2,Bitumen,Bitumen,2001-02,2001,2001,9,SEP,142,metric_tonnes,india_petroleum_consumption.csv,691,VALID
product-790810d5c5602dbecaf2,Bitumen,Bitumen,2001-02,2001,2001,10,OCT,178,metric_tonnes,india_petroleum_consumption.csv,692,VALID
product-790810d5c5602dbecaf2,Bitumen,Bitumen,2001-02,2001,2001,11,NOV,198,metric_tonnes,india_petroleum_consumption.csv,693,VALID
product-790810d5c5602dbecaf2,Bitumen,Bitumen,2001-02,2001,2001,12,DEC,236,metric_tonnes,india_petroleum_consumption.csv,694,VALID
product-790810d5c5602dbecaf2,Bitumen,Bitumen,2001-02,2001,2002,1,JAN,241,metric_tonnes,india_petroleum_consumption.csv,695,VALID
product-790810d5c5602dbecaf2,Bitumen,Bitumen,2001-02,2001,2002,2,FEB,264,metric_tonnes,india_petroleum_consumption.csv,696,VALID
product-790810d5c5602dbecaf2,Bitumen,Bitumen,2001-02,2001,2002,3,MAR,367,metric_tonnes,india_petroleum_consumption.csv,697,VALID
product-64fce74e71066b7ec4cf,Petroleum coke,Petroleum coke,2001-02,2001,2001,4,APR,144,metric_tonnes,india_petroleum_consumption.csv,698,VALID
product-64fce74e71066b7ec4cf,Petroleum coke,Petroleum coke,2001-02,2001,2001,5,MAY,151,metric_tonnes,india_petroleum_consumption.csv,699,VALID
product-64fce74e71066b7ec4cf,Petroleum coke,Petroleum coke,2001-02,2001,2001,6,JUN,158,metric_tonnes,india_petroleum_consumption.csv,700,VALID
product-64fce74e71066b7ec4cf,Petroleum coke,Petroleum coke,2001-02,2001,2001,7,JUL,147,metric_tonnes,india_petroleum_consumption.csv,701,VALID
product-64fce74e71066b7ec4cf,Petroleum coke,Petroleum coke,2001-02,2001,2001,8,AUG,133,metric_tonnes,india_petroleum_consumption.csv,702,VALID
product-64fce74e71066b7ec4cf,Petroleum coke,Petroleum coke,2001-02,2001,2001,9,SEP,152,metric_tonnes,india_petroleum_consumption.csv,703,VALID
product-64fce74e71066b7ec4cf,Petroleum coke,Petroleum coke,2001-02,2001,2001,10,OCT,160,metric_tonnes,india_petroleum_consumption.csv,704,VALID
product-64fce74e71066b7ec4cf,Petroleum coke,Petroleum coke,2001-02,2001,2001,11,NOV,156,metric_tonnes,india_petroleum_consumption.csv,705,VALID
product-64fce74e71066b7ec4cf,Petroleum coke,Petroleum coke,2001-02,2001,2001,12,DEC,153,metric_tonnes,india_petroleum_consumption.csv,706,VALID
product-64fce74e71066b7ec4cf,Petroleum coke,Petroleum coke,2001-02,2001,2002,1,JAN,149,metric_tonnes,india_petroleum_consumption.csv,707,VALID
product-64fce74e71066b7ec4cf,Petroleum coke,Petroleum coke,2001-02,2001,2002,2,FEB,143,metric_tonnes,india_petroleum_consumption.csv,708,VALID
product-64fce74e71066b7ec4cf,Petroleum coke,Petroleum coke,2001-02,2001,2002,3,MAR,151,metric_tonnes,india_petroleum_consumption.csv,709,VALID
product-896a0734e71eaafd55e7,Others,Others,2001-02,2001,2001,4,APR,367,metric_tonnes,india_petroleum_consumption.csv,710,VALID
product-896a0734e71eaafd55e7,Others,Others,2001-02,2001,2001,5,MAY,369,metric_tonnes,india_petroleum_consumption.csv,711,VALID
product-896a0734e71eaafd55e7,Others,Others,2001-02,2001,2001,6,JUN,383,metric_tonnes,india_petroleum_consumption.csv,712,VALID
product-896a0734e71eaafd55e7,Others,Others,2001-02,2001,2001,7,JUL,371,metric_tonnes,india_petroleum_consumption.csv,713,VALID
product-896a0734e71eaafd55e7,Others,Others,2001-02,2001,2001,8,AUG,433,metric_tonnes,india_petroleum_consumption.csv,714,VALID
product-896a0734e71eaafd55e7,Others,Others,2001-02,2001,2001,9,SEP,378,metric_tonnes,india_petroleum_consumption.csv,715,VALID
product-896a0734e71eaafd55e7,Others,Others,2001-02,2001,2001,10,OCT,425,metric_tonnes,india_petroleum_consumption.csv,716,VALID
product-896a0734e71eaafd55e7,Others,Others,2001-02,2001,2001,11,NOV,362,metric_tonnes,india_petroleum_consumption.csv,717,VALID
product-896a0734e71eaafd55e7,Others,Others,2001-02,2001,2001,12,DEC,378,metric_tonnes,india_petroleum_consumption.csv,718,VALID
product-896a0734e71eaafd55e7,Others,Others,2001-02,2001,2002,1,JAN,381,metric_tonnes,india_petroleum_consumption.csv,719,VALID
product-896a0734e71eaafd55e7,Others,Others,2001-02,2001,2002,2,FEB,375,metric_tonnes,india_petroleum_consumption.csv,720,VALID
product-896a0734e71eaafd55e7,Others,Others,2001-02,2001,2002,3,MAR,382,metric_tonnes,india_petroleum_consumption.csv,721,VALID
product-5575ab85b7b20e8c4793,LPG,LPG,2002-03,2002,2002,4,APR,612,metric_tonnes,india_petroleum_consumption.csv,722,VALID
product-5575ab85b7b20e8c4793,LPG,LPG,2002-03,2002,2002,5,MAY,630,metric_tonnes,india_petroleum_consumption.csv,723,VALID
product-5575ab85b7b20e8c4793,LPG,LPG,2002-03,2002,2002,6,JUN,613,metric_tonnes,india_petroleum_consumption.csv,724,VALID
product-5575ab85b7b20e8c4793,LPG,LPG,2002-03,2002,2002,7,JUL,661,metric_tonnes,india_petroleum_consumption.csv,725,VALID
product-5575ab85b7b20e8c4793,LPG,LPG,2002-03,2002,2002,8,AUG,701,metric_tonnes,india_petroleum_consumption.csv,726,VALID
product-5575ab85b7b20e8c4793,LPG,LPG,2002-03,2002,2002,9,SEP,671,metric_tonnes,india_petroleum_consumption.csv,727,VALID
product-5575ab85b7b20e8c4793,LPG,LPG,2002-03,2002,2002,10,OCT,733,metric_tonnes,india_petroleum_consumption.csv,728,VALID
product-5575ab85b7b20e8c4793,LPG,LPG,2002-03,2002,2002,11,NOV,714,metric_tonnes,india_petroleum_consumption.csv,729,VALID
product-5575ab85b7b20e8c4793,LPG,LPG,2002-03,2002,2002,12,DEC,727,metric_tonnes,india_petroleum_consumption.csv,730,VALID
product-5575ab85b7b20e8c4793,LPG,LPG,2002-03,2002,2003,1,JAN,803,metric_tonnes,india_petroleum_consumption.csv,731,VALID
product-5575ab85b7b20e8c4793,LPG,LPG,2002-03,2002,2003,2,FEB,755,metric_tonnes,india_petroleum_consumption.csv,732,VALID
product-5575ab85b7b20e8c4793,LPG,LPG,2002-03,2002,2003,3,MAR,731,metric_tonnes,india_petroleum_consumption.csv,733,VALID
product-352b4599428c13efa359,Naphtha,Naphtha,2002-03,2002,2002,4,APR,955,metric_tonnes,india_petroleum_consumption.csv,734,VALID
product-352b4599428c13efa359,Naphtha,Naphtha,2002-03,2002,2002,5,MAY,1053,metric_tonnes,india_petroleum_consumption.csv,735,VALID
product-352b4599428c13efa359,Naphtha,Naphtha,2002-03,2002,2002,6,JUN,867,metric_tonnes,india_petroleum_consumption.csv,736,VALID
product-352b4599428c13efa359,Naphtha,Naphtha,2002-03,2002,2002,7,JUL,1073,metric_tonnes,india_petroleum_consumption.csv,737,VALID
product-352b4599428c13efa359,Naphtha,Naphtha,2002-03,2002,2002,8,AUG,958,metric_tonnes,india_petroleum_consumption.csv,738,VALID
product-352b4599428c13efa359,Naphtha,Naphtha,2002-03,2002,2002,9,SEP,1061,metric_tonnes,india_petroleum_consumption.csv,739,VALID
product-352b4599428c13efa359,Naphtha,Naphtha,2002-03,2002,2002,10,OCT,976,metric_tonnes,india_petroleum_consumption.csv,740,VALID
product-352b4599428c13efa359,Naphtha,Naphtha,2002-03,2002,2002,11,NOV,1086,metric_tonnes,india_petroleum_consumption.csv,741,VALID
product-352b4599428c13efa359,Naphtha,Naphtha,2002-03,2002,2002,12,DEC,1066,metric_tonnes,india_petroleum_consumption.csv,742,VALID
product-352b4599428c13efa359,Naphtha,Naphtha,2002-03,2002,2003,1,JAN,1070,metric_tonnes,india_petroleum_consumption.csv,743,VALID
product-352b4599428c13efa359,Naphtha,Naphtha,2002-03,2002,2003,2,FEB,896,metric_tonnes,india_petroleum_consumption.csv,744,VALID
product-352b4599428c13efa359,Naphtha,Naphtha,2002-03,2002,2003,3,MAR,900,metric_tonnes,india_petroleum_consumption.csv,745,VALID
product-8d171ab9b604e34124ea,MS,MS,2002-03,2002,2002,4,APR,624,metric_tonnes,india_petroleum_consumption.csv,746,VALID
product-8d171ab9b604e34124ea,MS,MS,2002-03,2002,2002,5,MAY,709,metric_tonnes,india_petroleum_consumption.csv,747,VALID
product-8d171ab9b604e34124ea,MS,MS,2002-03,2002,2002,6,JUN,611,metric_tonnes,india_petroleum_consumption.csv,748,VALID
product-8d171ab9b604e34124ea,MS,MS,2002-03,2002,2002,7,JUL,640,metric_tonnes,india_petroleum_consumption.csv,749,VALID
product-8d171ab9b604e34124ea,MS,MS,2002-03,2002,2002,8,AUG,635,metric_tonnes,india_petroleum_consumption.csv,750,VALID
product-8d171ab9b604e34124ea,MS,MS,2002-03,2002,2002,9,SEP,608,metric_tonnes,india_petroleum_consumption.csv,751,VALID
product-8d171ab9b604e34124ea,MS,MS,2002-03,2002,2002,10,OCT,619,metric_tonnes,india_petroleum_consumption.csv,752,VALID
product-8d171ab9b604e34124ea,MS,MS,2002-03,2002,2002,11,NOV,606,metric_tonnes,india_petroleum_consumption.csv,753,VALID
product-8d171ab9b604e34124ea,MS,MS,2002-03,2002,2002,12,DEC,666,metric_tonnes,india_petroleum_consumption.csv,754,VALID
product-8d171ab9b604e34124ea,MS,MS,2002-03,2002,2003,1,JAN,613,metric_tonnes,india_petroleum_consumption.csv,755,VALID
product-8d171ab9b604e34124ea,MS,MS,2002-03,2002,2003,2,FEB,603,metric_tonnes,india_petroleum_consumption.csv,756,VALID
product-8d171ab9b604e34124ea,MS,MS,2002-03,2002,2003,3,MAR,637,metric_tonnes,india_petroleum_consumption.csv,757,VALID
product-198fc08108a024c9da45,ATF,ATF,2002-03,2002,2002,4,APR,192,metric_tonnes,india_petroleum_consumption.csv,758,VALID
product-198fc08108a024c9da45,ATF,ATF,2002-03,2002,2002,5,MAY,193,metric_tonnes,india_petroleum_consumption.csv,759,VALID
product-198fc08108a024c9da45,ATF,ATF,2002-03,2002,2002,6,JUN,172,metric_tonnes,india_petroleum_consumption.csv,760,VALID
product-198fc08108a024c9da45,ATF,ATF,2002-03,2002,2002,7,JUL,178,metric_tonnes,india_petroleum_consumption.csv,761,VALID
product-198fc08108a024c9da45,ATF,ATF,2002-03,2002,2002,8,AUG,183,metric_tonnes,india_petroleum_consumption.csv,762,VALID
product-198fc08108a024c9da45,ATF,ATF,2002-03,2002,2002,9,SEP,179,metric_tonnes,india_petroleum_consumption.csv,763,VALID
product-198fc08108a024c9da45,ATF,ATF,2002-03,2002,2002,10,OCT,189,metric_tonnes,india_petroleum_consumption.csv,764,VALID
product-198fc08108a024c9da45,ATF,ATF,2002-03,2002,2002,11,NOV,188,metric_tonnes,india_petroleum_consumption.csv,765,VALID
product-198fc08108a024c9da45,ATF,ATF,2002-03,2002,2002,12,DEC,201,metric_tonnes,india_petroleum_consumption.csv,766,VALID
product-198fc08108a024c9da45,ATF,ATF,2002-03,2002,2003,1,JAN,193,metric_tonnes,india_petroleum_consumption.csv,767,VALID
product-198fc08108a024c9da45,ATF,ATF,2002-03,2002,2003,2,FEB,193,metric_tonnes,india_petroleum_consumption.csv,768,VALID
product-198fc08108a024c9da45,ATF,ATF,2002-03,2002,2003,3,MAR,210,metric_tonnes,india_petroleum_consumption.csv,769,VALID
product-cdf634489bfbff660916,SKO,SKO,2002-03,2002,2002,4,APR,843,metric_tonnes,india_petroleum_consumption.csv,770,VALID
product-cdf634489bfbff660916,SKO,SKO,2002-03,2002,2002,5,MAY,822,metric_tonnes,india_petroleum_consumption.csv,771,VALID
product-cdf634489bfbff660916,SKO,SKO,2002-03,2002,2002,6,JUN,867,metric_tonnes,india_petroleum_consumption.csv,772,VALID
product-cdf634489bfbff660916,SKO,SKO,2002-03,2002,2002,7,JUL,886,metric_tonnes,india_petroleum_consumption.csv,773,VALID
product-cdf634489bfbff660916,SKO,SKO,2002-03,2002,2002,8,AUG,872,metric_tonnes,india_petroleum_consumption.csv,774,VALID
product-cdf634489bfbff660916,SKO,SKO,2002-03,2002,2002,9,SEP,883,metric_tonnes,india_petroleum_consumption.csv,775,VALID
product-cdf634489bfbff660916,SKO,SKO,2002-03,2002,2002,10,OCT,889,metric_tonnes,india_petroleum_consumption.csv,776,VALID
product-cdf634489bfbff660916,SKO,SKO,2002-03,2002,2002,11,NOV,905,metric_tonnes,india_petroleum_consumption.csv,777,VALID
product-cdf634489bfbff660916,SKO,SKO,2002-03,2002,2002,12,DEC,891,metric_tonnes,india_petroleum_consumption.csv,778,VALID
product-cdf634489bfbff660916,SKO,SKO,2002-03,2002,2003,1,JAN,867,metric_tonnes,india_petroleum_consumption.csv,779,VALID
product-cdf634489bfbff660916,SKO,SKO,2002-03,2002,2003,2,FEB,837,metric_tonnes,india_petroleum_consumption.csv,780,VALID
product-cdf634489bfbff660916,SKO,SKO,2002-03,2002,2003,3,MAR,843,metric_tonnes,india_petroleum_consumption.csv,781,VALID
product-a81277714f19fd11a0e0,HSD,HSD,2002-03,2002,2002,4,APR,3266,metric_tonnes,india_petroleum_consumption.csv,782,VALID
product-a81277714f19fd11a0e0,HSD,HSD,2002-03,2002,2002,5,MAY,3432,metric_tonnes,india_petroleum_consumption.csv,783,VALID
product-a81277714f19fd11a0e0,HSD,HSD,2002-03,2002,2002,6,JUN,3073,metric_tonnes,india_petroleum_consumption.csv,784,VALID
product-a81277714f19fd11a0e0,HSD,HSD,2002-03,2002,2002,7,JUL,3083,metric_tonnes,india_petroleum_consumption.csv,785,VALID
product-a81277714f19fd11a0e0,HSD,HSD,2002-03,2002,2002,8,AUG,2744,metric_tonnes,india_petroleum_consumption.csv,786,VALID
product-a81277714f19fd11a0e0,HSD,HSD,2002-03,2002,2002,9,SEP,2693,metric_tonnes,india_petroleum_consumption.csv,787,VALID
product-a81277714f19fd11a0e0,HSD,HSD,2002-03,2002,2002,10,OCT,3057,metric_tonnes,india_petroleum_consumption.csv,788,VALID
product-a81277714f19fd11a0e0,HSD,HSD,2002-03,2002,2002,11,NOV,3035,metric_tonnes,india_petroleum_consumption.csv,789,VALID
product-a81277714f19fd11a0e0,HSD,HSD,2002-03,2002,2002,12,DEC,3337,metric_tonnes,india_petroleum_consumption.csv,790,VALID
product-a81277714f19fd11a0e0,HSD,HSD,2002-03,2002,2003,1,JAN,2991,metric_tonnes,india_petroleum_consumption.csv,791,VALID
product-a81277714f19fd11a0e0,HSD,HSD,2002-03,2002,2003,2,FEB,2846,metric_tonnes,india_petroleum_consumption.csv,792,VALID
product-a81277714f19fd11a0e0,HSD,HSD,2002-03,2002,2003,3,MAR,3089,metric_tonnes,india_petroleum_consumption.csv,793,VALID
product-1fe5626b86832387d536,LDO,LDO,2002-03,2002,2002,4,APR,152,metric_tonnes,india_petroleum_consumption.csv,794,VALID
product-1fe5626b86832387d536,LDO,LDO,2002-03,2002,2002,5,MAY,170,metric_tonnes,india_petroleum_consumption.csv,795,VALID
product-1fe5626b86832387d536,LDO,LDO,2002-03,2002,2002,6,JUN,154,metric_tonnes,india_petroleum_consumption.csv,796,VALID
product-1fe5626b86832387d536,LDO,LDO,2002-03,2002,2002,7,JUL,179,metric_tonnes,india_petroleum_consumption.csv,797,VALID
product-1fe5626b86832387d536,LDO,LDO,2002-03,2002,2002,8,AUG,176,metric_tonnes,india_petroleum_consumption.csv,798,VALID
product-1fe5626b86832387d536,LDO,LDO,2002-03,2002,2002,9,SEP,172,metric_tonnes,india_petroleum_consumption.csv,799,VALID
product-1fe5626b86832387d536,LDO,LDO,2002-03,2002,2002,10,OCT,182,metric_tonnes,india_petroleum_consumption.csv,800,VALID
product-1fe5626b86832387d536,LDO,LDO,2002-03,2002,2002,11,NOV,171,metric_tonnes,india_petroleum_consumption.csv,801,VALID
product-1fe5626b86832387d536,LDO,LDO,2002-03,2002,2002,12,DEC,195,metric_tonnes,india_petroleum_consumption.csv,802,VALID
product-1fe5626b86832387d536,LDO,LDO,2002-03,2002,2003,1,JAN,186,metric_tonnes,india_petroleum_consumption.csv,803,VALID
product-1fe5626b86832387d536,LDO,LDO,2002-03,2002,2003,2,FEB,176,metric_tonnes,india_petroleum_consumption.csv,804,VALID
product-1fe5626b86832387d536,LDO,LDO,2002-03,2002,2003,3,MAR,151,metric_tonnes,india_petroleum_consumption.csv,805,VALID
product-95702a7f9ab5e32d6bf4,Lubricants & Greases,Lubricants & Greases,2002-03,2002,2002,4,APR,83,metric_tonnes,india_petroleum_consumption.csv,806,VALID
product-95702a7f9ab5e32d6bf4,Lubricants & Greases,Lubricants & Greases,2002-03,2002,2002,5,MAY,118,metric_tonnes,india_petroleum_consumption.csv,807,VALID
product-95702a7f9ab5e32d6bf4,Lubricants & Greases,Lubricants & Greases,2002-03,2002,2002,6,JUN,106,metric_tonnes,india_petroleum_consumption.csv,808,VALID
product-95702a7f9ab5e32d6bf4,Lubricants & Greases,Lubricants & Greases,2002-03,2002,2002,7,JUL,127,metric_tonnes,india_petroleum_consumption.csv,809,VALID
product-95702a7f9ab5e32d6bf4,Lubricants & Greases,Lubricants & Greases,2002-03,2002,2002,8,AUG,104,metric_tonnes,india_petroleum_consumption.csv,810,VALID
product-95702a7f9ab5e32d6bf4,Lubricants & Greases,Lubricants & Greases,2002-03,2002,2002,9,SEP,111,metric_tonnes,india_petroleum_consumption.csv,811,VALID
product-95702a7f9ab5e32d6bf4,Lubricants & Greases,Lubricants & Greases,2002-03,2002,2002,10,OCT,91,metric_tonnes,india_petroleum_consumption.csv,812,VALID
product-95702a7f9ab5e32d6bf4,Lubricants & Greases,Lubricants & Greases,2002-03,2002,2002,11,NOV,102,metric_tonnes,india_petroleum_consumption.csv,813,VALID
product-95702a7f9ab5e32d6bf4,Lubricants & Greases,Lubricants & Greases,2002-03,2002,2002,12,DEC,104,metric_tonnes,india_petroleum_consumption.csv,814,VALID
product-95702a7f9ab5e32d6bf4,Lubricants & Greases,Lubricants & Greases,2002-03,2002,2003,1,JAN,106,metric_tonnes,india_petroleum_consumption.csv,815,VALID
product-95702a7f9ab5e32d6bf4,Lubricants & Greases,Lubricants & Greases,2002-03,2002,2003,2,FEB,79,metric_tonnes,india_petroleum_consumption.csv,816,VALID
product-95702a7f9ab5e32d6bf4,Lubricants & Greases,Lubricants & Greases,2002-03,2002,2003,3,MAR,121,metric_tonnes,india_petroleum_consumption.csv,817,VALID
product-795922ede07e28180caa,FO & LSHS,FO & LSHS,2002-03,2002,2002,4,APR,1022,metric_tonnes,india_petroleum_consumption.csv,818,VALID
product-795922ede07e28180caa,FO & LSHS,FO & LSHS,2002-03,2002,2002,5,MAY,1266,metric_tonnes,india_petroleum_consumption.csv,819,VALID
product-795922ede07e28180caa,FO & LSHS,FO & LSHS,2002-03,2002,2002,6,JUN,992,metric_tonnes,india_petroleum_consumption.csv,820,VALID
product-795922ede07e28180caa,FO & LSHS,FO & LSHS,2002-03,2002,2002,7,JUL,1079,metric_tonnes,india_petroleum_consumption.csv,821,VALID
product-795922ede07e28180caa,FO & LSHS,FO & LSHS,2002-03,2002,2002,8,AUG,1125,metric_tonnes,india_petroleum_consumption.csv,822,VALID
product-795922ede07e28180caa,FO & LSHS,FO & LSHS,2002-03,2002,2002,9,SEP,1045,metric_tonnes,india_petroleum_consumption.csv,823,VALID
product-795922ede07e28180caa,FO & LSHS,FO & LSHS,2002-03,2002,2002,10,OCT,1049,metric_tonnes,india_petroleum_consumption.csv,824,VALID
product-795922ede07e28180caa,FO & LSHS,FO & LSHS,2002-03,2002,2002,11,NOV,1078,metric_tonnes,india_petroleum_consumption.csv,825,VALID
product-795922ede07e28180caa,FO & LSHS,FO & LSHS,2002-03,2002,2002,12,DEC,1170,metric_tonnes,india_petroleum_consumption.csv,826,VALID
product-795922ede07e28180caa,FO & LSHS,FO & LSHS,2002-03,2002,2003,1,JAN,1046,metric_tonnes,india_petroleum_consumption.csv,827,VALID
product-795922ede07e28180caa,FO & LSHS,FO & LSHS,2002-03,2002,2003,2,FEB,897,metric_tonnes,india_petroleum_consumption.csv,828,VALID
product-795922ede07e28180caa,FO & LSHS,FO & LSHS,2002-03,2002,2003,3,MAR,970,metric_tonnes,india_petroleum_consumption.csv,829,VALID
product-790810d5c5602dbecaf2,Bitumen,Bitumen,2002-03,2002,2002,4,APR,291,metric_tonnes,india_petroleum_consumption.csv,830,VALID
product-790810d5c5602dbecaf2,Bitumen,Bitumen,2002-03,2002,2002,5,MAY,316,metric_tonnes,india_petroleum_consumption.csv,831,VALID
product-790810d5c5602dbecaf2,Bitumen,Bitumen,2002-03,2002,2002,6,JUN,230,metric_tonnes,india_petroleum_consumption.csv,832,VALID
product-790810d5c5602dbecaf2,Bitumen,Bitumen,2002-03,2002,2002,7,JUL,180,metric_tonnes,india_petroleum_consumption.csv,833,VALID
product-790810d5c5602dbecaf2,Bitumen,Bitumen,2002-03,2002,2002,8,AUG,107,metric_tonnes,india_petroleum_consumption.csv,834,VALID
product-790810d5c5602dbecaf2,Bitumen,Bitumen,2002-03,2002,2002,9,SEP,129,metric_tonnes,india_petroleum_consumption.csv,835,VALID
product-790810d5c5602dbecaf2,Bitumen,Bitumen,2002-03,2002,2002,10,OCT,211,metric_tonnes,india_petroleum_consumption.csv,836,VALID
product-790810d5c5602dbecaf2,Bitumen,Bitumen,2002-03,2002,2002,11,NOV,228,metric_tonnes,india_petroleum_consumption.csv,837,VALID
product-790810d5c5602dbecaf2,Bitumen,Bitumen,2002-03,2002,2002,12,DEC,296,metric_tonnes,india_petroleum_consumption.csv,838,VALID
product-790810d5c5602dbecaf2,Bitumen,Bitumen,2002-03,2002,2003,1,JAN,301,metric_tonnes,india_petroleum_consumption.csv,839,VALID
product-790810d5c5602dbecaf2,Bitumen,Bitumen,2002-03,2002,2003,2,FEB,312,metric_tonnes,india_petroleum_consumption.csv,840,VALID
product-790810d5c5602dbecaf2,Bitumen,Bitumen,2002-03,2002,2003,3,MAR,388,metric_tonnes,india_petroleum_consumption.csv,841,VALID
product-64fce74e71066b7ec4cf,Petroleum coke,Petroleum coke,2002-03,2002,2002,4,APR,180,metric_tonnes,india_petroleum_consumption.csv,842,VALID
product-64fce74e71066b7ec4cf,Petroleum coke,Petroleum coke,2002-03,2002,2002,5,MAY,245,metric_tonnes,india_petroleum_consumption.csv,843,VALID
product-64fce74e71066b7ec4cf,Petroleum coke,Petroleum coke,2002-03,2002,2002,6,JUN,167,metric_tonnes,india_petroleum_consumption.csv,844,VALID
product-64fce74e71066b7ec4cf,Petroleum coke,Petroleum coke,2002-03,2002,2002,7,JUL,177,metric_tonnes,india_petroleum_consumption.csv,845,VALID
product-64fce74e71066b7ec4cf,Petroleum coke,Petroleum coke,2002-03,2002,2002,8,AUG,207,metric_tonnes,india_petroleum_consumption.csv,846,VALID
product-64fce74e71066b7ec4cf,Petroleum coke,Petroleum coke,2002-03,2002,2002,9,SEP,184,metric_tonnes,india_petroleum_consumption.csv,847,VALID
product-64fce74e71066b7ec4cf,Petroleum coke,Petroleum coke,2002-03,2002,2002,10,OCT,217,metric_tonnes,india_petroleum_consumption.csv,848,VALID
product-64fce74e71066b7ec4cf,Petroleum coke,Petroleum coke,2002-03,2002,2002,11,NOV,273,metric_tonnes,india_petroleum_consumption.csv,849,VALID
product-64fce74e71066b7ec4cf,Petroleum coke,Petroleum coke,2002-03,2002,2002,12,DEC,225,metric_tonnes,india_petroleum_consumption.csv,850,VALID
product-64fce74e71066b7ec4cf,Petroleum coke,Petroleum coke,2002-03,2002,2003,1,JAN,236,metric_tonnes,india_petroleum_consumption.csv,851,VALID
product-64fce74e71066b7ec4cf,Petroleum coke,Petroleum coke,2002-03,2002,2003,2,FEB,224,metric_tonnes,india_petroleum_consumption.csv,852,VALID
product-64fce74e71066b7ec4cf,Petroleum coke,Petroleum coke,2002-03,2002,2003,3,MAR,228,metric_tonnes,india_petroleum_consumption.csv,853,VALID
product-896a0734e71eaafd55e7,Others,Others,2002-03,2002,2002,4,APR,383,metric_tonnes,india_petroleum_consumption.csv,854,VALID
product-896a0734e71eaafd55e7,Others,Others,2002-03,2002,2002,5,MAY,398,metric_tonnes,india_petroleum_consumption.csv,855,VALID
product-896a0734e71eaafd55e7,Others,Others,2002-03,2002,2002,6,JUN,418,metric_tonnes,india_petroleum_consumption.csv,856,VALID
product-896a0734e71eaafd55e7,Others,Others,2002-03,2002,2002,7,JUL,382,metric_tonnes,india_petroleum_consumption.csv,857,VALID
product-896a0734e71eaafd55e7,Others,Others,2002-03,2002,2002,8,AUG,434,metric_tonnes,india_petroleum_consumption.csv,858,VALID
product-896a0734e71eaafd55e7,Others,Others,2002-03,2002,2002,9,SEP,461,metric_tonnes,india_petroleum_consumption.csv,859,VALID
product-896a0734e71eaafd55e7,Others,Others,2002-03,2002,2002,10,OCT,505,metric_tonnes,india_petroleum_consumption.csv,860,VALID
product-896a0734e71eaafd55e7,Others,Others,2002-03,2002,2002,11,NOV,454,metric_tonnes,india_petroleum_consumption.csv,861,VALID
product-896a0734e71eaafd55e7,Others,Others,2002-03,2002,2002,12,DEC,424,metric_tonnes,india_petroleum_consumption.csv,862,VALID
product-896a0734e71eaafd55e7,Others,Others,2002-03,2002,2003,1,JAN,533,metric_tonnes,india_petroleum_consumption.csv,863,VALID
product-896a0734e71eaafd55e7,Others,Others,2002-03,2002,2003,2,FEB,480,metric_tonnes,india_petroleum_consumption.csv,864,VALID
product-896a0734e71eaafd55e7,Others,Others,2002-03,2002,2003,3,MAR,449,metric_tonnes,india_petroleum_consumption.csv,865,VALID
product-5575ab85b7b20e8c4793,LPG,LPG,2003-04,2003,2003,4,APR,670,metric_tonnes,india_petroleum_consumption.csv,866,VALID
product-5575ab85b7b20e8c4793,LPG,LPG,2003-04,2003,2003,5,MAY,679,metric_tonnes,india_petroleum_consumption.csv,867,VALID
product-5575ab85b7b20e8c4793,LPG,LPG,2003-04,2003,2003,6,JUN,673,metric_tonnes,india_petroleum_consumption.csv,868,VALID
product-5575ab85b7b20e8c4793,LPG,LPG,2003-04,2003,2003,7,JUL,774,metric_tonnes,india_petroleum_consumption.csv,869,VALID
product-5575ab85b7b20e8c4793,LPG,LPG,2003-04,2003,2003,8,AUG,738,metric_tonnes,india_petroleum_consumption.csv,870,VALID
product-5575ab85b7b20e8c4793,LPG,LPG,2003-04,2003,2003,9,SEP,776,metric_tonnes,india_petroleum_consumption.csv,871,VALID
product-5575ab85b7b20e8c4793,LPG,LPG,2003-04,2003,2003,10,OCT,790,metric_tonnes,india_petroleum_consumption.csv,872,VALID
product-5575ab85b7b20e8c4793,LPG,LPG,2003-04,2003,2003,11,NOV,782,metric_tonnes,india_petroleum_consumption.csv,873,VALID
product-5575ab85b7b20e8c4793,LPG,LPG,2003-04,2003,2003,12,DEC,874,metric_tonnes,india_petroleum_consumption.csv,874,VALID
product-5575ab85b7b20e8c4793,LPG,LPG,2003-04,2003,2004,1,JAN,884,metric_tonnes,india_petroleum_consumption.csv,875,VALID
product-5575ab85b7b20e8c4793,LPG,LPG,2003-04,2003,2004,2,FEB,831,metric_tonnes,india_petroleum_consumption.csv,876,VALID
product-5575ab85b7b20e8c4793,LPG,LPG,2003-04,2003,2004,3,MAR,835,metric_tonnes,india_petroleum_consumption.csv,877,VALID
product-352b4599428c13efa359,Naphtha,Naphtha,2003-04,2003,2003,4,APR,848,metric_tonnes,india_petroleum_consumption.csv,878,VALID
product-352b4599428c13efa359,Naphtha,Naphtha,2003-04,2003,2003,5,MAY,903,metric_tonnes,india_petroleum_consumption.csv,879,VALID
product-352b4599428c13efa359,Naphtha,Naphtha,2003-04,2003,2003,6,JUN,933,metric_tonnes,india_petroleum_consumption.csv,880,VALID
product-352b4599428c13efa359,Naphtha,Naphtha,2003-04,2003,2003,7,JUL,1115,metric_tonnes,india_petroleum_consumption.csv,881,VALID
product-352b4599428c13efa359,Naphtha,Naphtha,2003-04,2003,2003,8,AUG,938,metric_tonnes,india_petroleum_consumption.csv,882,VALID
product-352b4599428c13efa359,Naphtha,Naphtha,2003-04,2003,2003,9,SEP,972,metric_tonnes,india_petroleum_consumption.csv,883,VALID
product-352b4599428c13efa359,Naphtha,Naphtha,2003-04,2003,2003,10,OCT,1043,metric_tonnes,india_petroleum_consumption.csv,884,VALID
product-352b4599428c13efa359,Naphtha,Naphtha,2003-04,2003,2003,11,NOV,929,metric_tonnes,india_petroleum_consumption.csv,885,VALID
product-352b4599428c13efa359,Naphtha,Naphtha,2003-04,2003,2003,12,DEC,1053,metric_tonnes,india_petroleum_consumption.csv,886,VALID
product-352b4599428c13efa359,Naphtha,Naphtha,2003-04,2003,2004,1,JAN,1126,metric_tonnes,india_petroleum_consumption.csv,887,VALID
product-352b4599428c13efa359,Naphtha,Naphtha,2003-04,2003,2004,2,FEB,1026,metric_tonnes,india_petroleum_consumption.csv,888,VALID
product-352b4599428c13efa359,Naphtha,Naphtha,2003-04,2003,2004,3,MAR,983,metric_tonnes,india_petroleum_consumption.csv,889,VALID
product-8d171ab9b604e34124ea,MS,MS,2003-04,2003,2003,4,APR,607,metric_tonnes,india_petroleum_consumption.csv,890,VALID
product-8d171ab9b604e34124ea,MS,MS,2003-04,2003,2003,5,MAY,670,metric_tonnes,india_petroleum_consumption.csv,891,VALID
product-8d171ab9b604e34124ea,MS,MS,2003-04,2003,2003,6,JUN,691,metric_tonnes,india_petroleum_consumption.csv,892,VALID
product-8d171ab9b604e34124ea,MS,MS,2003-04,2003,2003,7,JUL,667,metric_tonnes,india_petroleum_consumption.csv,893,VALID
product-8d171ab9b604e34124ea,MS,MS,2003-04,2003,2003,8,AUG,665,metric_tonnes,india_petroleum_consumption.csv,894,VALID
product-8d171ab9b604e34124ea,MS,MS,2003-04,2003,2003,9,SEP,625,metric_tonnes,india_petroleum_consumption.csv,895,VALID
product-8d171ab9b604e34124ea,MS,MS,2003-04,2003,2003,10,OCT,662,metric_tonnes,india_petroleum_consumption.csv,896,VALID
product-8d171ab9b604e34124ea,MS,MS,2003-04,2003,2003,11,NOV,648,metric_tonnes,india_petroleum_consumption.csv,897,VALID
product-8d171ab9b604e34124ea,MS,MS,2003-04,2003,2003,12,DEC,671,metric_tonnes,india_petroleum_consumption.csv,898,VALID
product-8d171ab9b604e34124ea,MS,MS,2003-04,2003,2004,1,JAN,626,metric_tonnes,india_petroleum_consumption.csv,899,VALID
product-8d171ab9b604e34124ea,MS,MS,2003-04,2003,2004,2,FEB,642,metric_tonnes,india_petroleum_consumption.csv,900,VALID
product-8d171ab9b604e34124ea,MS,MS,2003-04,2003,2004,3,MAR,724,metric_tonnes,india_petroleum_consumption.csv,901,VALID
product-198fc08108a024c9da45,ATF,ATF,2003-04,2003,2003,4,APR,188,metric_tonnes,india_petroleum_consumption.csv,902,VALID
product-198fc08108a024c9da45,ATF,ATF,2003-04,2003,2003,5,MAY,194,metric_tonnes,india_petroleum_consumption.csv,903,VALID
product-198fc08108a024c9da45,ATF,ATF,2003-04,2003,2003,6,JUN,194,metric_tonnes,india_petroleum_consumption.csv,904,VALID
product-198fc08108a024c9da45,ATF,ATF,2003-04,2003,2003,7,JUL,199,metric_tonnes,india_petroleum_consumption.csv,905,VALID
product-198fc08108a024c9da45,ATF,ATF,2003-04,2003,2003,8,AUG,193,metric_tonnes,india_petroleum_consumption.csv,906,VALID
product-198fc08108a024c9da45,ATF,ATF,2003-04,2003,2003,9,SEP,195,metric_tonnes,india_petroleum_consumption.csv,907,VALID
product-198fc08108a024c9da45,ATF,ATF,2003-04,2003,2003,10,OCT,208,metric_tonnes,india_petroleum_consumption.csv,908,VALID
product-198fc08108a024c9da45,ATF,ATF,2003-04,2003,2003,11,NOV,212,metric_tonnes,india_petroleum_consumption.csv,909,VALID
product-198fc08108a024c9da45,ATF,ATF,2003-04,2003,2003,12,DEC,217,metric_tonnes,india_petroleum_consumption.csv,910,VALID
product-198fc08108a024c9da45,ATF,ATF,2003-04,2003,2004,1,JAN,229,metric_tonnes,india_petroleum_consumption.csv,911,VALID
product-198fc08108a024c9da45,ATF,ATF,2003-04,2003,2004,2,FEB,224,metric_tonnes,india_petroleum_consumption.csv,912,VALID
product-198fc08108a024c9da45,ATF,ATF,2003-04,2003,2004,3,MAR,231,metric_tonnes,india_petroleum_consumption.csv,913,VALID
product-cdf634489bfbff660916,SKO,SKO,2003-04,2003,2003,4,APR,890,metric_tonnes,india_petroleum_consumption.csv,914,VALID
product-cdf634489bfbff660916,SKO,SKO,2003-04,2003,2003,5,MAY,875,metric_tonnes,india_petroleum_consumption.csv,915,VALID
product-cdf634489bfbff660916,SKO,SKO,2003-04,2003,2003,6,JUN,893,metric_tonnes,india_petroleum_consumption.csv,916,VALID
product-cdf634489bfbff660916,SKO,SKO,2003-04,2003,2003,7,JUL,882,metric_tonnes,india_petroleum_consumption.csv,917,VALID
product-cdf634489bfbff660916,SKO,SKO,2003-04,2003,2003,8,AUG,892,metric_tonnes,india_petroleum_consumption.csv,918,VALID
product-cdf634489bfbff660916,SKO,SKO,2003-04,2003,2003,9,SEP,878,metric_tonnes,india_petroleum_consumption.csv,919,VALID
product-cdf634489bfbff660916,SKO,SKO,2003-04,2003,2003,10,OCT,848,metric_tonnes,india_petroleum_consumption.csv,920,VALID
product-cdf634489bfbff660916,SKO,SKO,2003-04,2003,2003,11,NOV,925,metric_tonnes,india_petroleum_consumption.csv,921,VALID
product-cdf634489bfbff660916,SKO,SKO,2003-04,2003,2003,12,DEC,786,metric_tonnes,india_petroleum_consumption.csv,922,VALID
product-cdf634489bfbff660916,SKO,SKO,2003-04,2003,2004,1,JAN,788,metric_tonnes,india_petroleum_consumption.csv,923,VALID
product-cdf634489bfbff660916,SKO,SKO,2003-04,2003,2004,2,FEB,784,metric_tonnes,india_petroleum_consumption.csv,924,VALID
product-cdf634489bfbff660916,SKO,SKO,2003-04,2003,2004,3,MAR,789,metric_tonnes,india_petroleum_consumption.csv,925,VALID
product-a81277714f19fd11a0e0,HSD,HSD,2003-04,2003,2003,4,APR,2783,metric_tonnes,india_petroleum_consumption.csv,926,VALID
product-a81277714f19fd11a0e0,HSD,HSD,2003-04,2003,2003,5,MAY,3117,metric_tonnes,india_petroleum_consumption.csv,927,VALID
product-a81277714f19fd11a0e0,HSD,HSD,2003-04,2003,2003,6,JUN,3286,metric_tonnes,india_petroleum_consumption.csv,928,VALID
product-a81277714f19fd11a0e0,HSD,HSD,2003-04,2003,2003,7,JUL,3013,metric_tonnes,india_petroleum_consumption.csv,929,VALID
product-a81277714f19fd11a0e0,HSD,HSD,2003-04,2003,2003,8,AUG,2746,metric_tonnes,india_petroleum_consumption.csv,930,VALID
product-a81277714f19fd11a0e0,HSD,HSD,2003-04,2003,2003,9,SEP,2623,metric_tonnes,india_petroleum_consumption.csv,931,VALID
product-a81277714f19fd11a0e0,HSD,HSD,2003-04,2003,2003,10,OCT,3064,metric_tonnes,india_petroleum_consumption.csv,932,VALID
product-a81277714f19fd11a0e0,HSD,HSD,2003-04,2003,2003,11,NOV,3309,metric_tonnes,india_petroleum_consumption.csv,933,VALID
product-a81277714f19fd11a0e0,HSD,HSD,2003-04,2003,2003,12,DEC,3435,metric_tonnes,india_petroleum_consumption.csv,934,VALID
product-a81277714f19fd11a0e0,HSD,HSD,2003-04,2003,2004,1,JAN,3059,metric_tonnes,india_petroleum_consumption.csv,935,VALID
product-a81277714f19fd11a0e0,HSD,HSD,2003-04,2003,2004,2,FEB,3116,metric_tonnes,india_petroleum_consumption.csv,936,VALID
product-a81277714f19fd11a0e0,HSD,HSD,2003-04,2003,2004,3,MAR,3525,metric_tonnes,india_petroleum_consumption.csv,937,VALID
product-1fe5626b86832387d536,LDO,LDO,2003-04,2003,2003,4,APR,116,metric_tonnes,india_petroleum_consumption.csv,938,VALID
product-1fe5626b86832387d536,LDO,LDO,2003-04,2003,2003,5,MAY,135,metric_tonnes,india_petroleum_consumption.csv,939,VALID
product-1fe5626b86832387d536,LDO,LDO,2003-04,2003,2003,6,JUN,137,metric_tonnes,india_petroleum_consumption.csv,940,VALID
product-1fe5626b86832387d536,LDO,LDO,2003-04,2003,2003,7,JUL,133,metric_tonnes,india_petroleum_consumption.csv,941,VALID
product-1fe5626b86832387d536,LDO,LDO,2003-04,2003,2003,8,AUG,132,metric_tonnes,india_petroleum_consumption.csv,942,VALID
product-1fe5626b86832387d536,LDO,LDO,2003-04,2003,2003,9,SEP,129,metric_tonnes,india_petroleum_consumption.csv,943,VALID
product-1fe5626b86832387d536,LDO,LDO,2003-04,2003,2003,10,OCT,119,metric_tonnes,india_petroleum_consumption.csv,944,VALID
product-1fe5626b86832387d536,LDO,LDO,2003-04,2003,2003,11,NOV,138,metric_tonnes,india_petroleum_consumption.csv,945,VALID
product-1fe5626b86832387d536,LDO,LDO,2003-04,2003,2003,12,DEC,151,metric_tonnes,india_petroleum_consumption.csv,946,VALID
product-1fe5626b86832387d536,LDO,LDO,2003-04,2003,2004,1,JAN,148,metric_tonnes,india_petroleum_consumption.csv,947,VALID
product-1fe5626b86832387d536,LDO,LDO,2003-04,2003,2004,2,FEB,135,metric_tonnes,india_petroleum_consumption.csv,948,VALID
product-1fe5626b86832387d536,LDO,LDO,2003-04,2003,2004,3,MAR,146,metric_tonnes,india_petroleum_consumption.csv,949,VALID
product-95702a7f9ab5e32d6bf4,Lubricants & Greases,Lubricants & Greases,2003-04,2003,2003,4,APR,56,metric_tonnes,india_petroleum_consumption.csv,950,VALID
product-95702a7f9ab5e32d6bf4,Lubricants & Greases,Lubricants & Greases,2003-04,2003,2003,5,MAY,83,metric_tonnes,india_petroleum_consumption.csv,951,VALID
product-95702a7f9ab5e32d6bf4,Lubricants & Greases,Lubricants & Greases,2003-04,2003,2003,6,JUN,101,metric_tonnes,india_petroleum_consumption.csv,952,VALID
product-95702a7f9ab5e32d6bf4,Lubricants & Greases,Lubricants & Greases,2003-04,2003,2003,7,JUL,122,metric_tonnes,india_petroleum_consumption.csv,953,VALID
product-95702a7f9ab5e32d6bf4,Lubricants & Greases,Lubricants & Greases,2003-04,2003,2003,8,AUG,118,metric_tonnes,india_petroleum_consumption.csv,954,VALID
product-95702a7f9ab5e32d6bf4,Lubricants & Greases,Lubricants & Greases,2003-04,2003,2003,9,SEP,117,metric_tonnes,india_petroleum_consumption.csv,955,VALID
product-95702a7f9ab5e32d6bf4,Lubricants & Greases,Lubricants & Greases,2003-04,2003,2003,10,OCT,115,metric_tonnes,india_petroleum_consumption.csv,956,VALID
product-95702a7f9ab5e32d6bf4,Lubricants & Greases,Lubricants & Greases,2003-04,2003,2003,11,NOV,133,metric_tonnes,india_petroleum_consumption.csv,957,VALID
product-95702a7f9ab5e32d6bf4,Lubricants & Greases,Lubricants & Greases,2003-04,2003,2003,12,DEC,132,metric_tonnes,india_petroleum_consumption.csv,958,VALID
product-95702a7f9ab5e32d6bf4,Lubricants & Greases,Lubricants & Greases,2003-04,2003,2004,1,JAN,130,metric_tonnes,india_petroleum_consumption.csv,959,VALID
product-95702a7f9ab5e32d6bf4,Lubricants & Greases,Lubricants & Greases,2003-04,2003,2004,2,FEB,138,metric_tonnes,india_petroleum_consumption.csv,960,VALID
product-95702a7f9ab5e32d6bf4,Lubricants & Greases,Lubricants & Greases,2003-04,2003,2004,3,MAR,180,metric_tonnes,india_petroleum_consumption.csv,961,VALID
product-795922ede07e28180caa,FO & LSHS,FO & LSHS,2003-04,2003,2003,4,APR,968,metric_tonnes,india_petroleum_consumption.csv,962,VALID
product-795922ede07e28180caa,FO & LSHS,FO & LSHS,2003-04,2003,2003,5,MAY,1096,metric_tonnes,india_petroleum_consumption.csv,963,VALID
product-795922ede07e28180caa,FO & LSHS,FO & LSHS,2003-04,2003,2003,6,JUN,1051,metric_tonnes,india_petroleum_consumption.csv,964,VALID
product-795922ede07e28180caa,FO & LSHS,FO & LSHS,2003-04,2003,2003,7,JUL,1114,metric_tonnes,india_petroleum_consumption.csv,965,VALID
product-795922ede07e28180caa,FO & LSHS,FO & LSHS,2003-04,2003,2003,8,AUG,1056,metric_tonnes,india_petroleum_consumption.csv,966,VALID
product-795922ede07e28180caa,FO & LSHS,FO & LSHS,2003-04,2003,2003,9,SEP,1071,metric_tonnes,india_petroleum_consumption.csv,967,VALID
product-795922ede07e28180caa,FO & LSHS,FO & LSHS,2003-04,2003,2003,10,OCT,1068,metric_tonnes,india_petroleum_consumption.csv,968,VALID
product-795922ede07e28180caa,FO & LSHS,FO & LSHS,2003-04,2003,2003,11,NOV,1067,metric_tonnes,india_petroleum_consumption.csv,969,VALID
product-795922ede07e28180caa,FO & LSHS,FO & LSHS,2003-04,2003,2003,12,DEC,1174,metric_tonnes,india_petroleum_consumption.csv,970,VALID
product-795922ede07e28180caa,FO & LSHS,FO & LSHS,2003-04,2003,2004,1,JAN,1127,metric_tonnes,india_petroleum_consumption.csv,971,VALID
product-795922ede07e28180caa,FO & LSHS,FO & LSHS,2003-04,2003,2004,2,FEB,989,metric_tonnes,india_petroleum_consumption.csv,972,VALID
product-795922ede07e28180caa,FO & LSHS,FO & LSHS,2003-04,2003,2004,3,MAR,1163,metric_tonnes,india_petroleum_consumption.csv,973,VALID
product-790810d5c5602dbecaf2,Bitumen,Bitumen,2003-04,2003,2003,4,APR,308,metric_tonnes,india_petroleum_consumption.csv,974,VALID
product-790810d5c5602dbecaf2,Bitumen,Bitumen,2003-04,2003,2003,5,MAY,358,metric_tonnes,india_petroleum_consumption.csv,975,VALID
product-790810d5c5602dbecaf2,Bitumen,Bitumen,2003-04,2003,2003,6,JUN,293,metric_tonnes,india_petroleum_consumption.csv,976,VALID
product-790810d5c5602dbecaf2,Bitumen,Bitumen,2003-04,2003,2003,7,JUL,140,metric_tonnes,india_petroleum_consumption.csv,977,VALID
product-790810d5c5602dbecaf2,Bitumen,Bitumen,2003-04,2003,2003,8,AUG,119,metric_tonnes,india_petroleum_consumption.csv,978,VALID
product-790810d5c5602dbecaf2,Bitumen,Bitumen,2003-04,2003,2003,9,SEP,167,metric_tonnes,india_petroleum_consumption.csv,979,VALID
product-790810d5c5602dbecaf2,Bitumen,Bitumen,2003-04,2003,2003,10,OCT,220,metric_tonnes,india_petroleum_consumption.csv,980,VALID
product-790810d5c5602dbecaf2,Bitumen,Bitumen,2003-04,2003,2003,11,NOV,296,metric_tonnes,india_petroleum_consumption.csv,981,VALID
product-790810d5c5602dbecaf2,Bitumen,Bitumen,2003-04,2003,2003,12,DEC,352,metric_tonnes,india_petroleum_consumption.csv,982,VALID
product-790810d5c5602dbecaf2,Bitumen,Bitumen,2003-04,2003,2004,1,JAN,301,metric_tonnes,india_petroleum_consumption.csv,983,VALID
product-790810d5c5602dbecaf2,Bitumen,Bitumen,2003-04,2003,2004,2,FEB,352,metric_tonnes,india_petroleum_consumption.csv,984,VALID
product-790810d5c5602dbecaf2,Bitumen,Bitumen,2003-04,2003,2004,3,MAR,466,metric_tonnes,india_petroleum_consumption.csv,985,VALID
product-64fce74e71066b7ec4cf,Petroleum coke,Petroleum coke,2003-04,2003,2003,4,APR,177,metric_tonnes,india_petroleum_consumption.csv,986,VALID
product-64fce74e71066b7ec4cf,Petroleum coke,Petroleum coke,2003-04,2003,2003,5,MAY,247,metric_tonnes,india_petroleum_consumption.csv,987,VALID
product-64fce74e71066b7ec4cf,Petroleum coke,Petroleum coke,2003-04,2003,2003,6,JUN,267,metric_tonnes,india_petroleum_consumption.csv,988,VALID
product-64fce74e71066b7ec4cf,Petroleum coke,Petroleum coke,2003-04,2003,2003,7,JUL,265,metric_tonnes,india_petroleum_consumption.csv,989,VALID
product-64fce74e71066b7ec4cf,Petroleum coke,Petroleum coke,2003-04,2003,2003,8,AUG,168,metric_tonnes,india_petroleum_consumption.csv,990,VALID
product-64fce74e71066b7ec4cf,Petroleum coke,Petroleum coke,2003-04,2003,2003,9,SEP,240,metric_tonnes,india_petroleum_consumption.csv,991,VALID
product-64fce74e71066b7ec4cf,Petroleum coke,Petroleum coke,2003-04,2003,2003,10,OCT,242,metric_tonnes,india_petroleum_consumption.csv,992,VALID
product-64fce74e71066b7ec4cf,Petroleum coke,Petroleum coke,2003-04,2003,2003,11,NOV,280,metric_tonnes,india_petroleum_consumption.csv,993,VALID
product-64fce74e71066b7ec4cf,Petroleum coke,Petroleum coke,2003-04,2003,2003,12,DEC,200,metric_tonnes,india_petroleum_consumption.csv,994,VALID
product-64fce74e71066b7ec4cf,Petroleum coke,Petroleum coke,2003-04,2003,2004,1,JAN,260,metric_tonnes,india_petroleum_consumption.csv,995,VALID
product-64fce74e71066b7ec4cf,Petroleum coke,Petroleum coke,2003-04,2003,2004,2,FEB,272,metric_tonnes,india_petroleum_consumption.csv,996,VALID
product-64fce74e71066b7ec4cf,Petroleum coke,Petroleum coke,2003-04,2003,2004,3,MAR,260,metric_tonnes,india_petroleum_consumption.csv,997,VALID
product-896a0734e71eaafd55e7,Others,Others,2003-04,2003,2003,4,APR,261,metric_tonnes,india_petroleum_consumption.csv,998,VALID
product-896a0734e71eaafd55e7,Others,Others,2003-04,2003,2003,5,MAY,465,metric_tonnes,india_petroleum_consumption.csv,999,VALID
product-896a0734e71eaafd55e7,Others,Others,2003-04,2003,2003,6,JUN,578,metric_tonnes,india_petroleum_consumption.csv,1000,VALID
product-896a0734e71eaafd55e7,Others,Others,2003-04,2003,2003,7,JUL,601,metric_tonnes,india_petroleum_consumption.csv,1001,VALID
product-896a0734e71eaafd55e7,Others,Others,2003-04,2003,2003,8,AUG,581,metric_tonnes,india_petroleum_consumption.csv,1002,VALID
product-896a0734e71eaafd55e7,Others,Others,2003-04,2003,2003,9,SEP,602,metric_tonnes,india_petroleum_consumption.csv,1003,VALID
product-896a0734e71eaafd55e7,Others,Others,2003-04,2003,2003,10,OCT,570,metric_tonnes,india_petroleum_consumption.csv,1004,VALID
product-896a0734e71eaafd55e7,Others,Others,2003-04,2003,2003,11,NOV,556,metric_tonnes,india_petroleum_consumption.csv,1005,VALID
product-896a0734e71eaafd55e7,Others,Others,2003-04,2003,2003,12,DEC,589,metric_tonnes,india_petroleum_consumption.csv,1006,VALID
product-896a0734e71eaafd55e7,Others,Others,2003-04,2003,2004,1,JAN,670,metric_tonnes,india_petroleum_consumption.csv,1007,VALID
product-896a0734e71eaafd55e7,Others,Others,2003-04,2003,2004,2,FEB,572,metric_tonnes,india_petroleum_consumption.csv,1008,VALID
product-896a0734e71eaafd55e7,Others,Others,2003-04,2003,2004,3,MAR,608,metric_tonnes,india_petroleum_consumption.csv,1009,VALID
product-5575ab85b7b20e8c4793,LPG,LPG,2004-05,2004,2004,4,APR,786,metric_tonnes,india_petroleum_consumption.csv,1010,VALID
product-5575ab85b7b20e8c4793,LPG,LPG,2004-05,2004,2004,5,MAY,820,metric_tonnes,india_petroleum_consumption.csv,1011,VALID
product-5575ab85b7b20e8c4793,LPG,LPG,2004-05,2004,2004,6,JUN,777,metric_tonnes,india_petroleum_consumption.csv,1012,VALID
product-5575ab85b7b20e8c4793,LPG,LPG,2004-05,2004,2004,7,JUL,840,metric_tonnes,india_petroleum_consumption.csv,1013,VALID
product-5575ab85b7b20e8c4793,LPG,LPG,2004-05,2004,2004,8,AUG,828,metric_tonnes,india_petroleum_consumption.csv,1014,VALID
product-5575ab85b7b20e8c4793,LPG,LPG,2004-05,2004,2004,9,SEP,847,metric_tonnes,india_petroleum_consumption.csv,1015,VALID
product-5575ab85b7b20e8c4793,LPG,LPG,2004-05,2004,2004,10,OCT,869,metric_tonnes,india_petroleum_consumption.csv,1016,VALID
product-5575ab85b7b20e8c4793,LPG,LPG,2004-05,2004,2004,11,NOV,871,metric_tonnes,india_petroleum_consumption.csv,1017,VALID
product-5575ab85b7b20e8c4793,LPG,LPG,2004-05,2004,2004,12,DEC,923,metric_tonnes,india_petroleum_consumption.csv,1018,VALID
product-5575ab85b7b20e8c4793,LPG,LPG,2004-05,2004,2005,1,JAN,916,metric_tonnes,india_petroleum_consumption.csv,1019,VALID
product-5575ab85b7b20e8c4793,LPG,LPG,2004-05,2004,2005,2,FEB,884,metric_tonnes,india_petroleum_consumption.csv,1020,VALID
product-5575ab85b7b20e8c4793,LPG,LPG,2004-05,2004,2005,3,MAR,885,metric_tonnes,india_petroleum_consumption.csv,1021,VALID
product-352b4599428c13efa359,Naphtha,Naphtha,2004-05,2004,2004,4,APR,1103,metric_tonnes,india_petroleum_consumption.csv,1022,VALID
product-352b4599428c13efa359,Naphtha,Naphtha,2004-05,2004,2004,5,MAY,1212,metric_tonnes,india_petroleum_consumption.csv,1023,VALID
product-352b4599428c13efa359,Naphtha,Naphtha,2004-05,2004,2004,6,JUN,1170,metric_tonnes,india_petroleum_consumption.csv,1024,VALID
product-352b4599428c13efa359,Naphtha,Naphtha,2004-05,2004,2004,7,JUL,1206,metric_tonnes,india_petroleum_consumption.csv,1025,VALID
product-352b4599428c13efa359,Naphtha,Naphtha,2004-05,2004,2004,8,AUG,1114,metric_tonnes,india_petroleum_consumption.csv,1026,VALID
product-352b4599428c13efa359,Naphtha,Naphtha,2004-05,2004,2004,9,SEP,1147,metric_tonnes,india_petroleum_consumption.csv,1027,VALID
product-352b4599428c13efa359,Naphtha,Naphtha,2004-05,2004,2004,10,OCT,1054,metric_tonnes,india_petroleum_consumption.csv,1028,VALID
product-352b4599428c13efa359,Naphtha,Naphtha,2004-05,2004,2004,11,NOV,1137,metric_tonnes,india_petroleum_consumption.csv,1029,VALID
product-352b4599428c13efa359,Naphtha,Naphtha,2004-05,2004,2004,12,DEC,1238,metric_tonnes,india_petroleum_consumption.csv,1030,VALID
product-352b4599428c13efa359,Naphtha,Naphtha,2004-05,2004,2005,1,JAN,1322,metric_tonnes,india_petroleum_consumption.csv,1031,VALID
product-352b4599428c13efa359,Naphtha,Naphtha,2004-05,2004,2005,2,FEB,1192,metric_tonnes,india_petroleum_consumption.csv,1032,VALID
product-352b4599428c13efa359,Naphtha,Naphtha,2004-05,2004,2005,3,MAR,1096,metric_tonnes,india_petroleum_consumption.csv,1033,VALID
product-8d171ab9b604e34124ea,MS,MS,2004-05,2004,2004,4,APR,675,metric_tonnes,india_petroleum_consumption.csv,1034,VALID
product-8d171ab9b604e34124ea,MS,MS,2004-05,2004,2004,5,MAY,734,metric_tonnes,india_petroleum_consumption.csv,1035,VALID
product-8d171ab9b604e34124ea,MS,MS,2004-05,2004,2004,6,JUN,687,metric_tonnes,india_petroleum_consumption.csv,1036,VALID
product-8d171ab9b604e34124ea,MS,MS,2004-05,2004,2004,7,JUL,700,metric_tonnes,india_petroleum_consumption.csv,1037,VALID
product-8d171ab9b604e34124ea,MS,MS,2004-05,2004,2004,8,AUG,632,metric_tonnes,india_petroleum_consumption.csv,1038,VALID
product-8d171ab9b604e34124ea,MS,MS,2004-05,2004,2004,9,SEP,679,metric_tonnes,india_petroleum_consumption.csv,1039,VALID
product-8d171ab9b604e34124ea,MS,MS,2004-05,2004,2004,10,OCT,693,metric_tonnes,india_petroleum_consumption.csv,1040,VALID
product-8d171ab9b604e34124ea,MS,MS,2004-05,2004,2004,11,NOV,632,metric_tonnes,india_petroleum_consumption.csv,1041,VALID
product-8d171ab9b604e34124ea,MS,MS,2004-05,2004,2004,12,DEC,704,metric_tonnes,india_petroleum_consumption.csv,1042,VALID
product-8d171ab9b604e34124ea,MS,MS,2004-05,2004,2005,1,JAN,687,metric_tonnes,india_petroleum_consumption.csv,1043,VALID
product-8d171ab9b604e34124ea,MS,MS,2004-05,2004,2005,2,FEB,664,metric_tonnes,india_petroleum_consumption.csv,1044,VALID
product-8d171ab9b604e34124ea,MS,MS,2004-05,2004,2005,3,MAR,764,metric_tonnes,india_petroleum_consumption.csv,1045,VALID
product-198fc08108a024c9da45,ATF,ATF,2004-05,2004,2004,4,APR,218,metric_tonnes,india_petroleum_consumption.csv,1046,VALID
product-198fc08108a024c9da45,ATF,ATF,2004-05,2004,2004,5,MAY,217,metric_tonnes,india_petroleum_consumption.csv,1047,VALID
product-198fc08108a024c9da45,ATF,ATF,2004-05,2004,2004,6,JUN,212,metric_tonnes,india_petroleum_consumption.csv,1048,VALID
product-198fc08108a024c9da45,ATF,ATF,2004-05,2004,2004,7,JUL,211,metric_tonnes,india_petroleum_consumption.csv,1049,VALID
product-198fc08108a024c9da45,ATF,ATF,2004-05,2004,2004,8,AUG,219,metric_tonnes,india_petroleum_consumption.csv,1050,VALID
product-198fc08108a024c9da45,ATF,ATF,2004-05,2004,2004,9,SEP,217,metric_tonnes,india_petroleum_consumption.csv,1051,VALID
product-198fc08108a024c9da45,ATF,ATF,2004-05,2004,2004,10,OCT,237,metric_tonnes,india_petroleum_consumption.csv,1052,VALID
product-198fc08108a024c9da45,ATF,ATF,2004-05,2004,2004,11,NOV,241,metric_tonnes,india_petroleum_consumption.csv,1053,VALID
product-198fc08108a024c9da45,ATF,ATF,2004-05,2004,2004,12,DEC,262,metric_tonnes,india_petroleum_consumption.csv,1054,VALID
product-198fc08108a024c9da45,ATF,ATF,2004-05,2004,2005,1,JAN,267,metric_tonnes,india_petroleum_consumption.csv,1055,VALID
product-198fc08108a024c9da45,ATF,ATF,2004-05,2004,2005,2,FEB,246,metric_tonnes,india_petroleum_consumption.csv,1056,VALID
product-198fc08108a024c9da45,ATF,ATF,2004-05,2004,2005,3,MAR,267,metric_tonnes,india_petroleum_consumption.csv,1057,VALID
product-cdf634489bfbff660916,SKO,SKO,2004-05,2004,2004,4,APR,768,metric_tonnes,india_petroleum_consumption.csv,1058,VALID
product-cdf634489bfbff660916,SKO,SKO,2004-05,2004,2004,5,MAY,770,metric_tonnes,india_petroleum_consumption.csv,1059,VALID
product-cdf634489bfbff660916,SKO,SKO,2004-05,2004,2004,6,JUN,772,metric_tonnes,india_petroleum_consumption.csv,1060,VALID
product-cdf634489bfbff660916,SKO,SKO,2004-05,2004,2004,7,JUL,771,metric_tonnes,india_petroleum_consumption.csv,1061,VALID
product-cdf634489bfbff660916,SKO,SKO,2004-05,2004,2004,8,AUG,776,metric_tonnes,india_petroleum_consumption.csv,1062,VALID
product-cdf634489bfbff660916,SKO,SKO,2004-05,2004,2004,9,SEP,768,metric_tonnes,india_petroleum_consumption.csv,1063,VALID
product-cdf634489bfbff660916,SKO,SKO,2004-05,2004,2004,10,OCT,771,metric_tonnes,india_petroleum_consumption.csv,1064,VALID
product-cdf634489bfbff660916,SKO,SKO,2004-05,2004,2004,11,NOV,770,metric_tonnes,india_petroleum_consumption.csv,1065,VALID
product-cdf634489bfbff660916,SKO,SKO,2004-05,2004,2004,12,DEC,776,metric_tonnes,india_petroleum_consumption.csv,1066,VALID
product-cdf634489bfbff660916,SKO,SKO,2004-05,2004,2005,1,JAN,768,metric_tonnes,india_petroleum_consumption.csv,1067,VALID
product-cdf634489bfbff660916,SKO,SKO,2004-05,2004,2005,2,FEB,818,metric_tonnes,india_petroleum_consumption.csv,1068,VALID
product-cdf634489bfbff660916,SKO,SKO,2004-05,2004,2005,3,MAR,867,metric_tonnes,india_petroleum_consumption.csv,1069,VALID
product-a81277714f19fd11a0e0,HSD,HSD,2004-05,2004,2004,4,APR,3514,metric_tonnes,india_petroleum_consumption.csv,1070,VALID
product-a81277714f19fd11a0e0,HSD,HSD,2004-05,2004,2004,5,MAY,3552,metric_tonnes,india_petroleum_consumption.csv,1071,VALID
product-a81277714f19fd11a0e0,HSD,HSD,2004-05,2004,2004,6,JUN,3303,metric_tonnes,india_petroleum_consumption.csv,1072,VALID
product-a81277714f19fd11a0e0,HSD,HSD,2004-05,2004,2004,7,JUL,3408,metric_tonnes,india_petroleum_consumption.csv,1073,VALID
product-a81277714f19fd11a0e0,HSD,HSD,2004-05,2004,2004,8,AUG,2565,metric_tonnes,india_petroleum_consumption.csv,1074,VALID
product-a81277714f19fd11a0e0,HSD,HSD,2004-05,2004,2004,9,SEP,3141,metric_tonnes,india_petroleum_consumption.csv,1075,VALID
product-a81277714f19fd11a0e0,HSD,HSD,2004-05,2004,2004,10,OCT,3503,metric_tonnes,india_petroleum_consumption.csv,1076,VALID
product-a81277714f19fd11a0e0,HSD,HSD,2004-05,2004,2004,11,NOV,3047,metric_tonnes,india_petroleum_consumption.csv,1077,VALID
product-a81277714f19fd11a0e0,HSD,HSD,2004-05,2004,2004,12,DEC,3567,metric_tonnes,india_petroleum_consumption.csv,1078,VALID
product-a81277714f19fd11a0e0,HSD,HSD,2004-05,2004,2005,1,JAN,3310,metric_tonnes,india_petroleum_consumption.csv,1079,VALID
product-a81277714f19fd11a0e0,HSD,HSD,2004-05,2004,2005,2,FEB,3087,metric_tonnes,india_petroleum_consumption.csv,1080,VALID
product-a81277714f19fd11a0e0,HSD,HSD,2004-05,2004,2005,3,MAR,3655,metric_tonnes,india_petroleum_consumption.csv,1081,VALID
product-1fe5626b86832387d536,LDO,LDO,2004-05,2004,2004,4,APR,141,metric_tonnes,india_petroleum_consumption.csv,1082,VALID
product-1fe5626b86832387d536,LDO,LDO,2004-05,2004,2004,5,MAY,149,metric_tonnes,india_petroleum_consumption.csv,1083,VALID
product-1fe5626b86832387d536,LDO,LDO,2004-05,2004,2004,6,JUN,135,metric_tonnes,india_petroleum_consumption.csv,1084,VALID
product-1fe5626b86832387d536,LDO,LDO,2004-05,2004,2004,7,JUL,147,metric_tonnes,india_petroleum_consumption.csv,1085,VALID
product-1fe5626b86832387d536,LDO,LDO,2004-05,2004,2004,8,AUG,117,metric_tonnes,india_petroleum_consumption.csv,1086,VALID
product-1fe5626b86832387d536,LDO,LDO,2004-05,2004,2004,9,SEP,122,metric_tonnes,india_petroleum_consumption.csv,1087,VALID
product-1fe5626b86832387d536,LDO,LDO,2004-05,2004,2004,10,OCT,114,metric_tonnes,india_petroleum_consumption.csv,1088,VALID
product-1fe5626b86832387d536,LDO,LDO,2004-05,2004,2004,11,NOV,108,metric_tonnes,india_petroleum_consumption.csv,1089,VALID
product-1fe5626b86832387d536,LDO,LDO,2004-05,2004,2004,12,DEC,123,metric_tonnes,india_petroleum_consumption.csv,1090,VALID
product-1fe5626b86832387d536,LDO,LDO,2004-05,2004,2005,1,JAN,114,metric_tonnes,india_petroleum_consumption.csv,1091,VALID
product-1fe5626b86832387d536,LDO,LDO,2004-05,2004,2005,2,FEB,103,metric_tonnes,india_petroleum_consumption.csv,1092,VALID
product-1fe5626b86832387d536,LDO,LDO,2004-05,2004,2005,3,MAR,104,metric_tonnes,india_petroleum_consumption.csv,1093,VALID
product-95702a7f9ab5e32d6bf4,Lubricants & Greases,Lubricants & Greases,2004-05,2004,2004,4,APR,103,metric_tonnes,india_petroleum_consumption.csv,1094,VALID
product-95702a7f9ab5e32d6bf4,Lubricants & Greases,Lubricants & Greases,2004-05,2004,2004,5,MAY,90,metric_tonnes,india_petroleum_consumption.csv,1095,VALID
product-95702a7f9ab5e32d6bf4,Lubricants & Greases,Lubricants & Greases,2004-05,2004,2004,6,JUN,100,metric_tonnes,india_petroleum_consumption.csv,1096,VALID
product-95702a7f9ab5e32d6bf4,Lubricants & Greases,Lubricants & Greases,2004-05,2004,2004,7,JUL,95,metric_tonnes,india_petroleum_consumption.csv,1097,VALID
product-95702a7f9ab5e32d6bf4,Lubricants & Greases,Lubricants & Greases,2004-05,2004,2004,8,AUG,91,metric_tonnes,india_petroleum_consumption.csv,1098,VALID
product-95702a7f9ab5e32d6bf4,Lubricants & Greases,Lubricants & Greases,2004-05,2004,2004,9,SEP,105,metric_tonnes,india_petroleum_consumption.csv,1099,VALID
product-95702a7f9ab5e32d6bf4,Lubricants & Greases,Lubricants & Greases,2004-05,2004,2004,10,OCT,98,metric_tonnes,india_petroleum_consumption.csv,1100,VALID
product-95702a7f9ab5e32d6bf4,Lubricants & Greases,Lubricants & Greases,2004-05,2004,2004,11,NOV,110,metric_tonnes,india_petroleum_consumption.csv,1101,VALID
product-95702a7f9ab5e32d6bf4,Lubricants & Greases,Lubricants & Greases,2004-05,2004,2004,12,DEC,117,metric_tonnes,india_petroleum_consumption.csv,1102,VALID
product-95702a7f9ab5e32d6bf4,Lubricants & Greases,Lubricants & Greases,2004-05,2004,2005,1,JAN,137,metric_tonnes,india_petroleum_consumption.csv,1103,VALID
product-95702a7f9ab5e32d6bf4,Lubricants & Greases,Lubricants & Greases,2004-05,2004,2005,2,FEB,131,metric_tonnes,india_petroleum_consumption.csv,1104,VALID
product-95702a7f9ab5e32d6bf4,Lubricants & Greases,Lubricants & Greases,2004-05,2004,2005,3,MAR,160,metric_tonnes,india_petroleum_consumption.csv,1105,VALID
product-795922ede07e28180caa,FO & LSHS,FO & LSHS,2004-05,2004,2004,4,APR,1058,metric_tonnes,india_petroleum_consumption.csv,1106,VALID
product-795922ede07e28180caa,FO & LSHS,FO & LSHS,2004-05,2004,2004,5,MAY,1113,metric_tonnes,india_petroleum_consumption.csv,1107,VALID
product-795922ede07e28180caa,FO & LSHS,FO & LSHS,2004-05,2004,2004,6,JUN,1092,metric_tonnes,india_petroleum_consumption.csv,1108,VALID
product-795922ede07e28180caa,FO & LSHS,FO & LSHS,2004-05,2004,2004,7,JUL,1136,metric_tonnes,india_petroleum_consumption.csv,1109,VALID
product-795922ede07e28180caa,FO & LSHS,FO & LSHS,2004-05,2004,2004,8,AUG,1118,metric_tonnes,india_petroleum_consumption.csv,1110,VALID
product-795922ede07e28180caa,FO & LSHS,FO & LSHS,2004-05,2004,2004,9,SEP,1045,metric_tonnes,india_petroleum_consumption.csv,1111,VALID
product-795922ede07e28180caa,FO & LSHS,FO & LSHS,2004-05,2004,2004,10,OCT,1148,metric_tonnes,india_petroleum_consumption.csv,1112,VALID
product-795922ede07e28180caa,FO & LSHS,FO & LSHS,2004-05,2004,2004,11,NOV,1050,metric_tonnes,india_petroleum_consumption.csv,1113,VALID
product-795922ede07e28180caa,FO & LSHS,FO & LSHS,2004-05,2004,2004,12,DEC,1207,metric_tonnes,india_petroleum_consumption.csv,1114,VALID
product-795922ede07e28180caa,FO & LSHS,FO & LSHS,2004-05,2004,2005,1,JAN,1210,metric_tonnes,india_petroleum_consumption.csv,1115,VALID
product-795922ede07e28180caa,FO & LSHS,FO & LSHS,2004-05,2004,2005,2,FEB,1092,metric_tonnes,india_petroleum_consumption.csv,1116,VALID
product-795922ede07e28180caa,FO & LSHS,FO & LSHS,2004-05,2004,2005,3,MAR,1271,metric_tonnes,india_petroleum_consumption.csv,1117,VALID
product-790810d5c5602dbecaf2,Bitumen,Bitumen,2004-05,2004,2004,4,APR,399,metric_tonnes,india_petroleum_consumption.csv,1118,VALID
product-790810d5c5602dbecaf2,Bitumen,Bitumen,2004-05,2004,2004,5,MAY,357,metric_tonnes,india_petroleum_consumption.csv,1119,VALID
product-790810d5c5602dbecaf2,Bitumen,Bitumen,2004-05,2004,2004,6,JUN,287,metric_tonnes,india_petroleum_consumption.csv,1120,VALID
product-790810d5c5602dbecaf2,Bitumen,Bitumen,2004-05,2004,2004,7,JUL,179,metric_tonnes,india_petroleum_consumption.csv,1121,VALID
product-790810d5c5602dbecaf2,Bitumen,Bitumen,2004-05,2004,2004,8,AUG,112,metric_tonnes,india_petroleum_consumption.csv,1122,VALID
product-790810d5c5602dbecaf2,Bitumen,Bitumen,2004-05,2004,2004,9,SEP,160,metric_tonnes,india_petroleum_consumption.csv,1123,VALID
product-790810d5c5602dbecaf2,Bitumen,Bitumen,2004-05,2004,2004,10,OCT,211,metric_tonnes,india_petroleum_consumption.csv,1124,VALID
product-790810d5c5602dbecaf2,Bitumen,Bitumen,2004-05,2004,2004,11,NOV,262,metric_tonnes,india_petroleum_consumption.csv,1125,VALID
product-790810d5c5602dbecaf2,Bitumen,Bitumen,2004-05,2004,2004,12,DEC,325,metric_tonnes,india_petroleum_consumption.csv,1126,VALID
product-790810d5c5602dbecaf2,Bitumen,Bitumen,2004-05,2004,2005,1,JAN,307,metric_tonnes,india_petroleum_consumption.csv,1127,VALID
product-790810d5c5602dbecaf2,Bitumen,Bitumen,2004-05,2004,2005,2,FEB,324,metric_tonnes,india_petroleum_consumption.csv,1128,VALID
product-790810d5c5602dbecaf2,Bitumen,Bitumen,2004-05,2004,2005,3,MAR,417,metric_tonnes,india_petroleum_consumption.csv,1129,VALID
product-64fce74e71066b7ec4cf,Petroleum coke,Petroleum coke,2004-05,2004,2004,4,APR,256,metric_tonnes,india_petroleum_consumption.csv,1130,VALID
product-64fce74e71066b7ec4cf,Petroleum coke,Petroleum coke,2004-05,2004,2004,5,MAY,305,metric_tonnes,india_petroleum_consumption.csv,1131,VALID
product-64fce74e71066b7ec4cf,Petroleum coke,Petroleum coke,2004-05,2004,2004,6,JUN,260,metric_tonnes,india_petroleum_consumption.csv,1132,VALID
product-64fce74e71066b7ec4cf,Petroleum coke,Petroleum coke,2004-05,2004,2004,7,JUL,258,metric_tonnes,india_petroleum_consumption.csv,1133,VALID
product-64fce74e71066b7ec4cf,Petroleum coke,Petroleum coke,2004-05,2004,2004,8,AUG,162,metric_tonnes,india_petroleum_consumption.csv,1134,VALID
product-64fce74e71066b7ec4cf,Petroleum coke,Petroleum coke,2004-05,2004,2004,9,SEP,229,metric_tonnes,india_petroleum_consumption.csv,1135,VALID
product-64fce74e71066b7ec4cf,Petroleum coke,Petroleum coke,2004-05,2004,2004,10,OCT,231,metric_tonnes,india_petroleum_consumption.csv,1136,VALID
product-64fce74e71066b7ec4cf,Petroleum coke,Petroleum coke,2004-05,2004,2004,11,NOV,285,metric_tonnes,india_petroleum_consumption.csv,1137,VALID
product-64fce74e71066b7ec4cf,Petroleum coke,Petroleum coke,2004-05,2004,2004,12,DEC,318,metric_tonnes,india_petroleum_consumption.csv,1138,VALID
product-64fce74e71066b7ec4cf,Petroleum coke,Petroleum coke,2004-05,2004,2005,1,JAN,270,metric_tonnes,india_petroleum_consumption.csv,1139,VALID
product-64fce74e71066b7ec4cf,Petroleum coke,Petroleum coke,2004-05,2004,2005,2,FEB,252,metric_tonnes,india_petroleum_consumption.csv,1140,VALID
product-64fce74e71066b7ec4cf,Petroleum coke,Petroleum coke,2004-05,2004,2005,3,MAR,303,metric_tonnes,india_petroleum_consumption.csv,1141,VALID
product-896a0734e71eaafd55e7,Others,Others,2004-05,2004,2004,4,APR,380,metric_tonnes,india_petroleum_consumption.csv,1142,VALID
product-896a0734e71eaafd55e7,Others,Others,2004-05,2004,2004,5,MAY,342,metric_tonnes,india_petroleum_consumption.csv,1143,VALID
product-896a0734e71eaafd55e7,Others,Others,2004-05,2004,2004,6,JUN,374,metric_tonnes,india_petroleum_consumption.csv,1144,VALID
product-896a0734e71eaafd55e7,Others,Others,2004-05,2004,2004,7,JUL,386,metric_tonnes,india_petroleum_consumption.csv,1145,VALID
product-896a0734e71eaafd55e7,Others,Others,2004-05,2004,2004,8,AUG,368,metric_tonnes,india_petroleum_consumption.csv,1146,VALID
product-896a0734e71eaafd55e7,Others,Others,2004-05,2004,2004,9,SEP,380,metric_tonnes,india_petroleum_consumption.csv,1147,VALID
product-896a0734e71eaafd55e7,Others,Others,2004-05,2004,2004,10,OCT,362,metric_tonnes,india_petroleum_consumption.csv,1148,VALID
product-896a0734e71eaafd55e7,Others,Others,2004-05,2004,2004,11,NOV,363,metric_tonnes,india_petroleum_consumption.csv,1149,VALID
product-896a0734e71eaafd55e7,Others,Others,2004-05,2004,2004,12,DEC,378,metric_tonnes,india_petroleum_consumption.csv,1150,VALID
product-896a0734e71eaafd55e7,Others,Others,2004-05,2004,2005,1,JAN,351,metric_tonnes,india_petroleum_consumption.csv,1151,VALID
product-896a0734e71eaafd55e7,Others,Others,2004-05,2004,2005,2,FEB,394,metric_tonnes,india_petroleum_consumption.csv,1152,VALID
product-896a0734e71eaafd55e7,Others,Others,2004-05,2004,2005,3,MAR,390,metric_tonnes,india_petroleum_consumption.csv,1153,VALID
product-5575ab85b7b20e8c4793,LPG,LPG,2005-06,2005,2005,4,APR,816,metric_tonnes,india_petroleum_consumption.csv,1154,VALID
product-5575ab85b7b20e8c4793,LPG,LPG,2005-06,2005,2005,5,MAY,811,metric_tonnes,india_petroleum_consumption.csv,1155,VALID
product-5575ab85b7b20e8c4793,LPG,LPG,2005-06,2005,2005,6,JUN,794,metric_tonnes,india_petroleum_consumption.csv,1156,VALID
product-5575ab85b7b20e8c4793,LPG,LPG,2005-06,2005,2005,7,JUL,834,metric_tonnes,india_petroleum_consumption.csv,1157,VALID
product-5575ab85b7b20e8c4793,LPG,LPG,2005-06,2005,2005,8,AUG,883,metric_tonnes,india_petroleum_consumption.csv,1158,VALID
product-5575ab85b7b20e8c4793,LPG,LPG,2005-06,2005,2005,9,SEP,846,metric_tonnes,india_petroleum_consumption.csv,1159,VALID
product-5575ab85b7b20e8c4793,LPG,LPG,2005-06,2005,2005,10,OCT,969,metric_tonnes,india_petroleum_consumption.csv,1160,VALID
product-5575ab85b7b20e8c4793,LPG,LPG,2005-06,2005,2005,11,NOV,904,metric_tonnes,india_petroleum_consumption.csv,1161,VALID
product-5575ab85b7b20e8c4793,LPG,LPG,2005-06,2005,2005,12,DEC,931,metric_tonnes,india_petroleum_consumption.csv,1162,VALID
product-5575ab85b7b20e8c4793,LPG,LPG,2005-06,2005,2006,1,JAN,919,metric_tonnes,india_petroleum_consumption.csv,1163,VALID
product-5575ab85b7b20e8c4793,LPG,LPG,2005-06,2005,2006,2,FEB,878,metric_tonnes,india_petroleum_consumption.csv,1164,VALID
product-5575ab85b7b20e8c4793,LPG,LPG,2005-06,2005,2006,3,MAR,871,metric_tonnes,india_petroleum_consumption.csv,1165,VALID
product-352b4599428c13efa359,Naphtha,Naphtha,2005-06,2005,2005,4,APR,927,metric_tonnes,india_petroleum_consumption.csv,1166,VALID
product-352b4599428c13efa359,Naphtha,Naphtha,2005-06,2005,2005,5,MAY,1034,metric_tonnes,india_petroleum_consumption.csv,1167,VALID
product-352b4599428c13efa359,Naphtha,Naphtha,2005-06,2005,2005,6,JUN,1031,metric_tonnes,india_petroleum_consumption.csv,1168,VALID
product-352b4599428c13efa359,Naphtha,Naphtha,2005-06,2005,2005,7,JUL,1036,metric_tonnes,india_petroleum_consumption.csv,1169,VALID
product-352b4599428c13efa359,Naphtha,Naphtha,2005-06,2005,2005,8,AUG,1024,metric_tonnes,india_petroleum_consumption.csv,1170,VALID
product-352b4599428c13efa359,Naphtha,Naphtha,2005-06,2005,2005,9,SEP,1045,metric_tonnes,india_petroleum_consumption.csv,1171,VALID
product-352b4599428c13efa359,Naphtha,Naphtha,2005-06,2005,2005,10,OCT,1012,metric_tonnes,india_petroleum_consumption.csv,1172,VALID
product-352b4599428c13efa359,Naphtha,Naphtha,2005-06,2005,2005,11,NOV,825,metric_tonnes,india_petroleum_consumption.csv,1173,VALID
product-352b4599428c13efa359,Naphtha,Naphtha,2005-06,2005,2005,12,DEC,1078,metric_tonnes,india_petroleum_consumption.csv,1174,VALID
product-352b4599428c13efa359,Naphtha,Naphtha,2005-06,2005,2006,1,JAN,1072,metric_tonnes,india_petroleum_consumption.csv,1175,VALID
product-352b4599428c13efa359,Naphtha,Naphtha,2005-06,2005,2006,2,FEB,1068,metric_tonnes,india_petroleum_consumption.csv,1176,VALID
product-352b4599428c13efa359,Naphtha,Naphtha,2005-06,2005,2006,3,MAR,1044,metric_tonnes,india_petroleum_consumption.csv,1177,VALID
product-8d171ab9b604e34124ea,MS,MS,2005-06,2005,2005,4,APR,671,metric_tonnes,india_petroleum_consumption.csv,1178,VALID
product-8d171ab9b604e34124ea,MS,MS,2005-06,2005,2005,5,MAY,796,metric_tonnes,india_petroleum_consumption.csv,1179,VALID
product-8d171ab9b604e34124ea,MS,MS,2005-06,2005,2005,6,JUN,722,metric_tonnes,india_petroleum_consumption.csv,1180,VALID
product-8d171ab9b604e34124ea,MS,MS,2005-06,2005,2005,7,JUL,701,metric_tonnes,india_petroleum_consumption.csv,1181,VALID
product-8d171ab9b604e34124ea,MS,MS,2005-06,2005,2005,8,AUG,756,metric_tonnes,india_petroleum_consumption.csv,1182,VALID
product-8d171ab9b604e34124ea,MS,MS,2005-06,2005,2005,9,SEP,661,metric_tonnes,india_petroleum_consumption.csv,1183,VALID
product-8d171ab9b604e34124ea,MS,MS,2005-06,2005,2005,10,OCT,714,metric_tonnes,india_petroleum_consumption.csv,1184,VALID
product-8d171ab9b604e34124ea,MS,MS,2005-06,2005,2005,11,NOV,700,metric_tonnes,india_petroleum_consumption.csv,1185,VALID
product-8d171ab9b604e34124ea,MS,MS,2005-06,2005,2005,12,DEC,733,metric_tonnes,india_petroleum_consumption.csv,1186,VALID
product-8d171ab9b604e34124ea,MS,MS,2005-06,2005,2006,1,JAN,713,metric_tonnes,india_petroleum_consumption.csv,1187,VALID
product-8d171ab9b604e34124ea,MS,MS,2005-06,2005,2006,2,FEB,718,metric_tonnes,india_petroleum_consumption.csv,1188,VALID
product-8d171ab9b604e34124ea,MS,MS,2005-06,2005,2006,3,MAR,764,metric_tonnes,india_petroleum_consumption.csv,1189,VALID
product-198fc08108a024c9da45,ATF,ATF,2005-06,2005,2005,4,APR,243,metric_tonnes,india_petroleum_consumption.csv,1190,VALID
product-198fc08108a024c9da45,ATF,ATF,2005-06,2005,2005,5,MAY,248,metric_tonnes,india_petroleum_consumption.csv,1191,VALID
product-198fc08108a024c9da45,ATF,ATF,2005-06,2005,2005,6,JUN,241,metric_tonnes,india_petroleum_consumption.csv,1192,VALID
product-198fc08108a024c9da45,ATF,ATF,2005-06,2005,2005,7,JUL,241,metric_tonnes,india_petroleum_consumption.csv,1193,VALID
product-198fc08108a024c9da45,ATF,ATF,2005-06,2005,2005,8,AUG,255,metric_tonnes,india_petroleum_consumption.csv,1194,VALID
product-198fc08108a024c9da45,ATF,ATF,2005-06,2005,2005,9,SEP,256,metric_tonnes,india_petroleum_consumption.csv,1195,VALID
product-198fc08108a024c9da45,ATF,ATF,2005-06,2005,2005,10,OCT,269,metric_tonnes,india_petroleum_consumption.csv,1196,VALID
product-198fc08108a024c9da45,ATF,ATF,2005-06,2005,2005,11,NOV,284,metric_tonnes,india_petroleum_consumption.csv,1197,VALID
product-198fc08108a024c9da45,ATF,ATF,2005-06,2005,2005,12,DEC,313,metric_tonnes,india_petroleum_consumption.csv,1198,VALID
product-198fc08108a024c9da45,ATF,ATF,2005-06,2005,2006,1,JAN,326,metric_tonnes,india_petroleum_consumption.csv,1199,VALID
product-198fc08108a024c9da45,ATF,ATF,2005-06,2005,2006,2,FEB,296,metric_tonnes,india_petroleum_consumption.csv,1200,VALID
product-198fc08108a024c9da45,ATF,ATF,2005-06,2005,2006,3,MAR,326,metric_tonnes,india_petroleum_consumption.csv,1201,VALID
product-cdf634489bfbff660916,SKO,SKO,2005-06,2005,2005,4,APR,792,metric_tonnes,india_petroleum_consumption.csv,1202,VALID
product-cdf634489bfbff660916,SKO,SKO,2005-06,2005,2005,5,MAY,808,metric_tonnes,india_petroleum_consumption.csv,1203,VALID
product-cdf634489bfbff660916,SKO,SKO,2005-06,2005,2005,6,JUN,823,metric_tonnes,india_petroleum_consumption.csv,1204,VALID
product-cdf634489bfbff660916,SKO,SKO,2005-06,2005,2005,7,JUL,825,metric_tonnes,india_petroleum_consumption.csv,1205,VALID
product-cdf634489bfbff660916,SKO,SKO,2005-06,2005,2005,8,AUG,813,metric_tonnes,india_petroleum_consumption.csv,1206,VALID
product-cdf634489bfbff660916,SKO,SKO,2005-06,2005,2005,9,SEP,789,metric_tonnes,india_petroleum_consumption.csv,1207,VALID
product-cdf634489bfbff660916,SKO,SKO,2005-06,2005,2005,10,OCT,774,metric_tonnes,india_petroleum_consumption.csv,1208,VALID
product-cdf634489bfbff660916,SKO,SKO,2005-06,2005,2005,11,NOV,773,metric_tonnes,india_petroleum_consumption.csv,1209,VALID
product-cdf634489bfbff660916,SKO,SKO,2005-06,2005,2005,12,DEC,791,metric_tonnes,india_petroleum_consumption.csv,1210,VALID
product-cdf634489bfbff660916,SKO,SKO,2005-06,2005,2006,1,JAN,792,metric_tonnes,india_petroleum_consumption.csv,1211,VALID
product-cdf634489bfbff660916,SKO,SKO,2005-06,2005,2006,2,FEB,779,metric_tonnes,india_petroleum_consumption.csv,1212,VALID
product-cdf634489bfbff660916,SKO,SKO,2005-06,2005,2006,3,MAR,782,metric_tonnes,india_petroleum_consumption.csv,1213,VALID
product-a81277714f19fd11a0e0,HSD,HSD,2005-06,2005,2005,4,APR,3357,metric_tonnes,india_petroleum_consumption.csv,1214,VALID
product-a81277714f19fd11a0e0,HSD,HSD,2005-06,2005,2005,5,MAY,3549,metric_tonnes,india_petroleum_consumption.csv,1215,VALID
product-a81277714f19fd11a0e0,HSD,HSD,2005-06,2005,2005,6,JUN,3398,metric_tonnes,india_petroleum_consumption.csv,1216,VALID
product-a81277714f19fd11a0e0,HSD,HSD,2005-06,2005,2005,7,JUL,3109,metric_tonnes,india_petroleum_consumption.csv,1217,VALID
product-a81277714f19fd11a0e0,HSD,HSD,2005-06,2005,2005,8,AUG,3170,metric_tonnes,india_petroleum_consumption.csv,1218,VALID
product-a81277714f19fd11a0e0,HSD,HSD,2005-06,2005,2005,9,SEP,2815,metric_tonnes,india_petroleum_consumption.csv,1219,VALID
product-a81277714f19fd11a0e0,HSD,HSD,2005-06,2005,2005,10,OCT,3300,metric_tonnes,india_petroleum_consumption.csv,1220,VALID
product-a81277714f19fd11a0e0,HSD,HSD,2005-06,2005,2005,11,NOV,3371,metric_tonnes,india_petroleum_consumption.csv,1221,VALID
product-a81277714f19fd11a0e0,HSD,HSD,2005-06,2005,2005,12,DEC,3685,metric_tonnes,india_petroleum_consumption.csv,1222,VALID
product-a81277714f19fd11a0e0,HSD,HSD,2005-06,2005,2006,1,JAN,3430,metric_tonnes,india_petroleum_consumption.csv,1223,VALID
product-a81277714f19fd11a0e0,HSD,HSD,2005-06,2005,2006,2,FEB,3428,metric_tonnes,india_petroleum_consumption.csv,1224,VALID
product-a81277714f19fd11a0e0,HSD,HSD,2005-06,2005,2006,3,MAR,3579,metric_tonnes,india_petroleum_consumption.csv,1225,VALID
product-1fe5626b86832387d536,LDO,LDO,2005-06,2005,2005,4,APR,79,metric_tonnes,india_petroleum_consumption.csv,1226,VALID
product-1fe5626b86832387d536,LDO,LDO,2005-06,2005,2005,5,MAY,81,metric_tonnes,india_petroleum_consumption.csv,1227,VALID
product-1fe5626b86832387d536,LDO,LDO,2005-06,2005,2005,6,JUN,83,metric_tonnes,india_petroleum_consumption.csv,1228,VALID
product-1fe5626b86832387d536,LDO,LDO,2005-06,2005,2005,7,JUL,77,metric_tonnes,india_petroleum_consumption.csv,1229,VALID
product-1fe5626b86832387d536,LDO,LDO,2005-06,2005,2005,8,AUG,81,metric_tonnes,india_petroleum_consumption.csv,1230,VALID
product-1fe5626b86832387d536,LDO,LDO,2005-06,2005,2005,9,SEP,67,metric_tonnes,india_petroleum_consumption.csv,1231,VALID
product-1fe5626b86832387d536,LDO,LDO,2005-06,2005,2005,10,OCT,72,metric_tonnes,india_petroleum_consumption.csv,1232,VALID
product-1fe5626b86832387d536,LDO,LDO,2005-06,2005,2005,11,NOV,73,metric_tonnes,india_petroleum_consumption.csv,1233,VALID
product-1fe5626b86832387d536,LDO,LDO,2005-06,2005,2005,12,DEC,72,metric_tonnes,india_petroleum_consumption.csv,1234,VALID
product-1fe5626b86832387d536,LDO,LDO,2005-06,2005,2006,1,JAN,68,metric_tonnes,india_petroleum_consumption.csv,1235,VALID
product-1fe5626b86832387d536,LDO,LDO,2005-06,2005,2006,2,FEB,66,metric_tonnes,india_petroleum_consumption.csv,1236,VALID
product-1fe5626b86832387d536,LDO,LDO,2005-06,2005,2006,3,MAR,63,metric_tonnes,india_petroleum_consumption.csv,1237,VALID
product-95702a7f9ab5e32d6bf4,Lubricants & Greases,Lubricants & Greases,2005-06,2005,2005,4,APR,150,metric_tonnes,india_petroleum_consumption.csv,1238,VALID
product-95702a7f9ab5e32d6bf4,Lubricants & Greases,Lubricants & Greases,2005-06,2005,2005,5,MAY,206,metric_tonnes,india_petroleum_consumption.csv,1239,VALID
product-95702a7f9ab5e32d6bf4,Lubricants & Greases,Lubricants & Greases,2005-06,2005,2005,6,JUN,183,metric_tonnes,india_petroleum_consumption.csv,1240,VALID
product-95702a7f9ab5e32d6bf4,Lubricants & Greases,Lubricants & Greases,2005-06,2005,2005,7,JUL,173,metric_tonnes,india_petroleum_consumption.csv,1241,VALID
product-95702a7f9ab5e32d6bf4,Lubricants & Greases,Lubricants & Greases,2005-06,2005,2005,8,AUG,216,metric_tonnes,india_petroleum_consumption.csv,1242,VALID
product-95702a7f9ab5e32d6bf4,Lubricants & Greases,Lubricants & Greases,2005-06,2005,2005,9,SEP,174,metric_tonnes,india_petroleum_consumption.csv,1243,VALID
product-95702a7f9ab5e32d6bf4,Lubricants & Greases,Lubricants & Greases,2005-06,2005,2005,10,OCT,180,metric_tonnes,india_petroleum_consumption.csv,1244,VALID
product-95702a7f9ab5e32d6bf4,Lubricants & Greases,Lubricants & Greases,2005-06,2005,2005,11,NOV,175,metric_tonnes,india_petroleum_consumption.csv,1245,VALID
product-95702a7f9ab5e32d6bf4,Lubricants & Greases,Lubricants & Greases,2005-06,2005,2005,12,DEC,118,metric_tonnes,india_petroleum_consumption.csv,1246,VALID
product-95702a7f9ab5e32d6bf4,Lubricants & Greases,Lubricants & Greases,2005-06,2005,2006,1,JAN,142,metric_tonnes,india_petroleum_consumption.csv,1247,VALID
product-95702a7f9ab5e32d6bf4,Lubricants & Greases,Lubricants & Greases,2005-06,2005,2006,2,FEB,159,metric_tonnes,india_petroleum_consumption.csv,1248,VALID
product-95702a7f9ab5e32d6bf4,Lubricants & Greases,Lubricants & Greases,2005-06,2005,2006,3,MAR,207,metric_tonnes,india_petroleum_consumption.csv,1249,VALID
product-795922ede07e28180caa,FO & LSHS,FO & LSHS,2005-06,2005,2005,4,APR,1004,metric_tonnes,india_petroleum_consumption.csv,1250,VALID
product-795922ede07e28180caa,FO & LSHS,FO & LSHS,2005-06,2005,2005,5,MAY,1068,metric_tonnes,india_petroleum_consumption.csv,1251,VALID
product-795922ede07e28180caa,FO & LSHS,FO & LSHS,2005-06,2005,2005,6,JUN,1155,metric_tonnes,india_petroleum_consumption.csv,1252,VALID
product-795922ede07e28180caa,FO & LSHS,FO & LSHS,2005-06,2005,2005,7,JUL,1049,metric_tonnes,india_petroleum_consumption.csv,1253,VALID
product-795922ede07e28180caa,FO & LSHS,FO & LSHS,2005-06,2005,2005,8,AUG,1175,metric_tonnes,india_petroleum_consumption.csv,1254,VALID
product-795922ede07e28180caa,FO & LSHS,FO & LSHS,2005-06,2005,2005,9,SEP,1046,metric_tonnes,india_petroleum_consumption.csv,1255,VALID
product-795922ede07e28180caa,FO & LSHS,FO & LSHS,2005-06,2005,2005,10,OCT,1062,metric_tonnes,india_petroleum_consumption.csv,1256,VALID
product-795922ede07e28180caa,FO & LSHS,FO & LSHS,2005-06,2005,2005,11,NOV,968,metric_tonnes,india_petroleum_consumption.csv,1257,VALID
product-795922ede07e28180caa,FO & LSHS,FO & LSHS,2005-06,2005,2005,12,DEC,1121,metric_tonnes,india_petroleum_consumption.csv,1258,VALID
product-795922ede07e28180caa,FO & LSHS,FO & LSHS,2005-06,2005,2006,1,JAN,1110,metric_tonnes,india_petroleum_consumption.csv,1259,VALID
product-795922ede07e28180caa,FO & LSHS,FO & LSHS,2005-06,2005,2006,2,FEB,963,metric_tonnes,india_petroleum_consumption.csv,1260,VALID
product-795922ede07e28180caa,FO & LSHS,FO & LSHS,2005-06,2005,2006,3,MAR,1107,metric_tonnes,india_petroleum_consumption.csv,1261,VALID
product-790810d5c5602dbecaf2,Bitumen,Bitumen,2005-06,2005,2005,4,APR,341,metric_tonnes,india_petroleum_consumption.csv,1262,VALID
product-790810d5c5602dbecaf2,Bitumen,Bitumen,2005-06,2005,2005,5,MAY,388,metric_tonnes,india_petroleum_consumption.csv,1263,VALID
product-790810d5c5602dbecaf2,Bitumen,Bitumen,2005-06,2005,2005,6,JUN,313,metric_tonnes,india_petroleum_consumption.csv,1264,VALID
product-790810d5c5602dbecaf2,Bitumen,Bitumen,2005-06,2005,2005,7,JUL,153,metric_tonnes,india_petroleum_consumption.csv,1265,VALID
product-790810d5c5602dbecaf2,Bitumen,Bitumen,2005-06,2005,2005,8,AUG,138,metric_tonnes,india_petroleum_consumption.csv,1266,VALID
product-790810d5c5602dbecaf2,Bitumen,Bitumen,2005-06,2005,2005,9,SEP,152,metric_tonnes,india_petroleum_consumption.csv,1267,VALID
product-790810d5c5602dbecaf2,Bitumen,Bitumen,2005-06,2005,2005,10,OCT,236,metric_tonnes,india_petroleum_consumption.csv,1268,VALID
product-790810d5c5602dbecaf2,Bitumen,Bitumen,2005-06,2005,2005,11,NOV,272,metric_tonnes,india_petroleum_consumption.csv,1269,VALID
product-790810d5c5602dbecaf2,Bitumen,Bitumen,2005-06,2005,2005,12,DEC,349,metric_tonnes,india_petroleum_consumption.csv,1270,VALID
product-790810d5c5602dbecaf2,Bitumen,Bitumen,2005-06,2005,2006,1,JAN,308,metric_tonnes,india_petroleum_consumption.csv,1271,VALID
product-790810d5c5602dbecaf2,Bitumen,Bitumen,2005-06,2005,2006,2,FEB,371,metric_tonnes,india_petroleum_consumption.csv,1272,VALID
product-790810d5c5602dbecaf2,Bitumen,Bitumen,2005-06,2005,2006,3,MAR,488,metric_tonnes,india_petroleum_consumption.csv,1273,VALID
product-64fce74e71066b7ec4cf,Petroleum coke,Petroleum coke,2005-06,2005,2005,4,APR,296,metric_tonnes,india_petroleum_consumption.csv,1274,VALID
product-64fce74e71066b7ec4cf,Petroleum coke,Petroleum coke,2005-06,2005,2005,5,MAY,371,metric_tonnes,india_petroleum_consumption.csv,1275,VALID
product-64fce74e71066b7ec4cf,Petroleum coke,Petroleum coke,2005-06,2005,2005,6,JUN,325,metric_tonnes,india_petroleum_consumption.csv,1276,VALID
product-64fce74e71066b7ec4cf,Petroleum coke,Petroleum coke,2005-06,2005,2005,7,JUL,482,metric_tonnes,india_petroleum_consumption.csv,1277,VALID
product-64fce74e71066b7ec4cf,Petroleum coke,Petroleum coke,2005-06,2005,2005,8,AUG,457,metric_tonnes,india_petroleum_consumption.csv,1278,VALID
product-64fce74e71066b7ec4cf,Petroleum coke,Petroleum coke,2005-06,2005,2005,9,SEP,491,metric_tonnes,india_petroleum_consumption.csv,1279,VALID
product-64fce74e71066b7ec4cf,Petroleum coke,Petroleum coke,2005-06,2005,2005,10,OCT,435,metric_tonnes,india_petroleum_consumption.csv,1280,VALID
product-64fce74e71066b7ec4cf,Petroleum coke,Petroleum coke,2005-06,2005,2005,11,NOV,373,metric_tonnes,india_petroleum_consumption.csv,1281,VALID
product-64fce74e71066b7ec4cf,Petroleum coke,Petroleum coke,2005-06,2005,2005,12,DEC,476,metric_tonnes,india_petroleum_consumption.csv,1282,VALID
product-64fce74e71066b7ec4cf,Petroleum coke,Petroleum coke,2005-06,2005,2006,1,JAN,362,metric_tonnes,india_petroleum_consumption.csv,1283,VALID
product-64fce74e71066b7ec4cf,Petroleum coke,Petroleum coke,2005-06,2005,2006,2,FEB,346,metric_tonnes,india_petroleum_consumption.csv,1284,VALID
product-64fce74e71066b7ec4cf,Petroleum coke,Petroleum coke,2005-06,2005,2006,3,MAR,516,metric_tonnes,india_petroleum_consumption.csv,1285,VALID
product-896a0734e71eaafd55e7,Others,Others,2005-06,2005,2005,4,APR,380,metric_tonnes,india_petroleum_consumption.csv,1286,VALID
product-896a0734e71eaafd55e7,Others,Others,2005-06,2005,2005,5,MAY,386,metric_tonnes,india_petroleum_consumption.csv,1287,VALID
product-896a0734e71eaafd55e7,Others,Others,2005-06,2005,2005,6,JUN,353,metric_tonnes,india_petroleum_consumption.csv,1288,VALID
product-896a0734e71eaafd55e7,Others,Others,2005-06,2005,2005,7,JUL,392,metric_tonnes,india_petroleum_consumption.csv,1289,VALID
product-896a0734e71eaafd55e7,Others,Others,2005-06,2005,2005,8,AUG,488,metric_tonnes,india_petroleum_consumption.csv,1290,VALID
product-896a0734e71eaafd55e7,Others,Others,2005-06,2005,2005,9,SEP,372,metric_tonnes,india_petroleum_consumption.csv,1291,VALID
product-896a0734e71eaafd55e7,Others,Others,2005-06,2005,2005,10,OCT,277,metric_tonnes,india_petroleum_consumption.csv,1292,VALID
product-896a0734e71eaafd55e7,Others,Others,2005-06,2005,2005,11,NOV,262,metric_tonnes,india_petroleum_consumption.csv,1293,VALID
product-896a0734e71eaafd55e7,Others,Others,2005-06,2005,2005,12,DEC,441,metric_tonnes,india_petroleum_consumption.csv,1294,VALID
product-896a0734e71eaafd55e7,Others,Others,2005-06,2005,2006,1,JAN,503,metric_tonnes,india_petroleum_consumption.csv,1295,VALID
product-896a0734e71eaafd55e7,Others,Others,2005-06,2005,2006,2,FEB,327,metric_tonnes,india_petroleum_consumption.csv,1296,VALID
product-896a0734e71eaafd55e7,Others,Others,2005-06,2005,2006,3,MAR,478,metric_tonnes,india_petroleum_consumption.csv,1297,VALID
product-5575ab85b7b20e8c4793,LPG,LPG,2006-07,2006,2006,4,APR,804,metric_tonnes,india_petroleum_consumption.csv,1298,VALID
product-5575ab85b7b20e8c4793,LPG,LPG,2006-07,2006,2006,5,MAY,856,metric_tonnes,india_petroleum_consumption.csv,1299,VALID
product-5575ab85b7b20e8c4793,LPG,LPG,2006-07,2006,2006,6,JUN,828,metric_tonnes,india_petroleum_consumption.csv,1300,VALID
product-5575ab85b7b20e8c4793,LPG,LPG,2006-07,2006,2006,7,JUL,863,metric_tonnes,india_petroleum_consumption.csv,1301,VALID
product-5575ab85b7b20e8c4793,LPG,LPG,2006-07,2006,2006,8,AUG,899,metric_tonnes,india_petroleum_consumption.csv,1302,VALID
product-5575ab85b7b20e8c4793,LPG,LPG,2006-07,2006,2006,9,SEP,906,metric_tonnes,india_petroleum_consumption.csv,1303,VALID
product-5575ab85b7b20e8c4793,LPG,LPG,2006-07,2006,2006,10,OCT,892,metric_tonnes,india_petroleum_consumption.csv,1304,VALID
product-5575ab85b7b20e8c4793,LPG,LPG,2006-07,2006,2006,11,NOV,928,metric_tonnes,india_petroleum_consumption.csv,1305,VALID
product-5575ab85b7b20e8c4793,LPG,LPG,2006-07,2006,2006,12,DEC,955,metric_tonnes,india_petroleum_consumption.csv,1306,VALID
product-5575ab85b7b20e8c4793,LPG,LPG,2006-07,2006,2007,1,JAN,985,metric_tonnes,india_petroleum_consumption.csv,1307,VALID
product-5575ab85b7b20e8c4793,LPG,LPG,2006-07,2006,2007,2,FEB,954,metric_tonnes,india_petroleum_consumption.csv,1308,VALID
product-5575ab85b7b20e8c4793,LPG,LPG,2006-07,2006,2007,3,MAR,979,metric_tonnes,india_petroleum_consumption.csv,1309,VALID
product-352b4599428c13efa359,Naphtha,Naphtha,2006-07,2006,2006,4,APR,1011,metric_tonnes,india_petroleum_consumption.csv,1310,VALID
product-352b4599428c13efa359,Naphtha,Naphtha,2006-07,2006,2006,5,MAY,1206,metric_tonnes,india_petroleum_consumption.csv,1311,VALID
product-352b4599428c13efa359,Naphtha,Naphtha,2006-07,2006,2006,6,JUN,1334,metric_tonnes,india_petroleum_consumption.csv,1312,VALID
product-352b4599428c13efa359,Naphtha,Naphtha,2006-07,2006,2006,7,JUL,1022,metric_tonnes,india_petroleum_consumption.csv,1313,VALID
product-352b4599428c13efa359,Naphtha,Naphtha,2006-07,2006,2006,8,AUG,1045,metric_tonnes,india_petroleum_consumption.csv,1314,VALID
product-352b4599428c13efa359,Naphtha,Naphtha,2006-07,2006,2006,9,SEP,1121,metric_tonnes,india_petroleum_consumption.csv,1315,VALID
product-352b4599428c13efa359,Naphtha,Naphtha,2006-07,2006,2006,10,OCT,1137,metric_tonnes,india_petroleum_consumption.csv,1316,VALID
product-352b4599428c13efa359,Naphtha,Naphtha,2006-07,2006,2006,11,NOV,1225,metric_tonnes,india_petroleum_consumption.csv,1317,VALID
product-352b4599428c13efa359,Naphtha,Naphtha,2006-07,2006,2006,12,DEC,1181,metric_tonnes,india_petroleum_consumption.csv,1318,VALID
product-352b4599428c13efa359,Naphtha,Naphtha,2006-07,2006,2007,1,JAN,1384,metric_tonnes,india_petroleum_consumption.csv,1319,VALID
product-352b4599428c13efa359,Naphtha,Naphtha,2006-07,2006,2007,2,FEB,1076,metric_tonnes,india_petroleum_consumption.csv,1320,VALID
product-352b4599428c13efa359,Naphtha,Naphtha,2006-07,2006,2007,3,MAR,1145,metric_tonnes,india_petroleum_consumption.csv,1321,VALID
product-8d171ab9b604e34124ea,MS,MS,2006-07,2006,2006,4,APR,735,metric_tonnes,india_petroleum_consumption.csv,1322,VALID
product-8d171ab9b604e34124ea,MS,MS,2006-07,2006,2006,5,MAY,899,metric_tonnes,india_petroleum_consumption.csv,1323,VALID
product-8d171ab9b604e34124ea,MS,MS,2006-07,2006,2006,6,JUN,709,metric_tonnes,india_petroleum_consumption.csv,1324,VALID
product-8d171ab9b604e34124ea,MS,MS,2006-07,2006,2006,7,JUL,729,metric_tonnes,india_petroleum_consumption.csv,1325,VALID
product-8d171ab9b604e34124ea,MS,MS,2006-07,2006,2006,8,AUG,756,metric_tonnes,india_petroleum_consumption.csv,1326,VALID
product-8d171ab9b604e34124ea,MS,MS,2006-07,2006,2006,9,SEP,751,metric_tonnes,india_petroleum_consumption.csv,1327,VALID
product-8d171ab9b604e34124ea,MS,MS,2006-07,2006,2006,10,OCT,764,metric_tonnes,india_petroleum_consumption.csv,1328,VALID
product-8d171ab9b604e34124ea,MS,MS,2006-07,2006,2006,11,NOV,737,metric_tonnes,india_petroleum_consumption.csv,1329,VALID
product-8d171ab9b604e34124ea,MS,MS,2006-07,2006,2006,12,DEC,803,metric_tonnes,india_petroleum_consumption.csv,1330,VALID
product-8d171ab9b604e34124ea,MS,MS,2006-07,2006,2007,1,JAN,774,metric_tonnes,india_petroleum_consumption.csv,1331,VALID
product-8d171ab9b604e34124ea,MS,MS,2006-07,2006,2007,2,FEB,750,metric_tonnes,india_petroleum_consumption.csv,1332,VALID
product-8d171ab9b604e34124ea,MS,MS,2006-07,2006,2007,3,MAR,880,metric_tonnes,india_petroleum_consumption.csv,1333,VALID
product-198fc08108a024c9da45,ATF,ATF,2006-07,2006,2006,4,APR,312,metric_tonnes,india_petroleum_consumption.csv,1334,VALID
product-198fc08108a024c9da45,ATF,ATF,2006-07,2006,2006,5,MAY,317,metric_tonnes,india_petroleum_consumption.csv,1335,VALID
product-198fc08108a024c9da45,ATF,ATF,2006-07,2006,2006,6,JUN,302,metric_tonnes,india_petroleum_consumption.csv,1336,VALID
product-198fc08108a024c9da45,ATF,ATF,2006-07,2006,2006,7,JUL,307,metric_tonnes,india_petroleum_consumption.csv,1337,VALID
product-198fc08108a024c9da45,ATF,ATF,2006-07,2006,2006,8,AUG,309,metric_tonnes,india_petroleum_consumption.csv,1338,VALID
product-198fc08108a024c9da45,ATF,ATF,2006-07,2006,2006,9,SEP,311,metric_tonnes,india_petroleum_consumption.csv,1339,VALID
product-198fc08108a024c9da45,ATF,ATF,2006-07,2006,2006,10,OCT,319,metric_tonnes,india_petroleum_consumption.csv,1340,VALID
product-198fc08108a024c9da45,ATF,ATF,2006-07,2006,2006,11,NOV,348,metric_tonnes,india_petroleum_consumption.csv,1341,VALID
product-198fc08108a024c9da45,ATF,ATF,2006-07,2006,2006,12,DEC,368,metric_tonnes,india_petroleum_consumption.csv,1342,VALID
product-198fc08108a024c9da45,ATF,ATF,2006-07,2006,2007,1,JAN,374,metric_tonnes,india_petroleum_consumption.csv,1343,VALID
product-198fc08108a024c9da45,ATF,ATF,2006-07,2006,2007,2,FEB,339,metric_tonnes,india_petroleum_consumption.csv,1344,VALID
product-198fc08108a024c9da45,ATF,ATF,2006-07,2006,2007,3,MAR,377,metric_tonnes,india_petroleum_consumption.csv,1345,VALID
product-cdf634489bfbff660916,SKO,SKO,2006-07,2006,2006,4,APR,769,metric_tonnes,india_petroleum_consumption.csv,1346,VALID
product-cdf634489bfbff660916,SKO,SKO,2006-07,2006,2006,5,MAY,781,metric_tonnes,india_petroleum_consumption.csv,1347,VALID
product-cdf634489bfbff660916,SKO,SKO,2006-07,2006,2006,6,JUN,835,metric_tonnes,india_petroleum_consumption.csv,1348,VALID
product-cdf634489bfbff660916,SKO,SKO,2006-07,2006,2006,7,JUL,798,metric_tonnes,india_petroleum_consumption.csv,1349,VALID
product-cdf634489bfbff660916,SKO,SKO,2006-07,2006,2006,8,AUG,821,metric_tonnes,india_petroleum_consumption.csv,1350,VALID
product-cdf634489bfbff660916,SKO,SKO,2006-07,2006,2006,9,SEP,798,metric_tonnes,india_petroleum_consumption.csv,1351,VALID
product-cdf634489bfbff660916,SKO,SKO,2006-07,2006,2006,10,OCT,766,metric_tonnes,india_petroleum_consumption.csv,1352,VALID
product-cdf634489bfbff660916,SKO,SKO,2006-07,2006,2006,11,NOV,789,metric_tonnes,india_petroleum_consumption.csv,1353,VALID
product-cdf634489bfbff660916,SKO,SKO,2006-07,2006,2006,12,DEC,797,metric_tonnes,india_petroleum_consumption.csv,1354,VALID
product-cdf634489bfbff660916,SKO,SKO,2006-07,2006,2007,1,JAN,780,metric_tonnes,india_petroleum_consumption.csv,1355,VALID
product-cdf634489bfbff660916,SKO,SKO,2006-07,2006,2007,2,FEB,777,metric_tonnes,india_petroleum_consumption.csv,1356,VALID
product-cdf634489bfbff660916,SKO,SKO,2006-07,2006,2007,3,MAR,793,metric_tonnes,india_petroleum_consumption.csv,1357,VALID
product-a81277714f19fd11a0e0,HSD,HSD,2006-07,2006,2006,4,APR,3667,metric_tonnes,india_petroleum_consumption.csv,1358,VALID
product-a81277714f19fd11a0e0,HSD,HSD,2006-07,2006,2006,5,MAY,4080,metric_tonnes,india_petroleum_consumption.csv,1359,VALID
product-a81277714f19fd11a0e0,HSD,HSD,2006-07,2006,2006,6,JUN,3277,metric_tonnes,india_petroleum_consumption.csv,1360,VALID
product-a81277714f19fd11a0e0,HSD,HSD,2006-07,2006,2006,7,JUL,3237,metric_tonnes,india_petroleum_consumption.csv,1361,VALID
product-a81277714f19fd11a0e0,HSD,HSD,2006-07,2006,2006,8,AUG,3131,metric_tonnes,india_petroleum_consumption.csv,1362,VALID
product-a81277714f19fd11a0e0,HSD,HSD,2006-07,2006,2006,9,SEP,3244,metric_tonnes,india_petroleum_consumption.csv,1363,VALID
product-a81277714f19fd11a0e0,HSD,HSD,2006-07,2006,2006,10,OCT,3410,metric_tonnes,india_petroleum_consumption.csv,1364,VALID
product-a81277714f19fd11a0e0,HSD,HSD,2006-07,2006,2006,11,NOV,3730,metric_tonnes,india_petroleum_consumption.csv,1365,VALID
product-a81277714f19fd11a0e0,HSD,HSD,2006-07,2006,2006,12,DEC,3944,metric_tonnes,india_petroleum_consumption.csv,1366,VALID
product-a81277714f19fd11a0e0,HSD,HSD,2006-07,2006,2007,1,JAN,3710,metric_tonnes,india_petroleum_consumption.csv,1367,VALID
product-a81277714f19fd11a0e0,HSD,HSD,2006-07,2006,2007,2,FEB,3481,metric_tonnes,india_petroleum_consumption.csv,1368,VALID
product-a81277714f19fd11a0e0,HSD,HSD,2006-07,2006,2007,3,MAR,3986,metric_tonnes,india_petroleum_consumption.csv,1369,VALID
product-1fe5626b86832387d536,LDO,LDO,2006-07,2006,2006,4,APR,56,metric_tonnes,india_petroleum_consumption.csv,1370,VALID
product-1fe5626b86832387d536,LDO,LDO,2006-07,2006,2006,5,MAY,68,metric_tonnes,india_petroleum_consumption.csv,1371,VALID
product-1fe5626b86832387d536,LDO,LDO,2006-07,2006,2006,6,JUN,62,metric_tonnes,india_petroleum_consumption.csv,1372,VALID
product-1fe5626b86832387d536,LDO,LDO,2006-07,2006,2006,7,JUL,64,metric_tonnes,india_petroleum_consumption.csv,1373,VALID
product-1fe5626b86832387d536,LDO,LDO,2006-07,2006,2006,8,AUG,62,metric_tonnes,india_petroleum_consumption.csv,1374,VALID
product-1fe5626b86832387d536,LDO,LDO,2006-07,2006,2006,9,SEP,61,metric_tonnes,india_petroleum_consumption.csv,1375,VALID
product-1fe5626b86832387d536,LDO,LDO,2006-07,2006,2006,10,OCT,55,metric_tonnes,india_petroleum_consumption.csv,1376,VALID
product-1fe5626b86832387d536,LDO,LDO,2006-07,2006,2006,11,NOV,59,metric_tonnes,india_petroleum_consumption.csv,1377,VALID
product-1fe5626b86832387d536,LDO,LDO,2006-07,2006,2006,12,DEC,60,metric_tonnes,india_petroleum_consumption.csv,1378,VALID
product-1fe5626b86832387d536,LDO,LDO,2006-07,2006,2007,1,JAN,57,metric_tonnes,india_petroleum_consumption.csv,1379,VALID
product-1fe5626b86832387d536,LDO,LDO,2006-07,2006,2007,2,FEB,53,metric_tonnes,india_petroleum_consumption.csv,1380,VALID
product-1fe5626b86832387d536,LDO,LDO,2006-07,2006,2007,3,MAR,65,metric_tonnes,india_petroleum_consumption.csv,1381,VALID
product-95702a7f9ab5e32d6bf4,Lubricants & Greases,Lubricants & Greases,2006-07,2006,2006,4,APR,137,metric_tonnes,india_petroleum_consumption.csv,1382,VALID
product-95702a7f9ab5e32d6bf4,Lubricants & Greases,Lubricants & Greases,2006-07,2006,2006,5,MAY,156,metric_tonnes,india_petroleum_consumption.csv,1383,VALID
product-95702a7f9ab5e32d6bf4,Lubricants & Greases,Lubricants & Greases,2006-07,2006,2006,6,JUN,167,metric_tonnes,india_petroleum_consumption.csv,1384,VALID
product-95702a7f9ab5e32d6bf4,Lubricants & Greases,Lubricants & Greases,2006-07,2006,2006,7,JUL,171,metric_tonnes,india_petroleum_consumption.csv,1385,VALID
product-95702a7f9ab5e32d6bf4,Lubricants & Greases,Lubricants & Greases,2006-07,2006,2006,8,AUG,129,metric_tonnes,india_petroleum_consumption.csv,1386,VALID
product-95702a7f9ab5e32d6bf4,Lubricants & Greases,Lubricants & Greases,2006-07,2006,2006,9,SEP,197,metric_tonnes,india_petroleum_consumption.csv,1387,VALID
product-95702a7f9ab5e32d6bf4,Lubricants & Greases,Lubricants & Greases,2006-07,2006,2006,10,OCT,141,metric_tonnes,india_petroleum_consumption.csv,1388,VALID
product-95702a7f9ab5e32d6bf4,Lubricants & Greases,Lubricants & Greases,2006-07,2006,2006,11,NOV,143,metric_tonnes,india_petroleum_consumption.csv,1389,VALID
product-95702a7f9ab5e32d6bf4,Lubricants & Greases,Lubricants & Greases,2006-07,2006,2006,12,DEC,110,metric_tonnes,india_petroleum_consumption.csv,1390,VALID
product-95702a7f9ab5e32d6bf4,Lubricants & Greases,Lubricants & Greases,2006-07,2006,2007,1,JAN,173,metric_tonnes,india_petroleum_consumption.csv,1391,VALID
product-95702a7f9ab5e32d6bf4,Lubricants & Greases,Lubricants & Greases,2006-07,2006,2007,2,FEB,160,metric_tonnes,india_petroleum_consumption.csv,1392,VALID
product-95702a7f9ab5e32d6bf4,Lubricants & Greases,Lubricants & Greases,2006-07,2006,2007,3,MAR,216,metric_tonnes,india_petroleum_consumption.csv,1393,VALID
product-795922ede07e28180caa,FO & LSHS,FO & LSHS,2006-07,2006,2006,4,APR,1022,metric_tonnes,india_petroleum_consumption.csv,1394,VALID
product-795922ede07e28180caa,FO & LSHS,FO & LSHS,2006-07,2006,2006,5,MAY,1093,metric_tonnes,india_petroleum_consumption.csv,1395,VALID
product-795922ede07e28180caa,FO & LSHS,FO & LSHS,2006-07,2006,2006,6,JUN,1056,metric_tonnes,india_petroleum_consumption.csv,1396,VALID
product-795922ede07e28180caa,FO & LSHS,FO & LSHS,2006-07,2006,2006,7,JUL,994,metric_tonnes,india_petroleum_consumption.csv,1397,VALID
product-795922ede07e28180caa,FO & LSHS,FO & LSHS,2006-07,2006,2006,8,AUG,1000,metric_tonnes,india_petroleum_consumption.csv,1398,VALID
product-795922ede07e28180caa,FO & LSHS,FO & LSHS,2006-07,2006,2006,9,SEP,1007,metric_tonnes,india_petroleum_consumption.csv,1399,VALID
product-795922ede07e28180caa,FO & LSHS,FO & LSHS,2006-07,2006,2006,10,OCT,1045,metric_tonnes,india_petroleum_consumption.csv,1400,VALID
product-795922ede07e28180caa,FO & LSHS,FO & LSHS,2006-07,2006,2006,11,NOV,1050,metric_tonnes,india_petroleum_consumption.csv,1401,VALID
product-795922ede07e28180caa,FO & LSHS,FO & LSHS,2006-07,2006,2006,12,DEC,1075,metric_tonnes,india_petroleum_consumption.csv,1402,VALID
product-795922ede07e28180caa,FO & LSHS,FO & LSHS,2006-07,2006,2007,1,JAN,1118,metric_tonnes,india_petroleum_consumption.csv,1403,VALID
product-795922ede07e28180caa,FO & LSHS,FO & LSHS,2006-07,2006,2007,2,FEB,1005,metric_tonnes,india_petroleum_consumption.csv,1404,VALID
product-795922ede07e28180caa,FO & LSHS,FO & LSHS,2006-07,2006,2007,3,MAR,1153,metric_tonnes,india_petroleum_consumption.csv,1405,VALID
product-790810d5c5602dbecaf2,Bitumen,Bitumen,2006-07,2006,2006,4,APR,376,metric_tonnes,india_petroleum_consumption.csv,1406,VALID
product-790810d5c5602dbecaf2,Bitumen,Bitumen,2006-07,2006,2006,5,MAY,413,metric_tonnes,india_petroleum_consumption.csv,1407,VALID
product-790810d5c5602dbecaf2,Bitumen,Bitumen,2006-07,2006,2006,6,JUN,296,metric_tonnes,india_petroleum_consumption.csv,1408,VALID
product-790810d5c5602dbecaf2,Bitumen,Bitumen,2006-07,2006,2006,7,JUL,161,metric_tonnes,india_petroleum_consumption.csv,1409,VALID
product-790810d5c5602dbecaf2,Bitumen,Bitumen,2006-07,2006,2006,8,AUG,137,metric_tonnes,india_petroleum_consumption.csv,1410,VALID
product-790810d5c5602dbecaf2,Bitumen,Bitumen,2006-07,2006,2006,9,SEP,195,metric_tonnes,india_petroleum_consumption.csv,1411,VALID
product-790810d5c5602dbecaf2,Bitumen,Bitumen,2006-07,2006,2006,10,OCT,241,metric_tonnes,india_petroleum_consumption.csv,1412,VALID
product-790810d5c5602dbecaf2,Bitumen,Bitumen,2006-07,2006,2006,11,NOV,338,metric_tonnes,india_petroleum_consumption.csv,1413,VALID
product-790810d5c5602dbecaf2,Bitumen,Bitumen,2006-07,2006,2006,12,DEC,380,metric_tonnes,india_petroleum_consumption.csv,1414,VALID
product-790810d5c5602dbecaf2,Bitumen,Bitumen,2006-07,2006,2007,1,JAN,376,metric_tonnes,india_petroleum_consumption.csv,1415,VALID
product-790810d5c5602dbecaf2,Bitumen,Bitumen,2006-07,2006,2007,2,FEB,408,metric_tonnes,india_petroleum_consumption.csv,1416,VALID
product-790810d5c5602dbecaf2,Bitumen,Bitumen,2006-07,2006,2007,3,MAR,514,metric_tonnes,india_petroleum_consumption.csv,1417,VALID
product-64fce74e71066b7ec4cf,Petroleum coke,Petroleum coke,2006-07,2006,2006,4,APR,521,metric_tonnes,india_petroleum_consumption.csv,1418,VALID
product-64fce74e71066b7ec4cf,Petroleum coke,Petroleum coke,2006-07,2006,2006,5,MAY,506,metric_tonnes,india_petroleum_consumption.csv,1419,VALID
product-64fce74e71066b7ec4cf,Petroleum coke,Petroleum coke,2006-07,2006,2006,6,JUN,491,metric_tonnes,india_petroleum_consumption.csv,1420,VALID
product-64fce74e71066b7ec4cf,Petroleum coke,Petroleum coke,2006-07,2006,2006,7,JUL,491,metric_tonnes,india_petroleum_consumption.csv,1421,VALID
product-64fce74e71066b7ec4cf,Petroleum coke,Petroleum coke,2006-07,2006,2006,8,AUG,366,metric_tonnes,india_petroleum_consumption.csv,1422,VALID
product-64fce74e71066b7ec4cf,Petroleum coke,Petroleum coke,2006-07,2006,2006,9,SEP,352,metric_tonnes,india_petroleum_consumption.csv,1423,VALID
product-64fce74e71066b7ec4cf,Petroleum coke,Petroleum coke,2006-07,2006,2006,10,OCT,438,metric_tonnes,india_petroleum_consumption.csv,1424,VALID
product-64fce74e71066b7ec4cf,Petroleum coke,Petroleum coke,2006-07,2006,2006,11,NOV,394,metric_tonnes,india_petroleum_consumption.csv,1425,VALID
product-64fce74e71066b7ec4cf,Petroleum coke,Petroleum coke,2006-07,2006,2006,12,DEC,451,metric_tonnes,india_petroleum_consumption.csv,1426,VALID
product-64fce74e71066b7ec4cf,Petroleum coke,Petroleum coke,2006-07,2006,2007,1,JAN,485,metric_tonnes,india_petroleum_consumption.csv,1427,VALID
product-64fce74e71066b7ec4cf,Petroleum coke,Petroleum coke,2006-07,2006,2007,2,FEB,470,metric_tonnes,india_petroleum_consumption.csv,1428,VALID
product-64fce74e71066b7ec4cf,Petroleum coke,Petroleum coke,2006-07,2006,2007,3,MAR,475,metric_tonnes,india_petroleum_consumption.csv,1429,VALID
product-896a0734e71eaafd55e7,Others,Others,2006-07,2006,2006,4,APR,434,metric_tonnes,india_petroleum_consumption.csv,1430,VALID
product-896a0734e71eaafd55e7,Others,Others,2006-07,2006,2006,5,MAY,522,metric_tonnes,india_petroleum_consumption.csv,1431,VALID
product-896a0734e71eaafd55e7,Others,Others,2006-07,2006,2006,6,JUN,489,metric_tonnes,india_petroleum_consumption.csv,1432,VALID
product-896a0734e71eaafd55e7,Others,Others,2006-07,2006,2006,7,JUL,502,metric_tonnes,india_petroleum_consumption.csv,1433,VALID
product-896a0734e71eaafd55e7,Others,Others,2006-07,2006,2006,8,AUG,502,metric_tonnes,india_petroleum_consumption.csv,1434,VALID
product-896a0734e71eaafd55e7,Others,Others,2006-07,2006,2006,9,SEP,502,metric_tonnes,india_petroleum_consumption.csv,1435,VALID
product-896a0734e71eaafd55e7,Others,Others,2006-07,2006,2006,10,OCT,493,metric_tonnes,india_petroleum_consumption.csv,1436,VALID
product-896a0734e71eaafd55e7,Others,Others,2006-07,2006,2006,11,NOV,491,metric_tonnes,india_petroleum_consumption.csv,1437,VALID
product-896a0734e71eaafd55e7,Others,Others,2006-07,2006,2006,12,DEC,411,metric_tonnes,india_petroleum_consumption.csv,1438,VALID
product-896a0734e71eaafd55e7,Others,Others,2006-07,2006,2007,1,JAN,523,metric_tonnes,india_petroleum_consumption.csv,1439,VALID
product-896a0734e71eaafd55e7,Others,Others,2006-07,2006,2007,2,FEB,448,metric_tonnes,india_petroleum_consumption.csv,1440,VALID
product-896a0734e71eaafd55e7,Others,Others,2006-07,2006,2007,3,MAR,518,metric_tonnes,india_petroleum_consumption.csv,1441,VALID
product-5575ab85b7b20e8c4793,LPG,LPG,2007-08,2007,2007,4,APR,903,metric_tonnes,india_petroleum_consumption.csv,1442,VALID
product-5575ab85b7b20e8c4793,LPG,LPG,2007-08,2007,2007,5,MAY,917,metric_tonnes,india_petroleum_consumption.csv,1443,VALID
product-5575ab85b7b20e8c4793,LPG,LPG,2007-08,2007,2007,6,JUN,894,metric_tonnes,india_petroleum_consumption.csv,1444,VALID
product-5575ab85b7b20e8c4793,LPG,LPG,2007-08,2007,2007,7,JUL,953,metric_tonnes,india_petroleum_consumption.csv,1445,VALID
product-5575ab85b7b20e8c4793,LPG,LPG,2007-08,2007,2007,8,AUG,990,metric_tonnes,india_petroleum_consumption.csv,1446,VALID
product-5575ab85b7b20e8c4793,LPG,LPG,2007-08,2007,2007,9,SEP,987,metric_tonnes,india_petroleum_consumption.csv,1447,VALID
product-5575ab85b7b20e8c4793,LPG,LPG,2007-08,2007,2007,10,OCT,1028,metric_tonnes,india_petroleum_consumption.csv,1448,VALID
product-5575ab85b7b20e8c4793,LPG,LPG,2007-08,2007,2007,11,NOV,1027,metric_tonnes,india_petroleum_consumption.csv,1449,VALID
product-5575ab85b7b20e8c4793,LPG,LPG,2007-08,2007,2007,12,DEC,1054,metric_tonnes,india_petroleum_consumption.csv,1450,VALID
product-5575ab85b7b20e8c4793,LPG,LPG,2007-08,2007,2008,1,JAN,1064,metric_tonnes,india_petroleum_consumption.csv,1451,VALID
product-5575ab85b7b20e8c4793,LPG,LPG,2007-08,2007,2008,2,FEB,1115,metric_tonnes,india_petroleum_consumption.csv,1452,VALID
product-5575ab85b7b20e8c4793,LPG,LPG,2007-08,2007,2008,3,MAR,1076,metric_tonnes,india_petroleum_consumption.csv,1453,VALID
product-352b4599428c13efa359,Naphtha,Naphtha,2007-08,2007,2007,4,APR,1059,metric_tonnes,india_petroleum_consumption.csv,1454,VALID
product-352b4599428c13efa359,Naphtha,Naphtha,2007-08,2007,2007,5,MAY,1074,metric_tonnes,india_petroleum_consumption.csv,1455,VALID
product-352b4599428c13efa359,Naphtha,Naphtha,2007-08,2007,2007,6,JUN,1187,metric_tonnes,india_petroleum_consumption.csv,1456,VALID
product-352b4599428c13efa359,Naphtha,Naphtha,2007-08,2007,2007,7,JUL,905,metric_tonnes,india_petroleum_consumption.csv,1457,VALID
product-352b4599428c13efa359,Naphtha,Naphtha,2007-08,2007,2007,8,AUG,1047,metric_tonnes,india_petroleum_consumption.csv,1458,VALID
product-352b4599428c13efa359,Naphtha,Naphtha,2007-08,2007,2007,9,SEP,1019,metric_tonnes,india_petroleum_consumption.csv,1459,VALID
product-352b4599428c13efa359,Naphtha,Naphtha,2007-08,2007,2007,10,OCT,1196,metric_tonnes,india_petroleum_consumption.csv,1460,VALID
product-352b4599428c13efa359,Naphtha,Naphtha,2007-08,2007,2007,11,NOV,1112,metric_tonnes,india_petroleum_consumption.csv,1461,VALID
product-352b4599428c13efa359,Naphtha,Naphtha,2007-08,2007,2007,12,DEC,1037,metric_tonnes,india_petroleum_consumption.csv,1462,VALID
product-352b4599428c13efa359,Naphtha,Naphtha,2007-08,2007,2008,1,JAN,1276,metric_tonnes,india_petroleum_consumption.csv,1463,VALID
product-352b4599428c13efa359,Naphtha,Naphtha,2007-08,2007,2008,2,FEB,1157,metric_tonnes,india_petroleum_consumption.csv,1464,VALID
product-352b4599428c13efa359,Naphtha,Naphtha,2007-08,2007,2008,3,MAR,1227,metric_tonnes,india_petroleum_consumption.csv,1465,VALID
product-8d171ab9b604e34124ea,MS,MS,2007-08,2007,2007,4,APR,823,metric_tonnes,india_petroleum_consumption.csv,1466,VALID
product-8d171ab9b604e34124ea,MS,MS,2007-08,2007,2007,5,MAY,914,metric_tonnes,india_petroleum_consumption.csv,1467,VALID
product-8d171ab9b604e34124ea,MS,MS,2007-08,2007,2007,6,JUN,855,metric_tonnes,india_petroleum_consumption.csv,1468,VALID
product-8d171ab9b604e34124ea,MS,MS,2007-08,2007,2007,7,JUL,859,metric_tonnes,india_petroleum_consumption.csv,1469,VALID
product-8d171ab9b604e34124ea,MS,MS,2007-08,2007,2007,8,AUG,826,metric_tonnes,india_petroleum_consumption.csv,1470,VALID
product-8d171ab9b604e34124ea,MS,MS,2007-08,2007,2007,9,SEP,816,metric_tonnes,india_petroleum_consumption.csv,1471,VALID
product-8d171ab9b604e34124ea,MS,MS,2007-08,2007,2007,10,OCT,851,metric_tonnes,india_petroleum_consumption.csv,1472,VALID
product-8d171ab9b604e34124ea,MS,MS,2007-08,2007,2007,11,NOV,864,metric_tonnes,india_petroleum_consumption.csv,1473,VALID
product-8d171ab9b604e34124ea,MS,MS,2007-08,2007,2007,12,DEC,881,metric_tonnes,india_petroleum_consumption.csv,1474,VALID
product-8d171ab9b604e34124ea,MS,MS,2007-08,2007,2008,1,JAN,887,metric_tonnes,india_petroleum_consumption.csv,1475,VALID
product-8d171ab9b604e34124ea,MS,MS,2007-08,2007,2008,2,FEB,821,metric_tonnes,india_petroleum_consumption.csv,1476,VALID
product-8d171ab9b604e34124ea,MS,MS,2007-08,2007,2008,3,MAR,936,metric_tonnes,india_petroleum_consumption.csv,1477,VALID
product-198fc08108a024c9da45,ATF,ATF,2007-08,2007,2007,4,APR,352,metric_tonnes,india_petroleum_consumption.csv,1478,VALID
product-198fc08108a024c9da45,ATF,ATF,2007-08,2007,2007,5,MAY,359,metric_tonnes,india_petroleum_consumption.csv,1479,VALID
product-198fc08108a024c9da45,ATF,ATF,2007-08,2007,2007,6,JUN,347,metric_tonnes,india_petroleum_consumption.csv,1480,VALID
product-198fc08108a024c9da45,ATF,ATF,2007-08,2007,2007,7,JUL,352,metric_tonnes,india_petroleum_consumption.csv,1481,VALID
product-198fc08108a024c9da45,ATF,ATF,2007-08,2007,2007,8,AUG,366,metric_tonnes,india_petroleum_consumption.csv,1482,VALID
product-198fc08108a024c9da45,ATF,ATF,2007-08,2007,2007,9,SEP,350,metric_tonnes,india_petroleum_consumption.csv,1483,VALID
product-198fc08108a024c9da45,ATF,ATF,2007-08,2007,2007,10,OCT,379,metric_tonnes,india_petroleum_consumption.csv,1484,VALID
product-198fc08108a024c9da45,ATF,ATF,2007-08,2007,2007,11,NOV,397,metric_tonnes,india_petroleum_consumption.csv,1485,VALID
product-198fc08108a024c9da45,ATF,ATF,2007-08,2007,2007,12,DEC,415,metric_tonnes,india_petroleum_consumption.csv,1486,VALID
product-198fc08108a024c9da45,ATF,ATF,2007-08,2007,2008,1,JAN,421,metric_tonnes,india_petroleum_consumption.csv,1487,VALID
product-198fc08108a024c9da45,ATF,ATF,2007-08,2007,2008,2,FEB,388,metric_tonnes,india_petroleum_consumption.csv,1488,VALID
product-198fc08108a024c9da45,ATF,ATF,2007-08,2007,2008,3,MAR,419,metric_tonnes,india_petroleum_consumption.csv,1489,VALID
product-cdf634489bfbff660916,SKO,SKO,2007-08,2007,2007,4,APR,768,metric_tonnes,india_petroleum_consumption.csv,1490,VALID
product-cdf634489bfbff660916,SKO,SKO,2007-08,2007,2007,5,MAY,782,metric_tonnes,india_petroleum_consumption.csv,1491,VALID
product-cdf634489bfbff660916,SKO,SKO,2007-08,2007,2007,6,JUN,777,metric_tonnes,india_petroleum_consumption.csv,1492,VALID
product-cdf634489bfbff660916,SKO,SKO,2007-08,2007,2007,7,JUL,773,metric_tonnes,india_petroleum_consumption.csv,1493,VALID
product-cdf634489bfbff660916,SKO,SKO,2007-08,2007,2007,8,AUG,777,metric_tonnes,india_petroleum_consumption.csv,1494,VALID
product-cdf634489bfbff660916,SKO,SKO,2007-08,2007,2007,9,SEP,794,metric_tonnes,india_petroleum_consumption.csv,1495,VALID
product-cdf634489bfbff660916,SKO,SKO,2007-08,2007,2007,10,OCT,781,metric_tonnes,india_petroleum_consumption.csv,1496,VALID
product-cdf634489bfbff660916,SKO,SKO,2007-08,2007,2007,11,NOV,791,metric_tonnes,india_petroleum_consumption.csv,1497,VALID
product-cdf634489bfbff660916,SKO,SKO,2007-08,2007,2007,12,DEC,779,metric_tonnes,india_petroleum_consumption.csv,1498,VALID
product-cdf634489bfbff660916,SKO,SKO,2007-08,2007,2008,1,JAN,778,metric_tonnes,india_petroleum_consumption.csv,1499,VALID
product-cdf634489bfbff660916,SKO,SKO,2007-08,2007,2008,2,FEB,784,metric_tonnes,india_petroleum_consumption.csv,1500,VALID
product-cdf634489bfbff660916,SKO,SKO,2007-08,2007,2008,3,MAR,781,metric_tonnes,india_petroleum_consumption.csv,1501,VALID
product-a81277714f19fd11a0e0,HSD,HSD,2007-08,2007,2007,4,APR,3971,metric_tonnes,india_petroleum_consumption.csv,1502,VALID
product-a81277714f19fd11a0e0,HSD,HSD,2007-08,2007,2007,5,MAY,4112,metric_tonnes,india_petroleum_consumption.csv,1503,VALID
product-a81277714f19fd11a0e0,HSD,HSD,2007-08,2007,2007,6,JUN,3928,metric_tonnes,india_petroleum_consumption.csv,1504,VALID
product-a81277714f19fd11a0e0,HSD,HSD,2007-08,2007,2007,7,JUL,3699,metric_tonnes,india_petroleum_consumption.csv,1505,VALID
product-a81277714f19fd11a0e0,HSD,HSD,2007-08,2007,2007,8,AUG,3310,metric_tonnes,india_petroleum_consumption.csv,1506,VALID
product-a81277714f19fd11a0e0,HSD,HSD,2007-08,2007,2007,9,SEP,3347,metric_tonnes,india_petroleum_consumption.csv,1507,VALID
product-a81277714f19fd11a0e0,HSD,HSD,2007-08,2007,2007,10,OCT,3988,metric_tonnes,india_petroleum_consumption.csv,1508,VALID
product-a81277714f19fd11a0e0,HSD,HSD,2007-08,2007,2007,11,NOV,4112,metric_tonnes,india_petroleum_consumption.csv,1509,VALID
product-a81277714f19fd11a0e0,HSD,HSD,2007-08,2007,2007,12,DEC,4368,metric_tonnes,india_petroleum_consumption.csv,1510,VALID
product-a81277714f19fd11a0e0,HSD,HSD,2007-08,2007,2008,1,JAN,4307,metric_tonnes,india_petroleum_consumption.csv,1511,VALID
product-a81277714f19fd11a0e0,HSD,HSD,2007-08,2007,2008,2,FEB,4119,metric_tonnes,india_petroleum_consumption.csv,1512,VALID
product-a81277714f19fd11a0e0,HSD,HSD,2007-08,2007,2008,3,MAR,4409,metric_tonnes,india_petroleum_consumption.csv,1513,VALID
product-1fe5626b86832387d536,LDO,LDO,2007-08,2007,2007,4,APR,50,metric_tonnes,india_petroleum_consumption.csv,1514,VALID
product-1fe5626b86832387d536,LDO,LDO,2007-08,2007,2007,5,MAY,47,metric_tonnes,india_petroleum_consumption.csv,1515,VALID
product-1fe5626b86832387d536,LDO,LDO,2007-08,2007,2007,6,JUN,55,metric_tonnes,india_petroleum_consumption.csv,1516,VALID
product-1fe5626b86832387d536,LDO,LDO,2007-08,2007,2007,7,JUL,55,metric_tonnes,india_petroleum_consumption.csv,1517,VALID
product-1fe5626b86832387d536,LDO,LDO,2007-08,2007,2007,8,AUG,56,metric_tonnes,india_petroleum_consumption.csv,1518,VALID
product-1fe5626b86832387d536,LDO,LDO,2007-08,2007,2007,9,SEP,49,metric_tonnes,india_petroleum_consumption.csv,1519,VALID
product-1fe5626b86832387d536,LDO,LDO,2007-08,2007,2007,10,OCT,63,metric_tonnes,india_petroleum_consumption.csv,1520,VALID
product-1fe5626b86832387d536,LDO,LDO,2007-08,2007,2007,11,NOV,59,metric_tonnes,india_petroleum_consumption.csv,1521,VALID
product-1fe5626b86832387d536,LDO,LDO,2007-08,2007,2007,12,DEC,62,metric_tonnes,india_petroleum_consumption.csv,1522,VALID
product-1fe5626b86832387d536,LDO,LDO,2007-08,2007,2008,1,JAN,61,metric_tonnes,india_petroleum_consumption.csv,1523,VALID
product-1fe5626b86832387d536,LDO,LDO,2007-08,2007,2008,2,FEB,54,metric_tonnes,india_petroleum_consumption.csv,1524,VALID
product-1fe5626b86832387d536,LDO,LDO,2007-08,2007,2008,3,MAR,57,metric_tonnes,india_petroleum_consumption.csv,1525,VALID
product-95702a7f9ab5e32d6bf4,Lubricants & Greases,Lubricants & Greases,2007-08,2007,2007,4,APR,229,metric_tonnes,india_petroleum_consumption.csv,1526,VALID
product-95702a7f9ab5e32d6bf4,Lubricants & Greases,Lubricants & Greases,2007-08,2007,2007,5,MAY,196,metric_tonnes,india_petroleum_consumption.csv,1527,VALID
product-95702a7f9ab5e32d6bf4,Lubricants & Greases,Lubricants & Greases,2007-08,2007,2007,6,JUN,190,metric_tonnes,india_petroleum_consumption.csv,1528,VALID
product-95702a7f9ab5e32d6bf4,Lubricants & Greases,Lubricants & Greases,2007-08,2007,2007,7,JUL,171,metric_tonnes,india_petroleum_consumption.csv,1529,VALID
product-95702a7f9ab5e32d6bf4,Lubricants & Greases,Lubricants & Greases,2007-08,2007,2007,8,AUG,193,metric_tonnes,india_petroleum_consumption.csv,1530,VALID
product-95702a7f9ab5e32d6bf4,Lubricants & Greases,Lubricants & Greases,2007-08,2007,2007,9,SEP,138,metric_tonnes,india_petroleum_consumption.csv,1531,VALID
product-95702a7f9ab5e32d6bf4,Lubricants & Greases,Lubricants & Greases,2007-08,2007,2007,10,OCT,178,metric_tonnes,india_petroleum_consumption.csv,1532,VALID
product-95702a7f9ab5e32d6bf4,Lubricants & Greases,Lubricants & Greases,2007-08,2007,2007,11,NOV,183,metric_tonnes,india_petroleum_consumption.csv,1533,VALID
product-95702a7f9ab5e32d6bf4,Lubricants & Greases,Lubricants & Greases,2007-08,2007,2007,12,DEC,209,metric_tonnes,india_petroleum_consumption.csv,1534,VALID
product-95702a7f9ab5e32d6bf4,Lubricants & Greases,Lubricants & Greases,2007-08,2007,2008,1,JAN,194,metric_tonnes,india_petroleum_consumption.csv,1535,VALID
product-95702a7f9ab5e32d6bf4,Lubricants & Greases,Lubricants & Greases,2007-08,2007,2008,2,FEB,195,metric_tonnes,india_petroleum_consumption.csv,1536,VALID
product-95702a7f9ab5e32d6bf4,Lubricants & Greases,Lubricants & Greases,2007-08,2007,2008,3,MAR,215,metric_tonnes,india_petroleum_consumption.csv,1537,VALID
product-795922ede07e28180caa,FO & LSHS,FO & LSHS,2007-08,2007,2007,4,APR,1032,metric_tonnes,india_petroleum_consumption.csv,1538,VALID
product-795922ede07e28180caa,FO & LSHS,FO & LSHS,2007-08,2007,2007,5,MAY,1143,metric_tonnes,india_petroleum_consumption.csv,1539,VALID
product-795922ede07e28180caa,FO & LSHS,FO & LSHS,2007-08,2007,2007,6,JUN,1109,metric_tonnes,india_petroleum_consumption.csv,1540,VALID
product-795922ede07e28180caa,FO & LSHS,FO & LSHS,2007-08,2007,2007,7,JUL,1017,metric_tonnes,india_petroleum_consumption.csv,1541,VALID
product-795922ede07e28180caa,FO & LSHS,FO & LSHS,2007-08,2007,2007,8,AUG,997,metric_tonnes,india_petroleum_consumption.csv,1542,VALID
product-795922ede07e28180caa,FO & LSHS,FO & LSHS,2007-08,2007,2007,9,SEP,1077,metric_tonnes,india_petroleum_consumption.csv,1543,VALID
product-795922ede07e28180caa,FO & LSHS,FO & LSHS,2007-08,2007,2007,10,OCT,1118,metric_tonnes,india_petroleum_consumption.csv,1544,VALID
product-795922ede07e28180caa,FO & LSHS,FO & LSHS,2007-08,2007,2007,11,NOV,928,metric_tonnes,india_petroleum_consumption.csv,1545,VALID
product-795922ede07e28180caa,FO & LSHS,FO & LSHS,2007-08,2007,2007,12,DEC,1056,metric_tonnes,india_petroleum_consumption.csv,1546,VALID
product-795922ede07e28180caa,FO & LSHS,FO & LSHS,2007-08,2007,2008,1,JAN,1055,metric_tonnes,india_petroleum_consumption.csv,1547,VALID
product-795922ede07e28180caa,FO & LSHS,FO & LSHS,2007-08,2007,2008,2,FEB,1129,metric_tonnes,india_petroleum_consumption.csv,1548,VALID
product-795922ede07e28180caa,FO & LSHS,FO & LSHS,2007-08,2007,2008,3,MAR,1058,metric_tonnes,india_petroleum_consumption.csv,1549,VALID
product-790810d5c5602dbecaf2,Bitumen,Bitumen,2007-08,2007,2007,4,APR,458,metric_tonnes,india_petroleum_consumption.csv,1550,VALID
product-790810d5c5602dbecaf2,Bitumen,Bitumen,2007-08,2007,2007,5,MAY,475,metric_tonnes,india_petroleum_consumption.csv,1551,VALID
product-790810d5c5602dbecaf2,Bitumen,Bitumen,2007-08,2007,2007,6,JUN,350,metric_tonnes,india_petroleum_consumption.csv,1552,VALID
product-790810d5c5602dbecaf2,Bitumen,Bitumen,2007-08,2007,2007,7,JUL,207,metric_tonnes,india_petroleum_consumption.csv,1553,VALID
product-790810d5c5602dbecaf2,Bitumen,Bitumen,2007-08,2007,2007,8,AUG,186,metric_tonnes,india_petroleum_consumption.csv,1554,VALID
product-790810d5c5602dbecaf2,Bitumen,Bitumen,2007-08,2007,2007,9,SEP,220,metric_tonnes,india_petroleum_consumption.csv,1555,VALID
product-790810d5c5602dbecaf2,Bitumen,Bitumen,2007-08,2007,2007,10,OCT,331,metric_tonnes,india_petroleum_consumption.csv,1556,VALID
product-790810d5c5602dbecaf2,Bitumen,Bitumen,2007-08,2007,2007,11,NOV,367,metric_tonnes,india_petroleum_consumption.csv,1557,VALID
product-790810d5c5602dbecaf2,Bitumen,Bitumen,2007-08,2007,2007,12,DEC,439,metric_tonnes,india_petroleum_consumption.csv,1558,VALID
product-790810d5c5602dbecaf2,Bitumen,Bitumen,2007-08,2007,2008,1,JAN,435,metric_tonnes,india_petroleum_consumption.csv,1559,VALID
product-790810d5c5602dbecaf2,Bitumen,Bitumen,2007-08,2007,2008,2,FEB,466,metric_tonnes,india_petroleum_consumption.csv,1560,VALID
product-790810d5c5602dbecaf2,Bitumen,Bitumen,2007-08,2007,2008,3,MAR,572,metric_tonnes,india_petroleum_consumption.csv,1561,VALID
product-64fce74e71066b7ec4cf,Petroleum coke,Petroleum coke,2007-08,2007,2007,4,APR,562,metric_tonnes,india_petroleum_consumption.csv,1562,VALID
product-64fce74e71066b7ec4cf,Petroleum coke,Petroleum coke,2007-08,2007,2007,5,MAY,525,metric_tonnes,india_petroleum_consumption.csv,1563,VALID
product-64fce74e71066b7ec4cf,Petroleum coke,Petroleum coke,2007-08,2007,2007,6,JUN,458,metric_tonnes,india_petroleum_consumption.csv,1564,VALID
product-64fce74e71066b7ec4cf,Petroleum coke,Petroleum coke,2007-08,2007,2007,7,JUL,473,metric_tonnes,india_petroleum_consumption.csv,1565,VALID
product-64fce74e71066b7ec4cf,Petroleum coke,Petroleum coke,2007-08,2007,2007,8,AUG,372,metric_tonnes,india_petroleum_consumption.csv,1566,VALID
product-64fce74e71066b7ec4cf,Petroleum coke,Petroleum coke,2007-08,2007,2007,9,SEP,537,metric_tonnes,india_petroleum_consumption.csv,1567,VALID
product-64fce74e71066b7ec4cf,Petroleum coke,Petroleum coke,2007-08,2007,2007,10,OCT,488,metric_tonnes,india_petroleum_consumption.csv,1568,VALID
product-64fce74e71066b7ec4cf,Petroleum coke,Petroleum coke,2007-08,2007,2007,11,NOV,473,metric_tonnes,india_petroleum_consumption.csv,1569,VALID
product-64fce74e71066b7ec4cf,Petroleum coke,Petroleum coke,2007-08,2007,2007,12,DEC,404,metric_tonnes,india_petroleum_consumption.csv,1570,VALID
product-64fce74e71066b7ec4cf,Petroleum coke,Petroleum coke,2007-08,2007,2008,1,JAN,526,metric_tonnes,india_petroleum_consumption.csv,1571,VALID
product-64fce74e71066b7ec4cf,Petroleum coke,Petroleum coke,2007-08,2007,2008,2,FEB,630,metric_tonnes,india_petroleum_consumption.csv,1572,VALID
product-64fce74e71066b7ec4cf,Petroleum coke,Petroleum coke,2007-08,2007,2008,3,MAR,501,metric_tonnes,india_petroleum_consumption.csv,1573,VALID
product-896a0734e71eaafd55e7,Others,Others,2007-08,2007,2007,4,APR,405,metric_tonnes,india_petroleum_consumption.csv,1574,VALID
product-896a0734e71eaafd55e7,Others,Others,2007-08,2007,2007,5,MAY,530,metric_tonnes,india_petroleum_consumption.csv,1575,VALID
product-896a0734e71eaafd55e7,Others,Others,2007-08,2007,2007,6,JUN,479,metric_tonnes,india_petroleum_consumption.csv,1576,VALID
product-896a0734e71eaafd55e7,Others,Others,2007-08,2007,2007,7,JUL,478,metric_tonnes,india_petroleum_consumption.csv,1577,VALID
product-896a0734e71eaafd55e7,Others,Others,2007-08,2007,2007,8,AUG,506,metric_tonnes,india_petroleum_consumption.csv,1578,VALID
product-896a0734e71eaafd55e7,Others,Others,2007-08,2007,2007,9,SEP,424,metric_tonnes,india_petroleum_consumption.csv,1579,VALID
product-896a0734e71eaafd55e7,Others,Others,2007-08,2007,2007,10,OCT,498,metric_tonnes,india_petroleum_consumption.csv,1580,VALID
product-896a0734e71eaafd55e7,Others,Others,2007-08,2007,2007,11,NOV,458,metric_tonnes,india_petroleum_consumption.csv,1581,VALID
product-896a0734e71eaafd55e7,Others,Others,2007-08,2007,2007,12,DEC,418,metric_tonnes,india_petroleum_consumption.csv,1582,VALID
product-896a0734e71eaafd55e7,Others,Others,2007-08,2007,2008,1,JAN,441,metric_tonnes,india_petroleum_consumption.csv,1583,VALID
product-896a0734e71eaafd55e7,Others,Others,2007-08,2007,2008,2,FEB,485,metric_tonnes,india_petroleum_consumption.csv,1584,VALID
product-896a0734e71eaafd55e7,Others,Others,2007-08,2007,2008,3,MAR,482,metric_tonnes,india_petroleum_consumption.csv,1585,VALID
product-5575ab85b7b20e8c4793,LPG,LPG,2008-09,2008,2008,4,APR,999,metric_tonnes,india_petroleum_consumption.csv,1586,VALID
product-5575ab85b7b20e8c4793,LPG,LPG,2008-09,2008,2008,5,MAY,1005,metric_tonnes,india_petroleum_consumption.csv,1587,VALID
product-5575ab85b7b20e8c4793,LPG,LPG,2008-09,2008,2008,6,JUN,914,metric_tonnes,india_petroleum_consumption.csv,1588,VALID
product-5575ab85b7b20e8c4793,LPG,LPG,2008-09,2008,2008,7,JUL,980,metric_tonnes,india_petroleum_consumption.csv,1589,VALID
product-5575ab85b7b20e8c4793,LPG,LPG,2008-09,2008,2008,8,AUG,971,metric_tonnes,india_petroleum_consumption.csv,1590,VALID
product-5575ab85b7b20e8c4793,LPG,LPG,2008-09,2008,2008,9,SEP,1017,metric_tonnes,india_petroleum_consumption.csv,1591,VALID
product-5575ab85b7b20e8c4793,LPG,LPG,2008-09,2008,2008,10,OCT,1008,metric_tonnes,india_petroleum_consumption.csv,1592,VALID
product-5575ab85b7b20e8c4793,LPG,LPG,2008-09,2008,2008,11,NOV,1016,metric_tonnes,india_petroleum_consumption.csv,1593,VALID
product-5575ab85b7b20e8c4793,LPG,LPG,2008-09,2008,2008,12,DEC,1086,metric_tonnes,india_petroleum_consumption.csv,1594,VALID
product-5575ab85b7b20e8c4793,LPG,LPG,2008-09,2008,2009,1,JAN,1062,metric_tonnes,india_petroleum_consumption.csv,1595,VALID
product-5575ab85b7b20e8c4793,LPG,LPG,2008-09,2008,2009,2,FEB,1051,metric_tonnes,india_petroleum_consumption.csv,1596,VALID
product-5575ab85b7b20e8c4793,LPG,LPG,2008-09,2008,2009,3,MAR,1081,metric_tonnes,india_petroleum_consumption.csv,1597,VALID
product-352b4599428c13efa359,Naphtha,Naphtha,2008-09,2008,2008,4,APR,1067,metric_tonnes,india_petroleum_consumption.csv,1598,VALID
product-352b4599428c13efa359,Naphtha,Naphtha,2008-09,2008,2008,5,MAY,1074,metric_tonnes,india_petroleum_consumption.csv,1599,VALID
product-352b4599428c13efa359,Naphtha,Naphtha,2008-09,2008,2008,6,JUN,1087,metric_tonnes,india_petroleum_consumption.csv,1600,VALID
product-352b4599428c13efa359,Naphtha,Naphtha,2008-09,2008,2008,7,JUL,1082,metric_tonnes,india_petroleum_consumption.csv,1601,VALID
product-352b4599428c13efa359,Naphtha,Naphtha,2008-09,2008,2008,8,AUG,1092,metric_tonnes,india_petroleum_consumption.csv,1602,VALID
product-352b4599428c13efa359,Naphtha,Naphtha,2008-09,2008,2008,9,SEP,1146,metric_tonnes,india_petroleum_consumption.csv,1603,VALID
product-352b4599428c13efa359,Naphtha,Naphtha,2008-09,2008,2008,10,OCT,1072,metric_tonnes,india_petroleum_consumption.csv,1604,VALID
product-352b4599428c13efa359,Naphtha,Naphtha,2008-09,2008,2008,11,NOV,1105,metric_tonnes,india_petroleum_consumption.csv,1605,VALID
product-352b4599428c13efa359,Naphtha,Naphtha,2008-09,2008,2008,12,DEC,1372,metric_tonnes,india_petroleum_consumption.csv,1606,VALID
product-352b4599428c13efa359,Naphtha,Naphtha,2008-09,2008,2009,1,JAN,1340,metric_tonnes,india_petroleum_consumption.csv,1607,VALID
product-352b4599428c13efa359,Naphtha,Naphtha,2008-09,2008,2009,2,FEB,1302,metric_tonnes,india_petroleum_consumption.csv,1608,VALID
product-352b4599428c13efa359,Naphtha,Naphtha,2008-09,2008,2009,3,MAR,1172,metric_tonnes,india_petroleum_consumption.csv,1609,VALID
product-8d171ab9b604e34124ea,MS,MS,2008-09,2008,2008,4,APR,943,metric_tonnes,india_petroleum_consumption.csv,1610,VALID
product-8d171ab9b604e34124ea,MS,MS,2008-09,2008,2008,5,MAY,1054,metric_tonnes,india_petroleum_consumption.csv,1611,VALID
product-8d171ab9b604e34124ea,MS,MS,2008-09,2008,2008,6,JUN,803,metric_tonnes,india_petroleum_consumption.csv,1612,VALID
product-8d171ab9b604e34124ea,MS,MS,2008-09,2008,2008,7,JUL,914,metric_tonnes,india_petroleum_consumption.csv,1613,VALID
product-8d171ab9b604e34124ea,MS,MS,2008-09,2008,2008,8,AUG,892,metric_tonnes,india_petroleum_consumption.csv,1614,VALID
product-8d171ab9b604e34124ea,MS,MS,2008-09,2008,2008,9,SEP,900,metric_tonnes,india_petroleum_consumption.csv,1615,VALID
product-8d171ab9b604e34124ea,MS,MS,2008-09,2008,2008,10,OCT,937,metric_tonnes,india_petroleum_consumption.csv,1616,VALID
product-8d171ab9b604e34124ea,MS,MS,2008-09,2008,2008,11,NOV,915,metric_tonnes,india_petroleum_consumption.csv,1617,VALID
product-8d171ab9b604e34124ea,MS,MS,2008-09,2008,2008,12,DEC,929,metric_tonnes,india_petroleum_consumption.csv,1618,VALID
product-8d171ab9b604e34124ea,MS,MS,2008-09,2008,2009,1,JAN,968,metric_tonnes,india_petroleum_consumption.csv,1619,VALID
product-8d171ab9b604e34124ea,MS,MS,2008-09,2008,2009,2,FEB,944,metric_tonnes,india_petroleum_consumption.csv,1620,VALID
product-8d171ab9b604e34124ea,MS,MS,2008-09,2008,2009,3,MAR,1060,metric_tonnes,india_petroleum_consumption.csv,1621,VALID
product-198fc08108a024c9da45,ATF,ATF,2008-09,2008,2008,4,APR,390,metric_tonnes,india_petroleum_consumption.csv,1622,VALID
product-198fc08108a024c9da45,ATF,ATF,2008-09,2008,2008,5,MAY,402,metric_tonnes,india_petroleum_consumption.csv,1623,VALID
product-198fc08108a024c9da45,ATF,ATF,2008-09,2008,2008,6,JUN,375,metric_tonnes,india_petroleum_consumption.csv,1624,VALID
product-198fc08108a024c9da45,ATF,ATF,2008-09,2008,2008,7,JUL,366,metric_tonnes,india_petroleum_consumption.csv,1625,VALID
product-198fc08108a024c9da45,ATF,ATF,2008-09,2008,2008,8,AUG,352,metric_tonnes,india_petroleum_consumption.csv,1626,VALID
product-198fc08108a024c9da45,ATF,ATF,2008-09,2008,2008,9,SEP,348,metric_tonnes,india_petroleum_consumption.csv,1627,VALID
product-198fc08108a024c9da45,ATF,ATF,2008-09,2008,2008,10,OCT,356,metric_tonnes,india_petroleum_consumption.csv,1628,VALID
product-198fc08108a024c9da45,ATF,ATF,2008-09,2008,2008,11,NOV,367,metric_tonnes,india_petroleum_consumption.csv,1629,VALID
product-198fc08108a024c9da45,ATF,ATF,2008-09,2008,2008,12,DEC,371,metric_tonnes,india_petroleum_consumption.csv,1630,VALID
product-198fc08108a024c9da45,ATF,ATF,2008-09,2008,2009,1,JAN,376,metric_tonnes,india_petroleum_consumption.csv,1631,VALID
product-198fc08108a024c9da45,ATF,ATF,2008-09,2008,2009,2,FEB,347,metric_tonnes,india_petroleum_consumption.csv,1632,VALID
product-198fc08108a024c9da45,ATF,ATF,2008-09,2008,2009,3,MAR,374,metric_tonnes,india_petroleum_consumption.csv,1633,VALID
product-cdf634489bfbff660916,SKO,SKO,2008-09,2008,2008,4,APR,761,metric_tonnes,india_petroleum_consumption.csv,1634,VALID
product-cdf634489bfbff660916,SKO,SKO,2008-09,2008,2008,5,MAY,769,metric_tonnes,india_petroleum_consumption.csv,1635,VALID
product-cdf634489bfbff660916,SKO,SKO,2008-09,2008,2008,6,JUN,775,metric_tonnes,india_petroleum_consumption.csv,1636,VALID
product-cdf634489bfbff660916,SKO,SKO,2008-09,2008,2008,7,JUL,773,metric_tonnes,india_petroleum_consumption.csv,1637,VALID
product-cdf634489bfbff660916,SKO,SKO,2008-09,2008,2008,8,AUG,759,metric_tonnes,india_petroleum_consumption.csv,1638,VALID
product-cdf634489bfbff660916,SKO,SKO,2008-09,2008,2008,9,SEP,790,metric_tonnes,india_petroleum_consumption.csv,1639,VALID
product-cdf634489bfbff660916,SKO,SKO,2008-09,2008,2008,10,OCT,770,metric_tonnes,india_petroleum_consumption.csv,1640,VALID
product-cdf634489bfbff660916,SKO,SKO,2008-09,2008,2008,11,NOV,778,metric_tonnes,india_petroleum_consumption.csv,1641,VALID
product-cdf634489bfbff660916,SKO,SKO,2008-09,2008,2008,12,DEC,797,metric_tonnes,india_petroleum_consumption.csv,1642,VALID
product-cdf634489bfbff660916,SKO,SKO,2008-09,2008,2009,1,JAN,780,metric_tonnes,india_petroleum_consumption.csv,1643,VALID
product-cdf634489bfbff660916,SKO,SKO,2008-09,2008,2009,2,FEB,776,metric_tonnes,india_petroleum_consumption.csv,1644,VALID
product-cdf634489bfbff660916,SKO,SKO,2008-09,2008,2009,3,MAR,776,metric_tonnes,india_petroleum_consumption.csv,1645,VALID
product-a81277714f19fd11a0e0,HSD,HSD,2008-09,2008,2008,4,APR,4511,metric_tonnes,india_petroleum_consumption.csv,1646,VALID
product-a81277714f19fd11a0e0,HSD,HSD,2008-09,2008,2008,5,MAY,4809,metric_tonnes,india_petroleum_consumption.csv,1647,VALID
product-a81277714f19fd11a0e0,HSD,HSD,2008-09,2008,2008,6,JUN,4067,metric_tonnes,india_petroleum_consumption.csv,1648,VALID
product-a81277714f19fd11a0e0,HSD,HSD,2008-09,2008,2008,7,JUL,4083,metric_tonnes,india_petroleum_consumption.csv,1649,VALID
product-a81277714f19fd11a0e0,HSD,HSD,2008-09,2008,2008,8,AUG,3628,metric_tonnes,india_petroleum_consumption.csv,1650,VALID
product-a81277714f19fd11a0e0,HSD,HSD,2008-09,2008,2008,9,SEP,3937,metric_tonnes,india_petroleum_consumption.csv,1651,VALID
product-a81277714f19fd11a0e0,HSD,HSD,2008-09,2008,2008,10,OCT,4241,metric_tonnes,india_petroleum_consumption.csv,1652,VALID
product-a81277714f19fd11a0e0,HSD,HSD,2008-09,2008,2008,11,NOV,4466,metric_tonnes,india_petroleum_consumption.csv,1653,VALID
product-a81277714f19fd11a0e0,HSD,HSD,2008-09,2008,2008,12,DEC,4437,metric_tonnes,india_petroleum_consumption.csv,1654,VALID
product-a81277714f19fd11a0e0,HSD,HSD,2008-09,2008,2009,1,JAN,4427,metric_tonnes,india_petroleum_consumption.csv,1655,VALID
product-a81277714f19fd11a0e0,HSD,HSD,2008-09,2008,2009,2,FEB,4296,metric_tonnes,india_petroleum_consumption.csv,1656,VALID
product-a81277714f19fd11a0e0,HSD,HSD,2008-09,2008,2009,3,MAR,4810,metric_tonnes,india_petroleum_consumption.csv,1657,VALID
product-1fe5626b86832387d536,LDO,LDO,2008-09,2008,2008,4,APR,56,metric_tonnes,india_petroleum_consumption.csv,1658,VALID
product-1fe5626b86832387d536,LDO,LDO,2008-09,2008,2008,5,MAY,52,metric_tonnes,india_petroleum_consumption.csv,1659,VALID
product-1fe5626b86832387d536,LDO,LDO,2008-09,2008,2008,6,JUN,49,metric_tonnes,india_petroleum_consumption.csv,1660,VALID
product-1fe5626b86832387d536,LDO,LDO,2008-09,2008,2008,7,JUL,56,metric_tonnes,india_petroleum_consumption.csv,1661,VALID
product-1fe5626b86832387d536,LDO,LDO,2008-09,2008,2008,8,AUG,52,metric_tonnes,india_petroleum_consumption.csv,1662,VALID
product-1fe5626b86832387d536,LDO,LDO,2008-09,2008,2008,9,SEP,48,metric_tonnes,india_petroleum_consumption.csv,1663,VALID
product-1fe5626b86832387d536,LDO,LDO,2008-09,2008,2008,10,OCT,43,metric_tonnes,india_petroleum_consumption.csv,1664,VALID
product-1fe5626b86832387d536,LDO,LDO,2008-09,2008,2008,11,NOV,41,metric_tonnes,india_petroleum_consumption.csv,1665,VALID
product-1fe5626b86832387d536,LDO,LDO,2008-09,2008,2008,12,DEC,43,metric_tonnes,india_petroleum_consumption.csv,1666,VALID
product-1fe5626b86832387d536,LDO,LDO,2008-09,2008,2009,1,JAN,36,metric_tonnes,india_petroleum_consumption.csv,1667,VALID
product-1fe5626b86832387d536,LDO,LDO,2008-09,2008,2009,2,FEB,34,metric_tonnes,india_petroleum_consumption.csv,1668,VALID
product-1fe5626b86832387d536,LDO,LDO,2008-09,2008,2009,3,MAR,42,metric_tonnes,india_petroleum_consumption.csv,1669,VALID
product-95702a7f9ab5e32d6bf4,Lubricants & Greases,Lubricants & Greases,2008-09,2008,2008,4,APR,169,metric_tonnes,india_petroleum_consumption.csv,1670,VALID
product-95702a7f9ab5e32d6bf4,Lubricants & Greases,Lubricants & Greases,2008-09,2008,2008,5,MAY,204,metric_tonnes,india_petroleum_consumption.csv,1671,VALID
product-95702a7f9ab5e32d6bf4,Lubricants & Greases,Lubricants & Greases,2008-09,2008,2008,6,JUN,171,metric_tonnes,india_petroleum_consumption.csv,1672,VALID
product-95702a7f9ab5e32d6bf4,Lubricants & Greases,Lubricants & Greases,2008-09,2008,2008,7,JUL,138,metric_tonnes,india_petroleum_consumption.csv,1673,VALID
product-95702a7f9ab5e32d6bf4,Lubricants & Greases,Lubricants & Greases,2008-09,2008,2008,8,AUG,246,metric_tonnes,india_petroleum_consumption.csv,1674,VALID
product-95702a7f9ab5e32d6bf4,Lubricants & Greases,Lubricants & Greases,2008-09,2008,2008,9,SEP,172,metric_tonnes,india_petroleum_consumption.csv,1675,VALID
product-95702a7f9ab5e32d6bf4,Lubricants & Greases,Lubricants & Greases,2008-09,2008,2008,10,OCT,122,metric_tonnes,india_petroleum_consumption.csv,1676,VALID
product-95702a7f9ab5e32d6bf4,Lubricants & Greases,Lubricants & Greases,2008-09,2008,2008,11,NOV,110,metric_tonnes,india_petroleum_consumption.csv,1677,VALID
product-95702a7f9ab5e32d6bf4,Lubricants & Greases,Lubricants & Greases,2008-09,2008,2008,12,DEC,104,metric_tonnes,india_petroleum_consumption.csv,1678,VALID
product-95702a7f9ab5e32d6bf4,Lubricants & Greases,Lubricants & Greases,2008-09,2008,2009,1,JAN,147,metric_tonnes,india_petroleum_consumption.csv,1679,VALID
product-95702a7f9ab5e32d6bf4,Lubricants & Greases,Lubricants & Greases,2008-09,2008,2009,2,FEB,167,metric_tonnes,india_petroleum_consumption.csv,1680,VALID
product-95702a7f9ab5e32d6bf4,Lubricants & Greases,Lubricants & Greases,2008-09,2008,2009,3,MAR,251,metric_tonnes,india_petroleum_consumption.csv,1681,VALID
product-795922ede07e28180caa,FO & LSHS,FO & LSHS,2008-09,2008,2008,4,APR,1079,metric_tonnes,india_petroleum_consumption.csv,1682,VALID
product-795922ede07e28180caa,FO & LSHS,FO & LSHS,2008-09,2008,2008,5,MAY,1000,metric_tonnes,india_petroleum_consumption.csv,1683,VALID
product-795922ede07e28180caa,FO & LSHS,FO & LSHS,2008-09,2008,2008,6,JUN,1059,metric_tonnes,india_petroleum_consumption.csv,1684,VALID
product-795922ede07e28180caa,FO & LSHS,FO & LSHS,2008-09,2008,2008,7,JUL,989,metric_tonnes,india_petroleum_consumption.csv,1685,VALID
product-795922ede07e28180caa,FO & LSHS,FO & LSHS,2008-09,2008,2008,8,AUG,995,metric_tonnes,india_petroleum_consumption.csv,1686,VALID
product-795922ede07e28180caa,FO & LSHS,FO & LSHS,2008-09,2008,2008,9,SEP,1057,metric_tonnes,india_petroleum_consumption.csv,1687,VALID
product-795922ede07e28180caa,FO & LSHS,FO & LSHS,2008-09,2008,2008,10,OCT,990,metric_tonnes,india_petroleum_consumption.csv,1688,VALID
product-795922ede07e28180caa,FO & LSHS,FO & LSHS,2008-09,2008,2008,11,NOV,1014,metric_tonnes,india_petroleum_consumption.csv,1689,VALID
product-795922ede07e28180caa,FO & LSHS,FO & LSHS,2008-09,2008,2008,12,DEC,1100,metric_tonnes,india_petroleum_consumption.csv,1690,VALID
product-795922ede07e28180caa,FO & LSHS,FO & LSHS,2008-09,2008,2009,1,JAN,1096,metric_tonnes,india_petroleum_consumption.csv,1691,VALID
product-795922ede07e28180caa,FO & LSHS,FO & LSHS,2008-09,2008,2009,2,FEB,995,metric_tonnes,india_petroleum_consumption.csv,1692,VALID
product-795922ede07e28180caa,FO & LSHS,FO & LSHS,2008-09,2008,2009,3,MAR,1214,metric_tonnes,india_petroleum_consumption.csv,1693,VALID
product-790810d5c5602dbecaf2,Bitumen,Bitumen,2008-09,2008,2008,4,APR,492,metric_tonnes,india_petroleum_consumption.csv,1694,VALID
product-790810d5c5602dbecaf2,Bitumen,Bitumen,2008-09,2008,2008,5,MAY,468,metric_tonnes,india_petroleum_consumption.csv,1695,VALID
product-790810d5c5602dbecaf2,Bitumen,Bitumen,2008-09,2008,2008,6,JUN,369,metric_tonnes,india_petroleum_consumption.csv,1696,VALID
product-790810d5c5602dbecaf2,Bitumen,Bitumen,2008-09,2008,2008,7,JUL,222,metric_tonnes,india_petroleum_consumption.csv,1697,VALID
product-790810d5c5602dbecaf2,Bitumen,Bitumen,2008-09,2008,2008,8,AUG,180,metric_tonnes,india_petroleum_consumption.csv,1698,VALID
product-790810d5c5602dbecaf2,Bitumen,Bitumen,2008-09,2008,2008,9,SEP,239,metric_tonnes,india_petroleum_consumption.csv,1699,VALID
product-790810d5c5602dbecaf2,Bitumen,Bitumen,2008-09,2008,2008,10,OCT,307,metric_tonnes,india_petroleum_consumption.csv,1700,VALID
product-790810d5c5602dbecaf2,Bitumen,Bitumen,2008-09,2008,2008,11,NOV,369,metric_tonnes,india_petroleum_consumption.csv,1701,VALID
product-790810d5c5602dbecaf2,Bitumen,Bitumen,2008-09,2008,2008,12,DEC,463,metric_tonnes,india_petroleum_consumption.csv,1702,VALID
product-790810d5c5602dbecaf2,Bitumen,Bitumen,2008-09,2008,2009,1,JAN,469,metric_tonnes,india_petroleum_consumption.csv,1703,VALID
product-790810d5c5602dbecaf2,Bitumen,Bitumen,2008-09,2008,2009,2,FEB,529,metric_tonnes,india_petroleum_consumption.csv,1704,VALID
product-790810d5c5602dbecaf2,Bitumen,Bitumen,2008-09,2008,2009,3,MAR,640,metric_tonnes,india_petroleum_consumption.csv,1705,VALID
product-64fce74e71066b7ec4cf,Petroleum coke,Petroleum coke,2008-09,2008,2008,4,APR,509,metric_tonnes,india_petroleum_consumption.csv,1706,VALID
product-64fce74e71066b7ec4cf,Petroleum coke,Petroleum coke,2008-09,2008,2008,5,MAY,400,metric_tonnes,india_petroleum_consumption.csv,1707,VALID
product-64fce74e71066b7ec4cf,Petroleum coke,Petroleum coke,2008-09,2008,2008,6,JUN,444,metric_tonnes,india_petroleum_consumption.csv,1708,VALID
product-64fce74e71066b7ec4cf,Petroleum coke,Petroleum coke,2008-09,2008,2008,7,JUL,532,metric_tonnes,india_petroleum_consumption.csv,1709,VALID
product-64fce74e71066b7ec4cf,Petroleum coke,Petroleum coke,2008-09,2008,2008,8,AUG,491,metric_tonnes,india_petroleum_consumption.csv,1710,VALID
product-64fce74e71066b7ec4cf,Petroleum coke,Petroleum coke,2008-09,2008,2008,9,SEP,521,metric_tonnes,india_petroleum_consumption.csv,1711,VALID
product-64fce74e71066b7ec4cf,Petroleum coke,Petroleum coke,2008-09,2008,2008,10,OCT,419,metric_tonnes,india_petroleum_consumption.csv,1712,VALID
product-64fce74e71066b7ec4cf,Petroleum coke,Petroleum coke,2008-09,2008,2008,11,NOV,423,metric_tonnes,india_petroleum_consumption.csv,1713,VALID
product-64fce74e71066b7ec4cf,Petroleum coke,Petroleum coke,2008-09,2008,2008,12,DEC,543,metric_tonnes,india_petroleum_consumption.csv,1714,VALID
product-64fce74e71066b7ec4cf,Petroleum coke,Petroleum coke,2008-09,2008,2009,1,JAN,627,metric_tonnes,india_petroleum_consumption.csv,1715,VALID
product-64fce74e71066b7ec4cf,Petroleum coke,Petroleum coke,2008-09,2008,2009,2,FEB,608,metric_tonnes,india_petroleum_consumption.csv,1716,VALID
product-64fce74e71066b7ec4cf,Petroleum coke,Petroleum coke,2008-09,2008,2009,3,MAR,649,metric_tonnes,india_petroleum_consumption.csv,1717,VALID
product-896a0734e71eaafd55e7,Others,Others,2008-09,2008,2008,4,APR,491,metric_tonnes,india_petroleum_consumption.csv,1718,VALID
product-896a0734e71eaafd55e7,Others,Others,2008-09,2008,2008,5,MAY,405,metric_tonnes,india_petroleum_consumption.csv,1719,VALID
product-896a0734e71eaafd55e7,Others,Others,2008-09,2008,2008,6,JUN,446,metric_tonnes,india_petroleum_consumption.csv,1720,VALID
product-896a0734e71eaafd55e7,Others,Others,2008-09,2008,2008,7,JUL,435,metric_tonnes,india_petroleum_consumption.csv,1721,VALID
product-896a0734e71eaafd55e7,Others,Others,2008-09,2008,2008,8,AUG,446,metric_tonnes,india_petroleum_consumption.csv,1722,VALID
product-896a0734e71eaafd55e7,Others,Others,2008-09,2008,2008,9,SEP,438,metric_tonnes,india_petroleum_consumption.csv,1723,VALID
product-896a0734e71eaafd55e7,Others,Others,2008-09,2008,2008,10,OCT,332,metric_tonnes,india_petroleum_consumption.csv,1724,VALID
product-896a0734e71eaafd55e7,Others,Others,2008-09,2008,2008,11,NOV,316,metric_tonnes,india_petroleum_consumption.csv,1725,VALID
product-896a0734e71eaafd55e7,Others,Others,2008-09,2008,2008,12,DEC,324,metric_tonnes,india_petroleum_consumption.csv,1726,VALID
product-896a0734e71eaafd55e7,Others,Others,2008-09,2008,2009,1,JAN,378,metric_tonnes,india_petroleum_consumption.csv,1727,VALID
product-896a0734e71eaafd55e7,Others,Others,2008-09,2008,2009,2,FEB,360,metric_tonnes,india_petroleum_consumption.csv,1728,VALID
product-896a0734e71eaafd55e7,Others,Others,2008-09,2008,2009,3,MAR,378,metric_tonnes,india_petroleum_consumption.csv,1729,VALID
product-5575ab85b7b20e8c4793,LPG,LPG,2009-10,2009,2009,4,APR,995,metric_tonnes,india_petroleum_consumption.csv,1730,VALID
product-5575ab85b7b20e8c4793,LPG,LPG,2009-10,2009,2009,5,MAY,996,metric_tonnes,india_petroleum_consumption.csv,1731,VALID
product-5575ab85b7b20e8c4793,LPG,LPG,2009-10,2009,2009,6,JUN,1010,metric_tonnes,india_petroleum_consumption.csv,1732,VALID
product-5575ab85b7b20e8c4793,LPG,LPG,2009-10,2009,2009,7,JUL,1079,metric_tonnes,india_petroleum_consumption.csv,1733,VALID
product-5575ab85b7b20e8c4793,LPG,LPG,2009-10,2009,2009,8,AUG,1046,metric_tonnes,india_petroleum_consumption.csv,1734,VALID
product-5575ab85b7b20e8c4793,LPG,LPG,2009-10,2009,2009,9,SEP,1052,metric_tonnes,india_petroleum_consumption.csv,1735,VALID
product-5575ab85b7b20e8c4793,LPG,LPG,2009-10,2009,2009,10,OCT,1134,metric_tonnes,india_petroleum_consumption.csv,1736,VALID
product-5575ab85b7b20e8c4793,LPG,LPG,2009-10,2009,2009,11,NOV,1099,metric_tonnes,india_petroleum_consumption.csv,1737,VALID
product-5575ab85b7b20e8c4793,LPG,LPG,2009-10,2009,2009,12,DEC,1192,metric_tonnes,india_petroleum_consumption.csv,1738,VALID
product-5575ab85b7b20e8c4793,LPG,LPG,2009-10,2009,2010,1,JAN,1170,metric_tonnes,india_petroleum_consumption.csv,1739,VALID
product-5575ab85b7b20e8c4793,LPG,LPG,2009-10,2009,2010,2,FEB,1165,metric_tonnes,india_petroleum_consumption.csv,1740,VALID
product-5575ab85b7b20e8c4793,LPG,LPG,2009-10,2009,2010,3,MAR,1199,metric_tonnes,india_petroleum_consumption.csv,1741,VALID
product-352b4599428c13efa359,Naphtha,Naphtha,2009-10,2009,2009,4,APR,1074,metric_tonnes,india_petroleum_consumption.csv,1742,VALID
product-352b4599428c13efa359,Naphtha,Naphtha,2009-10,2009,2009,5,MAY,749,metric_tonnes,india_petroleum_consumption.csv,1743,VALID
product-352b4599428c13efa359,Naphtha,Naphtha,2009-10,2009,2009,6,JUN,964,metric_tonnes,india_petroleum_consumption.csv,1744,VALID
product-352b4599428c13efa359,Naphtha,Naphtha,2009-10,2009,2009,7,JUL,859,metric_tonnes,india_petroleum_consumption.csv,1745,VALID
product-352b4599428c13efa359,Naphtha,Naphtha,2009-10,2009,2009,8,AUG,958,metric_tonnes,india_petroleum_consumption.csv,1746,VALID
product-352b4599428c13efa359,Naphtha,Naphtha,2009-10,2009,2009,9,SEP,907,metric_tonnes,india_petroleum_consumption.csv,1747,VALID
product-352b4599428c13efa359,Naphtha,Naphtha,2009-10,2009,2009,10,OCT,819,metric_tonnes,india_petroleum_consumption.csv,1748,VALID
product-352b4599428c13efa359,Naphtha,Naphtha,2009-10,2009,2009,11,NOV,772,metric_tonnes,india_petroleum_consumption.csv,1749,VALID
product-352b4599428c13efa359,Naphtha,Naphtha,2009-10,2009,2009,12,DEC,720,metric_tonnes,india_petroleum_consumption.csv,1750,VALID
product-352b4599428c13efa359,Naphtha,Naphtha,2009-10,2009,2010,1,JAN,858,metric_tonnes,india_petroleum_consumption.csv,1751,VALID
product-352b4599428c13efa359,Naphtha,Naphtha,2009-10,2009,2010,2,FEB,743,metric_tonnes,india_petroleum_consumption.csv,1752,VALID
product-352b4599428c13efa359,Naphtha,Naphtha,2009-10,2009,2010,3,MAR,711,metric_tonnes,india_petroleum_consumption.csv,1753,VALID
product-8d171ab9b604e34124ea,MS,MS,2009-10,2009,2009,4,APR,1018,metric_tonnes,india_petroleum_consumption.csv,1754,VALID
product-8d171ab9b604e34124ea,MS,MS,2009-10,2009,2009,5,MAY,1106,metric_tonnes,india_petroleum_consumption.csv,1755,VALID
product-8d171ab9b604e34124ea,MS,MS,2009-10,2009,2009,6,JUN,1102,metric_tonnes,india_petroleum_consumption.csv,1756,VALID
product-8d171ab9b604e34124ea,MS,MS,2009-10,2009,2009,7,JUL,1007,metric_tonnes,india_petroleum_consumption.csv,1757,VALID
product-8d171ab9b604e34124ea,MS,MS,2009-10,2009,2009,8,AUG,1047,metric_tonnes,india_petroleum_consumption.csv,1758,VALID
product-8d171ab9b604e34124ea,MS,MS,2009-10,2009,2009,9,SEP,1037,metric_tonnes,india_petroleum_consumption.csv,1759,VALID
product-8d171ab9b604e34124ea,MS,MS,2009-10,2009,2009,10,OCT,1111,metric_tonnes,india_petroleum_consumption.csv,1760,VALID
product-8d171ab9b604e34124ea,MS,MS,2009-10,2009,2009,11,NOV,1017,metric_tonnes,india_petroleum_consumption.csv,1761,VALID
product-8d171ab9b604e34124ea,MS,MS,2009-10,2009,2009,12,DEC,1105,metric_tonnes,india_petroleum_consumption.csv,1762,VALID
product-8d171ab9b604e34124ea,MS,MS,2009-10,2009,2010,1,JAN,1048,metric_tonnes,india_petroleum_consumption.csv,1763,VALID
product-8d171ab9b604e34124ea,MS,MS,2009-10,2009,2010,2,FEB,1063,metric_tonnes,india_petroleum_consumption.csv,1764,VALID
product-8d171ab9b604e34124ea,MS,MS,2009-10,2009,2010,3,MAR,1157,metric_tonnes,india_petroleum_consumption.csv,1765,VALID
product-198fc08108a024c9da45,ATF,ATF,2009-10,2009,2009,4,APR,378,metric_tonnes,india_petroleum_consumption.csv,1766,VALID
product-198fc08108a024c9da45,ATF,ATF,2009-10,2009,2009,5,MAY,377,metric_tonnes,india_petroleum_consumption.csv,1767,VALID
product-198fc08108a024c9da45,ATF,ATF,2009-10,2009,2009,6,JUN,364,metric_tonnes,india_petroleum_consumption.csv,1768,VALID
product-198fc08108a024c9da45,ATF,ATF,2009-10,2009,2009,7,JUL,377,metric_tonnes,india_petroleum_consumption.csv,1769,VALID
product-198fc08108a024c9da45,ATF,ATF,2009-10,2009,2009,8,AUG,374,metric_tonnes,india_petroleum_consumption.csv,1770,VALID
product-198fc08108a024c9da45,ATF,ATF,2009-10,2009,2009,9,SEP,356,metric_tonnes,india_petroleum_consumption.csv,1771,VALID
product-198fc08108a024c9da45,ATF,ATF,2009-10,2009,2009,10,OCT,395,metric_tonnes,india_petroleum_consumption.csv,1772,VALID
product-198fc08108a024c9da45,ATF,ATF,2009-10,2009,2009,11,NOV,394,metric_tonnes,india_petroleum_consumption.csv,1773,VALID
product-198fc08108a024c9da45,ATF,ATF,2009-10,2009,2009,12,DEC,417,metric_tonnes,india_petroleum_consumption.csv,1774,VALID
product-198fc08108a024c9da45,ATF,ATF,2009-10,2009,2010,1,JAN,397,metric_tonnes,india_petroleum_consumption.csv,1775,VALID
product-198fc08108a024c9da45,ATF,ATF,2009-10,2009,2010,2,FEB,380,metric_tonnes,india_petroleum_consumption.csv,1776,VALID
product-198fc08108a024c9da45,ATF,ATF,2009-10,2009,2010,3,MAR,420,metric_tonnes,india_petroleum_consumption.csv,1777,VALID
product-cdf634489bfbff660916,SKO,SKO,2009-10,2009,2009,4,APR,765,metric_tonnes,india_petroleum_consumption.csv,1778,VALID
product-cdf634489bfbff660916,SKO,SKO,2009-10,2009,2009,5,MAY,770,metric_tonnes,india_petroleum_consumption.csv,1779,VALID
product-cdf634489bfbff660916,SKO,SKO,2009-10,2009,2009,6,JUN,782,metric_tonnes,india_petroleum_consumption.csv,1780,VALID
product-cdf634489bfbff660916,SKO,SKO,2009-10,2009,2009,7,JUL,781,metric_tonnes,india_petroleum_consumption.csv,1781,VALID
product-cdf634489bfbff660916,SKO,SKO,2009-10,2009,2009,8,AUG,772,metric_tonnes,india_petroleum_consumption.csv,1782,VALID
product-cdf634489bfbff660916,SKO,SKO,2009-10,2009,2009,9,SEP,767,metric_tonnes,india_petroleum_consumption.csv,1783,VALID
product-cdf634489bfbff660916,SKO,SKO,2009-10,2009,2009,10,OCT,785,metric_tonnes,india_petroleum_consumption.csv,1784,VALID
product-cdf634489bfbff660916,SKO,SKO,2009-10,2009,2009,11,NOV,776,metric_tonnes,india_petroleum_consumption.csv,1785,VALID
product-cdf634489bfbff660916,SKO,SKO,2009-10,2009,2009,12,DEC,805,metric_tonnes,india_petroleum_consumption.csv,1786,VALID
product-cdf634489bfbff660916,SKO,SKO,2009-10,2009,2010,1,JAN,770,metric_tonnes,india_petroleum_consumption.csv,1787,VALID
product-cdf634489bfbff660916,SKO,SKO,2009-10,2009,2010,2,FEB,771,metric_tonnes,india_petroleum_consumption.csv,1788,VALID
product-cdf634489bfbff660916,SKO,SKO,2009-10,2009,2010,3,MAR,761,metric_tonnes,india_petroleum_consumption.csv,1789,VALID
product-a81277714f19fd11a0e0,HSD,HSD,2009-10,2009,2009,4,APR,4741,metric_tonnes,india_petroleum_consumption.csv,1790,VALID
product-a81277714f19fd11a0e0,HSD,HSD,2009-10,2009,2009,5,MAY,4769,metric_tonnes,india_petroleum_consumption.csv,1791,VALID
product-a81277714f19fd11a0e0,HSD,HSD,2009-10,2009,2009,6,JUN,4859,metric_tonnes,india_petroleum_consumption.csv,1792,VALID
product-a81277714f19fd11a0e0,HSD,HSD,2009-10,2009,2009,7,JUL,4521,metric_tonnes,india_petroleum_consumption.csv,1793,VALID
product-a81277714f19fd11a0e0,HSD,HSD,2009-10,2009,2009,8,AUG,4182,metric_tonnes,india_petroleum_consumption.csv,1794,VALID
product-a81277714f19fd11a0e0,HSD,HSD,2009-10,2009,2009,9,SEP,4129,metric_tonnes,india_petroleum_consumption.csv,1795,VALID
product-a81277714f19fd11a0e0,HSD,HSD,2009-10,2009,2009,10,OCT,4775,metric_tonnes,india_petroleum_consumption.csv,1796,VALID
product-a81277714f19fd11a0e0,HSD,HSD,2009-10,2009,2009,11,NOV,4721,metric_tonnes,india_petroleum_consumption.csv,1797,VALID
product-a81277714f19fd11a0e0,HSD,HSD,2009-10,2009,2009,12,DEC,5028,metric_tonnes,india_petroleum_consumption.csv,1798,VALID
product-a81277714f19fd11a0e0,HSD,HSD,2009-10,2009,2010,1,JAN,4708,metric_tonnes,india_petroleum_consumption.csv,1799,VALID
product-a81277714f19fd11a0e0,HSD,HSD,2009-10,2009,2010,2,FEB,4658,metric_tonnes,india_petroleum_consumption.csv,1800,VALID
product-a81277714f19fd11a0e0,HSD,HSD,2009-10,2009,2010,3,MAR,5153,metric_tonnes,india_petroleum_consumption.csv,1801,VALID
product-1fe5626b86832387d536,LDO,LDO,2009-10,2009,2009,4,APR,35,metric_tonnes,india_petroleum_consumption.csv,1802,VALID
product-1fe5626b86832387d536,LDO,LDO,2009-10,2009,2009,5,MAY,38,metric_tonnes,india_petroleum_consumption.csv,1803,VALID
product-1fe5626b86832387d536,LDO,LDO,2009-10,2009,2009,6,JUN,45,metric_tonnes,india_petroleum_consumption.csv,1804,VALID
product-1fe5626b86832387d536,LDO,LDO,2009-10,2009,2009,7,JUL,45,metric_tonnes,india_petroleum_consumption.csv,1805,VALID
product-1fe5626b86832387d536,LDO,LDO,2009-10,2009,2009,8,AUG,42,metric_tonnes,india_petroleum_consumption.csv,1806,VALID
product-1fe5626b86832387d536,LDO,LDO,2009-10,2009,2009,9,SEP,38,metric_tonnes,india_petroleum_consumption.csv,1807,VALID
product-1fe5626b86832387d536,LDO,LDO,2009-10,2009,2009,10,OCT,42,metric_tonnes,india_petroleum_consumption.csv,1808,VALID
product-1fe5626b86832387d536,LDO,LDO,2009-10,2009,2009,11,NOV,36,metric_tonnes,india_petroleum_consumption.csv,1809,VALID
product-1fe5626b86832387d536,LDO,LDO,2009-10,2009,2009,12,DEC,36,metric_tonnes,india_petroleum_consumption.csv,1810,VALID
product-1fe5626b86832387d536,LDO,LDO,2009-10,2009,2010,1,JAN,34,metric_tonnes,india_petroleum_consumption.csv,1811,VALID
product-1fe5626b86832387d536,LDO,LDO,2009-10,2009,2010,2,FEB,33,metric_tonnes,india_petroleum_consumption.csv,1812,VALID
product-1fe5626b86832387d536,LDO,LDO,2009-10,2009,2010,3,MAR,33,metric_tonnes,india_petroleum_consumption.csv,1813,VALID
product-95702a7f9ab5e32d6bf4,Lubricants & Greases,Lubricants & Greases,2009-10,2009,2009,4,APR,182,metric_tonnes,india_petroleum_consumption.csv,1814,VALID
product-95702a7f9ab5e32d6bf4,Lubricants & Greases,Lubricants & Greases,2009-10,2009,2009,5,MAY,200,metric_tonnes,india_petroleum_consumption.csv,1815,VALID
product-95702a7f9ab5e32d6bf4,Lubricants & Greases,Lubricants & Greases,2009-10,2009,2009,6,JUN,239,metric_tonnes,india_petroleum_consumption.csv,1816,VALID
product-95702a7f9ab5e32d6bf4,Lubricants & Greases,Lubricants & Greases,2009-10,2009,2009,7,JUL,187,metric_tonnes,india_petroleum_consumption.csv,1817,VALID
product-95702a7f9ab5e32d6bf4,Lubricants & Greases,Lubricants & Greases,2009-10,2009,2009,8,AUG,271,metric_tonnes,india_petroleum_consumption.csv,1818,VALID
product-95702a7f9ab5e32d6bf4,Lubricants & Greases,Lubricants & Greases,2009-10,2009,2009,9,SEP,193,metric_tonnes,india_petroleum_consumption.csv,1819,VALID
product-95702a7f9ab5e32d6bf4,Lubricants & Greases,Lubricants & Greases,2009-10,2009,2009,10,OCT,177,metric_tonnes,india_petroleum_consumption.csv,1820,VALID
product-95702a7f9ab5e32d6bf4,Lubricants & Greases,Lubricants & Greases,2009-10,2009,2009,11,NOV,177,metric_tonnes,india_petroleum_consumption.csv,1821,VALID
product-95702a7f9ab5e32d6bf4,Lubricants & Greases,Lubricants & Greases,2009-10,2009,2009,12,DEC,240,metric_tonnes,india_petroleum_consumption.csv,1822,VALID
product-95702a7f9ab5e32d6bf4,Lubricants & Greases,Lubricants & Greases,2009-10,2009,2010,1,JAN,181,metric_tonnes,india_petroleum_consumption.csv,1823,VALID
product-95702a7f9ab5e32d6bf4,Lubricants & Greases,Lubricants & Greases,2009-10,2009,2010,2,FEB,234,metric_tonnes,india_petroleum_consumption.csv,1824,VALID
product-95702a7f9ab5e32d6bf4,Lubricants & Greases,Lubricants & Greases,2009-10,2009,2010,3,MAR,260,metric_tonnes,india_petroleum_consumption.csv,1825,VALID
product-795922ede07e28180caa,FO & LSHS,FO & LSHS,2009-10,2009,2009,4,APR,1054,metric_tonnes,india_petroleum_consumption.csv,1826,VALID
product-795922ede07e28180caa,FO & LSHS,FO & LSHS,2009-10,2009,2009,5,MAY,1046,metric_tonnes,india_petroleum_consumption.csv,1827,VALID
product-795922ede07e28180caa,FO & LSHS,FO & LSHS,2009-10,2009,2009,6,JUN,980,metric_tonnes,india_petroleum_consumption.csv,1828,VALID
product-795922ede07e28180caa,FO & LSHS,FO & LSHS,2009-10,2009,2009,7,JUL,996,metric_tonnes,india_petroleum_consumption.csv,1829,VALID
product-795922ede07e28180caa,FO & LSHS,FO & LSHS,2009-10,2009,2009,8,AUG,1023,metric_tonnes,india_petroleum_consumption.csv,1830,VALID
product-795922ede07e28180caa,FO & LSHS,FO & LSHS,2009-10,2009,2009,9,SEP,969,metric_tonnes,india_petroleum_consumption.csv,1831,VALID
product-795922ede07e28180caa,FO & LSHS,FO & LSHS,2009-10,2009,2009,10,OCT,1023,metric_tonnes,india_petroleum_consumption.csv,1832,VALID
product-795922ede07e28180caa,FO & LSHS,FO & LSHS,2009-10,2009,2009,11,NOV,879,metric_tonnes,india_petroleum_consumption.csv,1833,VALID
product-795922ede07e28180caa,FO & LSHS,FO & LSHS,2009-10,2009,2009,12,DEC,918,metric_tonnes,india_petroleum_consumption.csv,1834,VALID
product-795922ede07e28180caa,FO & LSHS,FO & LSHS,2009-10,2009,2010,1,JAN,877,metric_tonnes,india_petroleum_consumption.csv,1835,VALID
product-795922ede07e28180caa,FO & LSHS,FO & LSHS,2009-10,2009,2010,2,FEB,857,metric_tonnes,india_petroleum_consumption.csv,1836,VALID
product-795922ede07e28180caa,FO & LSHS,FO & LSHS,2009-10,2009,2010,3,MAR,1006,metric_tonnes,india_petroleum_consumption.csv,1837,VALID
product-790810d5c5602dbecaf2,Bitumen,Bitumen,2009-10,2009,2009,4,APR,527,metric_tonnes,india_petroleum_consumption.csv,1838,VALID
product-790810d5c5602dbecaf2,Bitumen,Bitumen,2009-10,2009,2009,5,MAY,517,metric_tonnes,india_petroleum_consumption.csv,1839,VALID
product-790810d5c5602dbecaf2,Bitumen,Bitumen,2009-10,2009,2009,6,JUN,475,metric_tonnes,india_petroleum_consumption.csv,1840,VALID
product-790810d5c5602dbecaf2,Bitumen,Bitumen,2009-10,2009,2009,7,JUL,247,metric_tonnes,india_petroleum_consumption.csv,1841,VALID
product-790810d5c5602dbecaf2,Bitumen,Bitumen,2009-10,2009,2009,8,AUG,217,metric_tonnes,india_petroleum_consumption.csv,1842,VALID
product-790810d5c5602dbecaf2,Bitumen,Bitumen,2009-10,2009,2009,9,SEP,241,metric_tonnes,india_petroleum_consumption.csv,1843,VALID
product-790810d5c5602dbecaf2,Bitumen,Bitumen,2009-10,2009,2009,10,OCT,335,metric_tonnes,india_petroleum_consumption.csv,1844,VALID
product-790810d5c5602dbecaf2,Bitumen,Bitumen,2009-10,2009,2009,11,NOV,394,metric_tonnes,india_petroleum_consumption.csv,1845,VALID
product-790810d5c5602dbecaf2,Bitumen,Bitumen,2009-10,2009,2009,12,DEC,464,metric_tonnes,india_petroleum_consumption.csv,1846,VALID
product-790810d5c5602dbecaf2,Bitumen,Bitumen,2009-10,2009,2010,1,JAN,400,metric_tonnes,india_petroleum_consumption.csv,1847,VALID
product-790810d5c5602dbecaf2,Bitumen,Bitumen,2009-10,2009,2010,2,FEB,483,metric_tonnes,india_petroleum_consumption.csv,1848,VALID
product-790810d5c5602dbecaf2,Bitumen,Bitumen,2009-10,2009,2010,3,MAR,634,metric_tonnes,india_petroleum_consumption.csv,1849,VALID
product-64fce74e71066b7ec4cf,Petroleum coke,Petroleum coke,2009-10,2009,2009,4,APR,517,metric_tonnes,india_petroleum_consumption.csv,1850,VALID
product-64fce74e71066b7ec4cf,Petroleum coke,Petroleum coke,2009-10,2009,2009,5,MAY,734,metric_tonnes,india_petroleum_consumption.csv,1851,VALID
product-64fce74e71066b7ec4cf,Petroleum coke,Petroleum coke,2009-10,2009,2009,6,JUN,535,metric_tonnes,india_petroleum_consumption.csv,1852,VALID
product-64fce74e71066b7ec4cf,Petroleum coke,Petroleum coke,2009-10,2009,2009,7,JUL,609,metric_tonnes,india_petroleum_consumption.csv,1853,VALID
product-64fce74e71066b7ec4cf,Petroleum coke,Petroleum coke,2009-10,2009,2009,8,AUG,402,metric_tonnes,india_petroleum_consumption.csv,1854,VALID
product-64fce74e71066b7ec4cf,Petroleum coke,Petroleum coke,2009-10,2009,2009,9,SEP,748,metric_tonnes,india_petroleum_consumption.csv,1855,VALID
product-64fce74e71066b7ec4cf,Petroleum coke,Petroleum coke,2009-10,2009,2009,10,OCT,507,metric_tonnes,india_petroleum_consumption.csv,1856,VALID
product-64fce74e71066b7ec4cf,Petroleum coke,Petroleum coke,2009-10,2009,2009,11,NOV,661,metric_tonnes,india_petroleum_consumption.csv,1857,VALID
product-64fce74e71066b7ec4cf,Petroleum coke,Petroleum coke,2009-10,2009,2009,12,DEC,471,metric_tonnes,india_petroleum_consumption.csv,1858,VALID
product-64fce74e71066b7ec4cf,Petroleum coke,Petroleum coke,2009-10,2009,2010,1,JAN,502,metric_tonnes,india_petroleum_consumption.csv,1859,VALID
product-64fce74e71066b7ec4cf,Petroleum coke,Petroleum coke,2009-10,2009,2010,2,FEB,468,metric_tonnes,india_petroleum_consumption.csv,1860,VALID
product-64fce74e71066b7ec4cf,Petroleum coke,Petroleum coke,2009-10,2009,2010,3,MAR,432,metric_tonnes,india_petroleum_consumption.csv,1861,VALID
product-896a0734e71eaafd55e7,Others,Others,2009-10,2009,2009,4,APR,411,metric_tonnes,india_petroleum_consumption.csv,1862,VALID
product-896a0734e71eaafd55e7,Others,Others,2009-10,2009,2009,5,MAY,420,metric_tonnes,india_petroleum_consumption.csv,1863,VALID
product-896a0734e71eaafd55e7,Others,Others,2009-10,2009,2009,6,JUN,523,metric_tonnes,india_petroleum_consumption.csv,1864,VALID
product-896a0734e71eaafd55e7,Others,Others,2009-10,2009,2009,7,JUL,442,metric_tonnes,india_petroleum_consumption.csv,1865,VALID
product-896a0734e71eaafd55e7,Others,Others,2009-10,2009,2009,8,AUG,527,metric_tonnes,india_petroleum_consumption.csv,1866,VALID
product-896a0734e71eaafd55e7,Others,Others,2009-10,2009,2009,9,SEP,434,metric_tonnes,india_petroleum_consumption.csv,1867,VALID
product-896a0734e71eaafd55e7,Others,Others,2009-10,2009,2009,10,OCT,462,metric_tonnes,india_petroleum_consumption.csv,1868,VALID
product-896a0734e71eaafd55e7,Others,Others,2009-10,2009,2009,11,NOV,472,metric_tonnes,india_petroleum_consumption.csv,1869,VALID
product-896a0734e71eaafd55e7,Others,Others,2009-10,2009,2009,12,DEC,420,metric_tonnes,india_petroleum_consumption.csv,1870,VALID
product-896a0734e71eaafd55e7,Others,Others,2009-10,2009,2010,1,JAN,418,metric_tonnes,india_petroleum_consumption.csv,1871,VALID
product-896a0734e71eaafd55e7,Others,Others,2009-10,2009,2010,2,FEB,412,metric_tonnes,india_petroleum_consumption.csv,1872,VALID
product-896a0734e71eaafd55e7,Others,Others,2009-10,2009,2010,3,MAR,461,metric_tonnes,india_petroleum_consumption.csv,1873,VALID
product-5575ab85b7b20e8c4793,LPG,LPG,2010-11,2010,2010,4,APR,1079,metric_tonnes,india_petroleum_consumption.csv,1874,VALID
product-5575ab85b7b20e8c4793,LPG,LPG,2010-11,2010,2010,5,MAY,1073,metric_tonnes,india_petroleum_consumption.csv,1875,VALID
product-5575ab85b7b20e8c4793,LPG,LPG,2010-11,2010,2010,6,JUN,1092,metric_tonnes,india_petroleum_consumption.csv,1876,VALID
product-5575ab85b7b20e8c4793,LPG,LPG,2010-11,2010,2010,7,JUL,1163,metric_tonnes,india_petroleum_consumption.csv,1877,VALID
product-5575ab85b7b20e8c4793,LPG,LPG,2010-11,2010,2010,8,AUG,1155,metric_tonnes,india_petroleum_consumption.csv,1878,VALID
product-5575ab85b7b20e8c4793,LPG,LPG,2010-11,2010,2010,9,SEP,1169,metric_tonnes,india_petroleum_consumption.csv,1879,VALID
product-5575ab85b7b20e8c4793,LPG,LPG,2010-11,2010,2010,10,OCT,1215,metric_tonnes,india_petroleum_consumption.csv,1880,VALID
product-5575ab85b7b20e8c4793,LPG,LPG,2010-11,2010,2010,11,NOV,1200,metric_tonnes,india_petroleum_consumption.csv,1881,VALID
product-5575ab85b7b20e8c4793,LPG,LPG,2010-11,2010,2010,12,DEC,1329,metric_tonnes,india_petroleum_consumption.csv,1882,VALID
product-5575ab85b7b20e8c4793,LPG,LPG,2010-11,2010,2011,1,JAN,1281,metric_tonnes,india_petroleum_consumption.csv,1883,VALID
product-5575ab85b7b20e8c4793,LPG,LPG,2010-11,2010,2011,2,FEB,1246,metric_tonnes,india_petroleum_consumption.csv,1884,VALID
product-5575ab85b7b20e8c4793,LPG,LPG,2010-11,2010,2011,3,MAR,1330,metric_tonnes,india_petroleum_consumption.csv,1885,VALID
product-352b4599428c13efa359,Naphtha,Naphtha,2010-11,2010,2010,4,APR,892,metric_tonnes,india_petroleum_consumption.csv,1886,VALID
product-352b4599428c13efa359,Naphtha,Naphtha,2010-11,2010,2010,5,MAY,999,metric_tonnes,india_petroleum_consumption.csv,1887,VALID
product-352b4599428c13efa359,Naphtha,Naphtha,2010-11,2010,2010,6,JUN,854,metric_tonnes,india_petroleum_consumption.csv,1888,VALID
product-352b4599428c13efa359,Naphtha,Naphtha,2010-11,2010,2010,7,JUL,967,metric_tonnes,india_petroleum_consumption.csv,1889,VALID
product-352b4599428c13efa359,Naphtha,Naphtha,2010-11,2010,2010,8,AUG,929,metric_tonnes,india_petroleum_consumption.csv,1890,VALID
product-352b4599428c13efa359,Naphtha,Naphtha,2010-11,2010,2010,9,SEP,858,metric_tonnes,india_petroleum_consumption.csv,1891,VALID
product-352b4599428c13efa359,Naphtha,Naphtha,2010-11,2010,2010,10,OCT,738,metric_tonnes,india_petroleum_consumption.csv,1892,VALID
product-352b4599428c13efa359,Naphtha,Naphtha,2010-11,2010,2010,11,NOV,918,metric_tonnes,india_petroleum_consumption.csv,1893,VALID
product-352b4599428c13efa359,Naphtha,Naphtha,2010-11,2010,2010,12,DEC,1013,metric_tonnes,india_petroleum_consumption.csv,1894,VALID
product-352b4599428c13efa359,Naphtha,Naphtha,2010-11,2010,2011,1,JAN,955,metric_tonnes,india_petroleum_consumption.csv,1895,VALID
product-352b4599428c13efa359,Naphtha,Naphtha,2010-11,2010,2011,2,FEB,766,metric_tonnes,india_petroleum_consumption.csv,1896,VALID
product-352b4599428c13efa359,Naphtha,Naphtha,2010-11,2010,2011,3,MAR,788,metric_tonnes,india_petroleum_consumption.csv,1897,VALID
product-8d171ab9b604e34124ea,MS,MS,2010-11,2010,2010,4,APR,1118,metric_tonnes,india_petroleum_consumption.csv,1898,VALID
product-8d171ab9b604e34124ea,MS,MS,2010-11,2010,2010,5,MAY,1251,metric_tonnes,india_petroleum_consumption.csv,1899,VALID
product-8d171ab9b604e34124ea,MS,MS,2010-11,2010,2010,6,JUN,1242,metric_tonnes,india_petroleum_consumption.csv,1900,VALID
product-8d171ab9b604e34124ea,MS,MS,2010-11,2010,2010,7,JUL,1156,metric_tonnes,india_petroleum_consumption.csv,1901,VALID
product-8d171ab9b604e34124ea,MS,MS,2010-11,2010,2010,8,AUG,1168,metric_tonnes,india_petroleum_consumption.csv,1902,VALID
product-8d171ab9b604e34124ea,MS,MS,2010-11,2010,2010,9,SEP,1128,metric_tonnes,india_petroleum_consumption.csv,1903,VALID
product-8d171ab9b604e34124ea,MS,MS,2010-11,2010,2010,10,OCT,1189,metric_tonnes,india_petroleum_consumption.csv,1904,VALID
product-8d171ab9b604e34124ea,MS,MS,2010-11,2010,2010,11,NOV,1193,metric_tonnes,india_petroleum_consumption.csv,1905,VALID
product-8d171ab9b604e34124ea,MS,MS,2010-11,2010,2010,12,DEC,1202,metric_tonnes,india_petroleum_consumption.csv,1906,VALID
product-8d171ab9b604e34124ea,MS,MS,2010-11,2010,2011,1,JAN,1141,metric_tonnes,india_petroleum_consumption.csv,1907,VALID
product-8d171ab9b604e34124ea,MS,MS,2010-11,2010,2011,2,FEB,1136,metric_tonnes,india_petroleum_consumption.csv,1908,VALID
product-8d171ab9b604e34124ea,MS,MS,2010-11,2010,2011,3,MAR,1269,metric_tonnes,india_petroleum_consumption.csv,1909,VALID
product-198fc08108a024c9da45,ATF,ATF,2010-11,2010,2010,4,APR,393,metric_tonnes,india_petroleum_consumption.csv,1910,VALID
product-198fc08108a024c9da45,ATF,ATF,2010-11,2010,2010,5,MAY,421,metric_tonnes,india_petroleum_consumption.csv,1911,VALID
product-198fc08108a024c9da45,ATF,ATF,2010-11,2010,2010,6,JUN,401,metric_tonnes,india_petroleum_consumption.csv,1912,VALID
product-198fc08108a024c9da45,ATF,ATF,2010-11,2010,2010,7,JUL,401,metric_tonnes,india_petroleum_consumption.csv,1913,VALID
product-198fc08108a024c9da45,ATF,ATF,2010-11,2010,2010,8,AUG,403,metric_tonnes,india_petroleum_consumption.csv,1914,VALID
product-198fc08108a024c9da45,ATF,ATF,2010-11,2010,2010,9,SEP,398,metric_tonnes,india_petroleum_consumption.csv,1915,VALID
product-198fc08108a024c9da45,ATF,ATF,2010-11,2010,2010,10,OCT,434,metric_tonnes,india_petroleum_consumption.csv,1916,VALID
product-198fc08108a024c9da45,ATF,ATF,2010-11,2010,2010,11,NOV,431,metric_tonnes,india_petroleum_consumption.csv,1917,VALID
product-198fc08108a024c9da45,ATF,ATF,2010-11,2010,2010,12,DEC,452,metric_tonnes,india_petroleum_consumption.csv,1918,VALID
product-198fc08108a024c9da45,ATF,ATF,2010-11,2010,2011,1,JAN,446,metric_tonnes,india_petroleum_consumption.csv,1919,VALID
product-198fc08108a024c9da45,ATF,ATF,2010-11,2010,2011,2,FEB,421,metric_tonnes,india_petroleum_consumption.csv,1920,VALID
product-198fc08108a024c9da45,ATF,ATF,2010-11,2010,2011,3,MAR,477,metric_tonnes,india_petroleum_consumption.csv,1921,VALID
product-cdf634489bfbff660916,SKO,SKO,2010-11,2010,2010,4,APR,749,metric_tonnes,india_petroleum_consumption.csv,1922,VALID
product-cdf634489bfbff660916,SKO,SKO,2010-11,2010,2010,5,MAY,752,metric_tonnes,india_petroleum_consumption.csv,1923,VALID
product-cdf634489bfbff660916,SKO,SKO,2010-11,2010,2010,6,JUN,709,metric_tonnes,india_petroleum_consumption.csv,1924,VALID
product-cdf634489bfbff660916,SKO,SKO,2010-11,2010,2010,7,JUL,764,metric_tonnes,india_petroleum_consumption.csv,1925,VALID
product-cdf634489bfbff660916,SKO,SKO,2010-11,2010,2010,8,AUG,759,metric_tonnes,india_petroleum_consumption.csv,1926,VALID
product-cdf634489bfbff660916,SKO,SKO,2010-11,2010,2010,9,SEP,730,metric_tonnes,india_petroleum_consumption.csv,1927,VALID
product-cdf634489bfbff660916,SKO,SKO,2010-11,2010,2010,10,OCT,753,metric_tonnes,india_petroleum_consumption.csv,1928,VALID
product-cdf634489bfbff660916,SKO,SKO,2010-11,2010,2010,11,NOV,745,metric_tonnes,india_petroleum_consumption.csv,1929,VALID
product-cdf634489bfbff660916,SKO,SKO,2010-11,2010,2010,12,DEC,737,metric_tonnes,india_petroleum_consumption.csv,1930,VALID
product-cdf634489bfbff660916,SKO,SKO,2010-11,2010,2011,1,JAN,763,metric_tonnes,india_petroleum_consumption.csv,1931,VALID
product-cdf634489bfbff660916,SKO,SKO,2010-11,2010,2011,2,FEB,750,metric_tonnes,india_petroleum_consumption.csv,1932,VALID
product-cdf634489bfbff660916,SKO,SKO,2010-11,2010,2011,3,MAR,717,metric_tonnes,india_petroleum_consumption.csv,1933,VALID
product-a81277714f19fd11a0e0,HSD,HSD,2010-11,2010,2010,4,APR,5392,metric_tonnes,india_petroleum_consumption.csv,1934,VALID
product-a81277714f19fd11a0e0,HSD,HSD,2010-11,2010,2010,5,MAY,5295,metric_tonnes,india_petroleum_consumption.csv,1935,VALID
product-a81277714f19fd11a0e0,HSD,HSD,2010-11,2010,2010,6,JUN,5198,metric_tonnes,india_petroleum_consumption.csv,1936,VALID
product-a81277714f19fd11a0e0,HSD,HSD,2010-11,2010,2010,7,JUL,4839,metric_tonnes,india_petroleum_consumption.csv,1937,VALID
product-a81277714f19fd11a0e0,HSD,HSD,2010-11,2010,2010,8,AUG,4318,metric_tonnes,india_petroleum_consumption.csv,1938,VALID
product-a81277714f19fd11a0e0,HSD,HSD,2010-11,2010,2010,9,SEP,4213,metric_tonnes,india_petroleum_consumption.csv,1939,VALID
product-a81277714f19fd11a0e0,HSD,HSD,2010-11,2010,2010,10,OCT,4961,metric_tonnes,india_petroleum_consumption.csv,1940,VALID
product-a81277714f19fd11a0e0,HSD,HSD,2010-11,2010,2010,11,NOV,4927,metric_tonnes,india_petroleum_consumption.csv,1941,VALID
product-a81277714f19fd11a0e0,HSD,HSD,2010-11,2010,2010,12,DEC,5524,metric_tonnes,india_petroleum_consumption.csv,1942,VALID
product-a81277714f19fd11a0e0,HSD,HSD,2010-11,2010,2011,1,JAN,4999,metric_tonnes,india_petroleum_consumption.csv,1943,VALID
product-a81277714f19fd11a0e0,HSD,HSD,2010-11,2010,2011,2,FEB,4919,metric_tonnes,india_petroleum_consumption.csv,1944,VALID
product-a81277714f19fd11a0e0,HSD,HSD,2010-11,2010,2011,3,MAR,5486,metric_tonnes,india_petroleum_consumption.csv,1945,VALID
product-1fe5626b86832387d536,LDO,LDO,2010-11,2010,2010,4,APR,29,metric_tonnes,india_petroleum_consumption.csv,1946,VALID
product-1fe5626b86832387d536,LDO,LDO,2010-11,2010,2010,5,MAY,34,metric_tonnes,india_petroleum_consumption.csv,1947,VALID
product-1fe5626b86832387d536,LDO,LDO,2010-11,2010,2010,6,JUN,37,metric_tonnes,india_petroleum_consumption.csv,1948,VALID
product-1fe5626b86832387d536,LDO,LDO,2010-11,2010,2010,7,JUL,40,metric_tonnes,india_petroleum_consumption.csv,1949,VALID
product-1fe5626b86832387d536,LDO,LDO,2010-11,2010,2010,8,AUG,44,metric_tonnes,india_petroleum_consumption.csv,1950,VALID
product-1fe5626b86832387d536,LDO,LDO,2010-11,2010,2010,9,SEP,43,metric_tonnes,india_petroleum_consumption.csv,1951,VALID
product-1fe5626b86832387d536,LDO,LDO,2010-11,2010,2010,10,OCT,39,metric_tonnes,india_petroleum_consumption.csv,1952,VALID
product-1fe5626b86832387d536,LDO,LDO,2010-11,2010,2010,11,NOV,35,metric_tonnes,india_petroleum_consumption.csv,1953,VALID
product-1fe5626b86832387d536,LDO,LDO,2010-11,2010,2010,12,DEC,37,metric_tonnes,india_petroleum_consumption.csv,1954,VALID
product-1fe5626b86832387d536,LDO,LDO,2010-11,2010,2011,1,JAN,36,metric_tonnes,india_petroleum_consumption.csv,1955,VALID
product-1fe5626b86832387d536,LDO,LDO,2010-11,2010,2011,2,FEB,36,metric_tonnes,india_petroleum_consumption.csv,1956,VALID
product-1fe5626b86832387d536,LDO,LDO,2010-11,2010,2011,3,MAR,45,metric_tonnes,india_petroleum_consumption.csv,1957,VALID
product-95702a7f9ab5e32d6bf4,Lubricants & Greases,Lubricants & Greases,2010-11,2010,2010,4,APR,192,metric_tonnes,india_petroleum_consumption.csv,1958,VALID
product-95702a7f9ab5e32d6bf4,Lubricants & Greases,Lubricants & Greases,2010-11,2010,2010,5,MAY,222,metric_tonnes,india_petroleum_consumption.csv,1959,VALID
product-95702a7f9ab5e32d6bf4,Lubricants & Greases,Lubricants & Greases,2010-11,2010,2010,6,JUN,165,metric_tonnes,india_petroleum_consumption.csv,1960,VALID
product-95702a7f9ab5e32d6bf4,Lubricants & Greases,Lubricants & Greases,2010-11,2010,2010,7,JUL,211,metric_tonnes,india_petroleum_consumption.csv,1961,VALID
product-95702a7f9ab5e32d6bf4,Lubricants & Greases,Lubricants & Greases,2010-11,2010,2010,8,AUG,161,metric_tonnes,india_petroleum_consumption.csv,1962,VALID
product-95702a7f9ab5e32d6bf4,Lubricants & Greases,Lubricants & Greases,2010-11,2010,2010,9,SEP,200,metric_tonnes,india_petroleum_consumption.csv,1963,VALID
product-95702a7f9ab5e32d6bf4,Lubricants & Greases,Lubricants & Greases,2010-11,2010,2010,10,OCT,194,metric_tonnes,india_petroleum_consumption.csv,1964,VALID
product-95702a7f9ab5e32d6bf4,Lubricants & Greases,Lubricants & Greases,2010-11,2010,2010,11,NOV,237,metric_tonnes,india_petroleum_consumption.csv,1965,VALID
product-95702a7f9ab5e32d6bf4,Lubricants & Greases,Lubricants & Greases,2010-11,2010,2010,12,DEC,178,metric_tonnes,india_petroleum_consumption.csv,1966,VALID
product-95702a7f9ab5e32d6bf4,Lubricants & Greases,Lubricants & Greases,2010-11,2010,2011,1,JAN,184,metric_tonnes,india_petroleum_consumption.csv,1967,VALID
product-95702a7f9ab5e32d6bf4,Lubricants & Greases,Lubricants & Greases,2010-11,2010,2011,2,FEB,194,metric_tonnes,india_petroleum_consumption.csv,1968,VALID
product-95702a7f9ab5e32d6bf4,Lubricants & Greases,Lubricants & Greases,2010-11,2010,2011,3,MAR,292,metric_tonnes,india_petroleum_consumption.csv,1969,VALID
product-795922ede07e28180caa,FO & LSHS,FO & LSHS,2010-11,2010,2010,4,APR,913,metric_tonnes,india_petroleum_consumption.csv,1970,VALID
product-795922ede07e28180caa,FO & LSHS,FO & LSHS,2010-11,2010,2010,5,MAY,881,metric_tonnes,india_petroleum_consumption.csv,1971,VALID
product-795922ede07e28180caa,FO & LSHS,FO & LSHS,2010-11,2010,2010,6,JUN,965,metric_tonnes,india_petroleum_consumption.csv,1972,VALID
product-795922ede07e28180caa,FO & LSHS,FO & LSHS,2010-11,2010,2010,7,JUL,916,metric_tonnes,india_petroleum_consumption.csv,1973,VALID
product-795922ede07e28180caa,FO & LSHS,FO & LSHS,2010-11,2010,2010,8,AUG,941,metric_tonnes,india_petroleum_consumption.csv,1974,VALID
product-795922ede07e28180caa,FO & LSHS,FO & LSHS,2010-11,2010,2010,9,SEP,935,metric_tonnes,india_petroleum_consumption.csv,1975,VALID
product-795922ede07e28180caa,FO & LSHS,FO & LSHS,2010-11,2010,2010,10,OCT,921,metric_tonnes,india_petroleum_consumption.csv,1976,VALID
product-795922ede07e28180caa,FO & LSHS,FO & LSHS,2010-11,2010,2010,11,NOV,843,metric_tonnes,india_petroleum_consumption.csv,1977,VALID
product-795922ede07e28180caa,FO & LSHS,FO & LSHS,2010-11,2010,2010,12,DEC,876,metric_tonnes,india_petroleum_consumption.csv,1978,VALID
product-795922ede07e28180caa,FO & LSHS,FO & LSHS,2010-11,2010,2011,1,JAN,828,metric_tonnes,india_petroleum_consumption.csv,1979,VALID
product-795922ede07e28180caa,FO & LSHS,FO & LSHS,2010-11,2010,2011,2,FEB,824,metric_tonnes,india_petroleum_consumption.csv,1980,VALID
product-795922ede07e28180caa,FO & LSHS,FO & LSHS,2010-11,2010,2011,3,MAR,947,metric_tonnes,india_petroleum_consumption.csv,1981,VALID
product-790810d5c5602dbecaf2,Bitumen,Bitumen,2010-11,2010,2010,4,APR,531,metric_tonnes,india_petroleum_consumption.csv,1982,VALID
product-790810d5c5602dbecaf2,Bitumen,Bitumen,2010-11,2010,2010,5,MAY,516,metric_tonnes,india_petroleum_consumption.csv,1983,VALID
product-790810d5c5602dbecaf2,Bitumen,Bitumen,2010-11,2010,2010,6,JUN,396,metric_tonnes,india_petroleum_consumption.csv,1984,VALID
product-790810d5c5602dbecaf2,Bitumen,Bitumen,2010-11,2010,2010,7,JUL,196,metric_tonnes,india_petroleum_consumption.csv,1985,VALID
product-790810d5c5602dbecaf2,Bitumen,Bitumen,2010-11,2010,2010,8,AUG,125,metric_tonnes,india_petroleum_consumption.csv,1986,VALID
product-790810d5c5602dbecaf2,Bitumen,Bitumen,2010-11,2010,2010,9,SEP,167,metric_tonnes,india_petroleum_consumption.csv,1987,VALID
product-790810d5c5602dbecaf2,Bitumen,Bitumen,2010-11,2010,2010,10,OCT,307,metric_tonnes,india_petroleum_consumption.csv,1988,VALID
product-790810d5c5602dbecaf2,Bitumen,Bitumen,2010-11,2010,2010,11,NOV,302,metric_tonnes,india_petroleum_consumption.csv,1989,VALID
product-790810d5c5602dbecaf2,Bitumen,Bitumen,2010-11,2010,2010,12,DEC,432,metric_tonnes,india_petroleum_consumption.csv,1990,VALID
product-790810d5c5602dbecaf2,Bitumen,Bitumen,2010-11,2010,2011,1,JAN,424,metric_tonnes,india_petroleum_consumption.csv,1991,VALID
product-790810d5c5602dbecaf2,Bitumen,Bitumen,2010-11,2010,2011,2,FEB,513,metric_tonnes,india_petroleum_consumption.csv,1992,VALID
product-790810d5c5602dbecaf2,Bitumen,Bitumen,2010-11,2010,2011,3,MAR,630,metric_tonnes,india_petroleum_consumption.csv,1993,VALID
product-64fce74e71066b7ec4cf,Petroleum coke,Petroleum coke,2010-11,2010,2010,4,APR,464,metric_tonnes,india_petroleum_consumption.csv,1994,VALID
product-64fce74e71066b7ec4cf,Petroleum coke,Petroleum coke,2010-11,2010,2010,5,MAY,518,metric_tonnes,india_petroleum_consumption.csv,1995,VALID
product-64fce74e71066b7ec4cf,Petroleum coke,Petroleum coke,2010-11,2010,2010,6,JUN,468,metric_tonnes,india_petroleum_consumption.csv,1996,VALID
product-64fce74e71066b7ec4cf,Petroleum coke,Petroleum coke,2010-11,2010,2010,7,JUL,407,metric_tonnes,india_petroleum_consumption.csv,1997,VALID
product-64fce74e71066b7ec4cf,Petroleum coke,Petroleum coke,2010-11,2010,2010,8,AUG,347,metric_tonnes,india_petroleum_consumption.csv,1998,VALID
product-64fce74e71066b7ec4cf,Petroleum coke,Petroleum coke,2010-11,2010,2010,9,SEP,293,metric_tonnes,india_petroleum_consumption.csv,1999,VALID
product-64fce74e71066b7ec4cf,Petroleum coke,Petroleum coke,2010-11,2010,2010,10,OCT,414,metric_tonnes,india_petroleum_consumption.csv,2000,VALID
product-64fce74e71066b7ec4cf,Petroleum coke,Petroleum coke,2010-11,2010,2010,11,NOV,350,metric_tonnes,india_petroleum_consumption.csv,2001,VALID
product-64fce74e71066b7ec4cf,Petroleum coke,Petroleum coke,2010-11,2010,2010,12,DEC,357,metric_tonnes,india_petroleum_consumption.csv,2002,VALID
product-64fce74e71066b7ec4cf,Petroleum coke,Petroleum coke,2010-11,2010,2011,1,JAN,450,metric_tonnes,india_petroleum_consumption.csv,2003,VALID
product-64fce74e71066b7ec4cf,Petroleum coke,Petroleum coke,2010-11,2010,2011,2,FEB,383,metric_tonnes,india_petroleum_consumption.csv,2004,VALID
product-64fce74e71066b7ec4cf,Petroleum coke,Petroleum coke,2010-11,2010,2011,3,MAR,531,metric_tonnes,india_petroleum_consumption.csv,2005,VALID
product-896a0734e71eaafd55e7,Others,Others,2010-11,2010,2010,4,APR,395,metric_tonnes,india_petroleum_consumption.csv,2006,VALID
product-896a0734e71eaafd55e7,Others,Others,2010-11,2010,2010,5,MAY,399,metric_tonnes,india_petroleum_consumption.csv,2007,VALID
product-896a0734e71eaafd55e7,Others,Others,2010-11,2010,2010,6,JUN,393,metric_tonnes,india_petroleum_consumption.csv,2008,VALID
product-896a0734e71eaafd55e7,Others,Others,2010-11,2010,2010,7,JUL,404,metric_tonnes,india_petroleum_consumption.csv,2009,VALID
product-896a0734e71eaafd55e7,Others,Others,2010-11,2010,2010,8,AUG,385,metric_tonnes,india_petroleum_consumption.csv,2010,VALID
product-896a0734e71eaafd55e7,Others,Others,2010-11,2010,2010,9,SEP,331,metric_tonnes,india_petroleum_consumption.csv,2011,VALID
product-896a0734e71eaafd55e7,Others,Others,2010-11,2010,2010,10,OCT,471,metric_tonnes,india_petroleum_consumption.csv,2012,VALID
product-896a0734e71eaafd55e7,Others,Others,2010-11,2010,2010,11,NOV,331,metric_tonnes,india_petroleum_consumption.csv,2013,VALID
product-896a0734e71eaafd55e7,Others,Others,2010-11,2010,2010,12,DEC,460,metric_tonnes,india_petroleum_consumption.csv,2014,VALID
product-896a0734e71eaafd55e7,Others,Others,2010-11,2010,2011,1,JAN,370,metric_tonnes,india_petroleum_consumption.csv,2015,VALID
product-896a0734e71eaafd55e7,Others,Others,2010-11,2010,2011,2,FEB,305,metric_tonnes,india_petroleum_consumption.csv,2016,VALID
product-896a0734e71eaafd55e7,Others,Others,2010-11,2010,2011,3,MAR,327,metric_tonnes,india_petroleum_consumption.csv,2017,VALID
product-5575ab85b7b20e8c4793,LPG,LPG,2011-12,2011,2011,4,APR,1154,metric_tonnes,india_petroleum_consumption.csv,2018,VALID
product-5575ab85b7b20e8c4793,LPG,LPG,2011-12,2011,2011,5,MAY,1211,metric_tonnes,india_petroleum_consumption.csv,2019,VALID
product-5575ab85b7b20e8c4793,LPG,LPG,2011-12,2011,2011,6,JUN,1214,metric_tonnes,india_petroleum_consumption.csv,2020,VALID
product-5575ab85b7b20e8c4793,LPG,LPG,2011-12,2011,2011,7,JUL,1248,metric_tonnes,india_petroleum_consumption.csv,2021,VALID
product-5575ab85b7b20e8c4793,LPG,LPG,2011-12,2011,2011,8,AUG,1272,metric_tonnes,india_petroleum_consumption.csv,2022,VALID
product-5575ab85b7b20e8c4793,LPG,LPG,2011-12,2011,2011,9,SEP,1282,metric_tonnes,india_petroleum_consumption.csv,2023,VALID
product-5575ab85b7b20e8c4793,LPG,LPG,2011-12,2011,2011,10,OCT,1237,metric_tonnes,india_petroleum_consumption.csv,2024,VALID
product-5575ab85b7b20e8c4793,LPG,LPG,2011-12,2011,2011,11,NOV,1323,metric_tonnes,india_petroleum_consumption.csv,2025,VALID
product-5575ab85b7b20e8c4793,LPG,LPG,2011-12,2011,2011,12,DEC,1412,metric_tonnes,india_petroleum_consumption.csv,2026,VALID
product-5575ab85b7b20e8c4793,LPG,LPG,2011-12,2011,2012,1,JAN,1317,metric_tonnes,india_petroleum_consumption.csv,2027,VALID
product-5575ab85b7b20e8c4793,LPG,LPG,2011-12,2011,2012,2,FEB,1337,metric_tonnes,india_petroleum_consumption.csv,2028,VALID
product-5575ab85b7b20e8c4793,LPG,LPG,2011-12,2011,2012,3,MAR,1344,metric_tonnes,india_petroleum_consumption.csv,2029,VALID
product-352b4599428c13efa359,Naphtha,Naphtha,2011-12,2011,2011,4,APR,1010,metric_tonnes,india_petroleum_consumption.csv,2030,VALID
product-352b4599428c13efa359,Naphtha,Naphtha,2011-12,2011,2011,5,MAY,961,metric_tonnes,india_petroleum_consumption.csv,2031,VALID
product-352b4599428c13efa359,Naphtha,Naphtha,2011-12,2011,2011,6,JUN,850,metric_tonnes,india_petroleum_consumption.csv,2032,VALID
product-352b4599428c13efa359,Naphtha,Naphtha,2011-12,2011,2011,7,JUL,960,metric_tonnes,india_petroleum_consumption.csv,2033,VALID
product-352b4599428c13efa359,Naphtha,Naphtha,2011-12,2011,2011,8,AUG,904,metric_tonnes,india_petroleum_consumption.csv,2034,VALID
product-352b4599428c13efa359,Naphtha,Naphtha,2011-12,2011,2011,9,SEP,984,metric_tonnes,india_petroleum_consumption.csv,2035,VALID
product-352b4599428c13efa359,Naphtha,Naphtha,2011-12,2011,2011,10,OCT,992,metric_tonnes,india_petroleum_consumption.csv,2036,VALID
product-352b4599428c13efa359,Naphtha,Naphtha,2011-12,2011,2011,11,NOV,1039,metric_tonnes,india_petroleum_consumption.csv,2037,VALID
product-352b4599428c13efa359,Naphtha,Naphtha,2011-12,2011,2011,12,DEC,860,metric_tonnes,india_petroleum_consumption.csv,2038,VALID
product-352b4599428c13efa359,Naphtha,Naphtha,2011-12,2011,2012,1,JAN,865,metric_tonnes,india_petroleum_consumption.csv,2039,VALID
product-352b4599428c13efa359,Naphtha,Naphtha,2011-12,2011,2012,2,FEB,851,metric_tonnes,india_petroleum_consumption.csv,2040,VALID
product-352b4599428c13efa359,Naphtha,Naphtha,2011-12,2011,2012,3,MAR,947,metric_tonnes,india_petroleum_consumption.csv,2041,VALID
product-8d171ab9b604e34124ea,MS,MS,2011-12,2011,2011,4,APR,1202,metric_tonnes,india_petroleum_consumption.csv,2042,VALID
product-8d171ab9b604e34124ea,MS,MS,2011-12,2011,2011,5,MAY,1351,metric_tonnes,india_petroleum_consumption.csv,2043,VALID
product-8d171ab9b604e34124ea,MS,MS,2011-12,2011,2011,6,JUN,1249,metric_tonnes,india_petroleum_consumption.csv,2044,VALID
product-8d171ab9b604e34124ea,MS,MS,2011-12,2011,2011,7,JUL,1212,metric_tonnes,india_petroleum_consumption.csv,2045,VALID
product-8d171ab9b604e34124ea,MS,MS,2011-12,2011,2011,8,AUG,1222,metric_tonnes,india_petroleum_consumption.csv,2046,VALID
product-8d171ab9b604e34124ea,MS,MS,2011-12,2011,2011,9,SEP,1197,metric_tonnes,india_petroleum_consumption.csv,2047,VALID
product-8d171ab9b604e34124ea,MS,MS,2011-12,2011,2011,10,OCT,1252,metric_tonnes,india_petroleum_consumption.csv,2048,VALID
product-8d171ab9b604e34124ea,MS,MS,2011-12,2011,2011,11,NOV,1164,metric_tonnes,india_petroleum_consumption.csv,2049,VALID
product-8d171ab9b604e34124ea,MS,MS,2011-12,2011,2011,12,DEC,1339,metric_tonnes,india_petroleum_consumption.csv,2050,VALID
product-8d171ab9b604e34124ea,MS,MS,2011-12,2011,2012,1,JAN,1164,metric_tonnes,india_petroleum_consumption.csv,2051,VALID
product-8d171ab9b604e34124ea,MS,MS,2011-12,2011,2012,2,FEB,1226,metric_tonnes,india_petroleum_consumption.csv,2052,VALID
product-8d171ab9b604e34124ea,MS,MS,2011-12,2011,2012,3,MAR,1415,metric_tonnes,india_petroleum_consumption.csv,2053,VALID
product-198fc08108a024c9da45,ATF,ATF,2011-12,2011,2011,4,APR,452,metric_tonnes,india_petroleum_consumption.csv,2054,VALID
product-198fc08108a024c9da45,ATF,ATF,2011-12,2011,2011,5,MAY,459,metric_tonnes,india_petroleum_consumption.csv,2055,VALID
product-198fc08108a024c9da45,ATF,ATF,2011-12,2011,2011,6,JUN,443,metric_tonnes,india_petroleum_consumption.csv,2056,VALID
product-198fc08108a024c9da45,ATF,ATF,2011-12,2011,2011,7,JUL,450,metric_tonnes,india_petroleum_consumption.csv,2057,VALID
product-198fc08108a024c9da45,ATF,ATF,2011-12,2011,2011,8,AUG,440,metric_tonnes,india_petroleum_consumption.csv,2058,VALID
product-198fc08108a024c9da45,ATF,ATF,2011-12,2011,2011,9,SEP,445,metric_tonnes,india_petroleum_consumption.csv,2059,VALID
product-198fc08108a024c9da45,ATF,ATF,2011-12,2011,2011,10,OCT,472,metric_tonnes,india_petroleum_consumption.csv,2060,VALID
product-198fc08108a024c9da45,ATF,ATF,2011-12,2011,2011,11,NOV,479,metric_tonnes,india_petroleum_consumption.csv,2061,VALID
product-198fc08108a024c9da45,ATF,ATF,2011-12,2011,2011,12,DEC,482,metric_tonnes,india_petroleum_consumption.csv,2062,VALID
product-198fc08108a024c9da45,ATF,ATF,2011-12,2011,2012,1,JAN,480,metric_tonnes,india_petroleum_consumption.csv,2063,VALID
product-198fc08108a024c9da45,ATF,ATF,2011-12,2011,2012,2,FEB,459,metric_tonnes,india_petroleum_consumption.csv,2064,VALID
product-198fc08108a024c9da45,ATF,ATF,2011-12,2011,2012,3,MAR,476,metric_tonnes,india_petroleum_consumption.csv,2065,VALID
product-cdf634489bfbff660916,SKO,SKO,2011-12,2011,2011,4,APR,749,metric_tonnes,india_petroleum_consumption.csv,2066,VALID
product-cdf634489bfbff660916,SKO,SKO,2011-12,2011,2011,5,MAY,732,metric_tonnes,india_petroleum_consumption.csv,2067,VALID
product-cdf634489bfbff660916,SKO,SKO,2011-12,2011,2011,6,JUN,675,metric_tonnes,india_petroleum_consumption.csv,2068,VALID
product-cdf634489bfbff660916,SKO,SKO,2011-12,2011,2011,7,JUL,689,metric_tonnes,india_petroleum_consumption.csv,2069,VALID
product-cdf634489bfbff660916,SKO,SKO,2011-12,2011,2011,8,AUG,671,metric_tonnes,india_petroleum_consumption.csv,2070,VALID
product-cdf634489bfbff660916,SKO,SKO,2011-12,2011,2011,9,SEP,657,metric_tonnes,india_petroleum_consumption.csv,2071,VALID
product-cdf634489bfbff660916,SKO,SKO,2011-12,2011,2011,10,OCT,672,metric_tonnes,india_petroleum_consumption.csv,2072,VALID
product-cdf634489bfbff660916,SKO,SKO,2011-12,2011,2011,11,NOV,679,metric_tonnes,india_petroleum_consumption.csv,2073,VALID
product-cdf634489bfbff660916,SKO,SKO,2011-12,2011,2011,12,DEC,681,metric_tonnes,india_petroleum_consumption.csv,2074,VALID
product-cdf634489bfbff660916,SKO,SKO,2011-12,2011,2012,1,JAN,687,metric_tonnes,india_petroleum_consumption.csv,2075,VALID
product-cdf634489bfbff660916,SKO,SKO,2011-12,2011,2012,2,FEB,677,metric_tonnes,india_petroleum_consumption.csv,2076,VALID
product-cdf634489bfbff660916,SKO,SKO,2011-12,2011,2012,3,MAR,660,metric_tonnes,india_petroleum_consumption.csv,2077,VALID
product-a81277714f19fd11a0e0,HSD,HSD,2011-12,2011,2011,4,APR,5474,metric_tonnes,india_petroleum_consumption.csv,2078,VALID
product-a81277714f19fd11a0e0,HSD,HSD,2011-12,2011,2011,5,MAY,5853,metric_tonnes,india_petroleum_consumption.csv,2079,VALID
product-a81277714f19fd11a0e0,HSD,HSD,2011-12,2011,2011,6,JUN,5343,metric_tonnes,india_petroleum_consumption.csv,2080,VALID
product-a81277714f19fd11a0e0,HSD,HSD,2011-12,2011,2011,7,JUL,5073,metric_tonnes,india_petroleum_consumption.csv,2081,VALID
product-a81277714f19fd11a0e0,HSD,HSD,2011-12,2011,2011,8,AUG,4577,metric_tonnes,india_petroleum_consumption.csv,2082,VALID
product-a81277714f19fd11a0e0,HSD,HSD,2011-12,2011,2011,9,SEP,4597,metric_tonnes,india_petroleum_consumption.csv,2083,VALID
product-a81277714f19fd11a0e0,HSD,HSD,2011-12,2011,2011,10,OCT,5341,metric_tonnes,india_petroleum_consumption.csv,2084,VALID
product-a81277714f19fd11a0e0,HSD,HSD,2011-12,2011,2011,11,NOV,5703,metric_tonnes,india_petroleum_consumption.csv,2085,VALID
product-a81277714f19fd11a0e0,HSD,HSD,2011-12,2011,2011,12,DEC,5868,metric_tonnes,india_petroleum_consumption.csv,2086,VALID
product-a81277714f19fd11a0e0,HSD,HSD,2011-12,2011,2012,1,JAN,5374,metric_tonnes,india_petroleum_consumption.csv,2087,VALID
product-a81277714f19fd11a0e0,HSD,HSD,2011-12,2011,2012,2,FEB,5498,metric_tonnes,india_petroleum_consumption.csv,2088,VALID
product-a81277714f19fd11a0e0,HSD,HSD,2011-12,2011,2012,3,MAR,6051,metric_tonnes,india_petroleum_consumption.csv,2089,VALID
product-1fe5626b86832387d536,LDO,LDO,2011-12,2011,2011,4,APR,35,metric_tonnes,india_petroleum_consumption.csv,2090,VALID
product-1fe5626b86832387d536,LDO,LDO,2011-12,2011,2011,5,MAY,31,metric_tonnes,india_petroleum_consumption.csv,2091,VALID
product-1fe5626b86832387d536,LDO,LDO,2011-12,2011,2011,6,JUN,39,metric_tonnes,india_petroleum_consumption.csv,2092,VALID
product-1fe5626b86832387d536,LDO,LDO,2011-12,2011,2011,7,JUL,43,metric_tonnes,india_petroleum_consumption.csv,2093,VALID
product-1fe5626b86832387d536,LDO,LDO,2011-12,2011,2011,8,AUG,42,metric_tonnes,india_petroleum_consumption.csv,2094,VALID
product-1fe5626b86832387d536,LDO,LDO,2011-12,2011,2011,9,SEP,40,metric_tonnes,india_petroleum_consumption.csv,2095,VALID
product-1fe5626b86832387d536,LDO,LDO,2011-12,2011,2011,10,OCT,33,metric_tonnes,india_petroleum_consumption.csv,2096,VALID
product-1fe5626b86832387d536,LDO,LDO,2011-12,2011,2011,11,NOV,31,metric_tonnes,india_petroleum_consumption.csv,2097,VALID
product-1fe5626b86832387d536,LDO,LDO,2011-12,2011,2011,12,DEC,32,metric_tonnes,india_petroleum_consumption.csv,2098,VALID
product-1fe5626b86832387d536,LDO,LDO,2011-12,2011,2012,1,JAN,26,metric_tonnes,india_petroleum_consumption.csv,2099,VALID
product-1fe5626b86832387d536,LDO,LDO,2011-12,2011,2012,2,FEB,33,metric_tonnes,india_petroleum_consumption.csv,2100,VALID
product-1fe5626b86832387d536,LDO,LDO,2011-12,2011,2012,3,MAR,31,metric_tonnes,india_petroleum_consumption.csv,2101,VALID
product-95702a7f9ab5e32d6bf4,Lubricants & Greases,Lubricants & Greases,2011-12,2011,2011,4,APR,196,metric_tonnes,india_petroleum_consumption.csv,2102,VALID
product-95702a7f9ab5e32d6bf4,Lubricants & Greases,Lubricants & Greases,2011-12,2011,2011,5,MAY,195,metric_tonnes,india_petroleum_consumption.csv,2103,VALID
product-95702a7f9ab5e32d6bf4,Lubricants & Greases,Lubricants & Greases,2011-12,2011,2011,6,JUN,200,metric_tonnes,india_petroleum_consumption.csv,2104,VALID
product-95702a7f9ab5e32d6bf4,Lubricants & Greases,Lubricants & Greases,2011-12,2011,2011,7,JUL,178,metric_tonnes,india_petroleum_consumption.csv,2105,VALID
product-95702a7f9ab5e32d6bf4,Lubricants & Greases,Lubricants & Greases,2011-12,2011,2011,8,AUG,235,metric_tonnes,india_petroleum_consumption.csv,2106,VALID
product-95702a7f9ab5e32d6bf4,Lubricants & Greases,Lubricants & Greases,2011-12,2011,2011,9,SEP,224,metric_tonnes,india_petroleum_consumption.csv,2107,VALID
product-95702a7f9ab5e32d6bf4,Lubricants & Greases,Lubricants & Greases,2011-12,2011,2011,10,OCT,171,metric_tonnes,india_petroleum_consumption.csv,2108,VALID
product-95702a7f9ab5e32d6bf4,Lubricants & Greases,Lubricants & Greases,2011-12,2011,2011,11,NOV,267,metric_tonnes,india_petroleum_consumption.csv,2109,VALID
product-95702a7f9ab5e32d6bf4,Lubricants & Greases,Lubricants & Greases,2011-12,2011,2011,12,DEC,242,metric_tonnes,india_petroleum_consumption.csv,2110,VALID
product-95702a7f9ab5e32d6bf4,Lubricants & Greases,Lubricants & Greases,2011-12,2011,2012,1,JAN,222,metric_tonnes,india_petroleum_consumption.csv,2111,VALID
product-95702a7f9ab5e32d6bf4,Lubricants & Greases,Lubricants & Greases,2011-12,2011,2012,2,FEB,215,metric_tonnes,india_petroleum_consumption.csv,2112,VALID
product-95702a7f9ab5e32d6bf4,Lubricants & Greases,Lubricants & Greases,2011-12,2011,2012,3,MAR,287,metric_tonnes,india_petroleum_consumption.csv,2113,VALID
product-795922ede07e28180caa,FO & LSHS,FO & LSHS,2011-12,2011,2011,4,APR,918,metric_tonnes,india_petroleum_consumption.csv,2114,VALID
product-795922ede07e28180caa,FO & LSHS,FO & LSHS,2011-12,2011,2011,5,MAY,665,metric_tonnes,india_petroleum_consumption.csv,2115,VALID
product-795922ede07e28180caa,FO & LSHS,FO & LSHS,2011-12,2011,2011,6,JUN,782,metric_tonnes,india_petroleum_consumption.csv,2116,VALID
product-795922ede07e28180caa,FO & LSHS,FO & LSHS,2011-12,2011,2011,7,JUL,855,metric_tonnes,india_petroleum_consumption.csv,2117,VALID
product-795922ede07e28180caa,FO & LSHS,FO & LSHS,2011-12,2011,2011,8,AUG,820,metric_tonnes,india_petroleum_consumption.csv,2118,VALID
product-795922ede07e28180caa,FO & LSHS,FO & LSHS,2011-12,2011,2011,9,SEP,793,metric_tonnes,india_petroleum_consumption.csv,2119,VALID
product-795922ede07e28180caa,FO & LSHS,FO & LSHS,2011-12,2011,2011,10,OCT,763,metric_tonnes,india_petroleum_consumption.csv,2120,VALID
product-795922ede07e28180caa,FO & LSHS,FO & LSHS,2011-12,2011,2011,11,NOV,832,metric_tonnes,india_petroleum_consumption.csv,2121,VALID
product-795922ede07e28180caa,FO & LSHS,FO & LSHS,2011-12,2011,2011,12,DEC,764,metric_tonnes,india_petroleum_consumption.csv,2122,VALID
product-795922ede07e28180caa,FO & LSHS,FO & LSHS,2011-12,2011,2012,1,JAN,676,metric_tonnes,india_petroleum_consumption.csv,2123,VALID
product-795922ede07e28180caa,FO & LSHS,FO & LSHS,2011-12,2011,2012,2,FEB,702,metric_tonnes,india_petroleum_consumption.csv,2124,VALID
product-795922ede07e28180caa,FO & LSHS,FO & LSHS,2011-12,2011,2012,3,MAR,736,metric_tonnes,india_petroleum_consumption.csv,2125,VALID
product-790810d5c5602dbecaf2,Bitumen,Bitumen,2011-12,2011,2011,4,APR,481,metric_tonnes,india_petroleum_consumption.csv,2126,VALID
product-790810d5c5602dbecaf2,Bitumen,Bitumen,2011-12,2011,2011,5,MAY,509,metric_tonnes,india_petroleum_consumption.csv,2127,VALID
product-790810d5c5602dbecaf2,Bitumen,Bitumen,2011-12,2011,2011,6,JUN,362,metric_tonnes,india_petroleum_consumption.csv,2128,VALID
product-790810d5c5602dbecaf2,Bitumen,Bitumen,2011-12,2011,2011,7,JUL,201,metric_tonnes,india_petroleum_consumption.csv,2129,VALID
product-790810d5c5602dbecaf2,Bitumen,Bitumen,2011-12,2011,2011,8,AUG,136,metric_tonnes,india_petroleum_consumption.csv,2130,VALID
product-790810d5c5602dbecaf2,Bitumen,Bitumen,2011-12,2011,2011,9,SEP,187,metric_tonnes,india_petroleum_consumption.csv,2131,VALID
product-790810d5c5602dbecaf2,Bitumen,Bitumen,2011-12,2011,2011,10,OCT,296,metric_tonnes,india_petroleum_consumption.csv,2132,VALID
product-790810d5c5602dbecaf2,Bitumen,Bitumen,2011-12,2011,2011,11,NOV,435,metric_tonnes,india_petroleum_consumption.csv,2133,VALID
product-790810d5c5602dbecaf2,Bitumen,Bitumen,2011-12,2011,2011,12,DEC,484,metric_tonnes,india_petroleum_consumption.csv,2134,VALID
product-790810d5c5602dbecaf2,Bitumen,Bitumen,2011-12,2011,2012,1,JAN,395,metric_tonnes,india_petroleum_consumption.csv,2135,VALID
product-790810d5c5602dbecaf2,Bitumen,Bitumen,2011-12,2011,2012,2,FEB,514,metric_tonnes,india_petroleum_consumption.csv,2136,VALID
product-790810d5c5602dbecaf2,Bitumen,Bitumen,2011-12,2011,2012,3,MAR,639,metric_tonnes,india_petroleum_consumption.csv,2137,VALID
product-64fce74e71066b7ec4cf,Petroleum coke,Petroleum coke,2011-12,2011,2011,4,APR,457,metric_tonnes,india_petroleum_consumption.csv,2138,VALID
product-64fce74e71066b7ec4cf,Petroleum coke,Petroleum coke,2011-12,2011,2011,5,MAY,484,metric_tonnes,india_petroleum_consumption.csv,2139,VALID
product-64fce74e71066b7ec4cf,Petroleum coke,Petroleum coke,2011-12,2011,2011,6,JUN,523,metric_tonnes,india_petroleum_consumption.csv,2140,VALID
product-64fce74e71066b7ec4cf,Petroleum coke,Petroleum coke,2011-12,2011,2011,7,JUL,495,metric_tonnes,india_petroleum_consumption.csv,2141,VALID
product-64fce74e71066b7ec4cf,Petroleum coke,Petroleum coke,2011-12,2011,2011,8,AUG,416,metric_tonnes,india_petroleum_consumption.csv,2142,VALID
product-64fce74e71066b7ec4cf,Petroleum coke,Petroleum coke,2011-12,2011,2011,9,SEP,497,metric_tonnes,india_petroleum_consumption.csv,2143,VALID
product-64fce74e71066b7ec4cf,Petroleum coke,Petroleum coke,2011-12,2011,2011,10,OCT,472,metric_tonnes,india_petroleum_consumption.csv,2144,VALID
product-64fce74e71066b7ec4cf,Petroleum coke,Petroleum coke,2011-12,2011,2011,11,NOV,601,metric_tonnes,india_petroleum_consumption.csv,2145,VALID
product-64fce74e71066b7ec4cf,Petroleum coke,Petroleum coke,2011-12,2011,2011,12,DEC,503,metric_tonnes,india_petroleum_consumption.csv,2146,VALID
product-64fce74e71066b7ec4cf,Petroleum coke,Petroleum coke,2011-12,2011,2012,1,JAN,514,metric_tonnes,india_petroleum_consumption.csv,2147,VALID
product-64fce74e71066b7ec4cf,Petroleum coke,Petroleum coke,2011-12,2011,2012,2,FEB,568,metric_tonnes,india_petroleum_consumption.csv,2148,VALID
product-64fce74e71066b7ec4cf,Petroleum coke,Petroleum coke,2011-12,2011,2012,3,MAR,608,metric_tonnes,india_petroleum_consumption.csv,2149,VALID
product-896a0734e71eaafd55e7,Others,Others,2011-12,2011,2011,4,APR,469,metric_tonnes,india_petroleum_consumption.csv,2150,VALID
product-896a0734e71eaafd55e7,Others,Others,2011-12,2011,2011,5,MAY,430,metric_tonnes,india_petroleum_consumption.csv,2151,VALID
product-896a0734e71eaafd55e7,Others,Others,2011-12,2011,2011,6,JUN,451,metric_tonnes,india_petroleum_consumption.csv,2152,VALID
product-896a0734e71eaafd55e7,Others,Others,2011-12,2011,2011,7,JUL,359,metric_tonnes,india_petroleum_consumption.csv,2153,VALID
product-896a0734e71eaafd55e7,Others,Others,2011-12,2011,2011,8,AUG,451,metric_tonnes,india_petroleum_consumption.csv,2154,VALID
product-896a0734e71eaafd55e7,Others,Others,2011-12,2011,2011,9,SEP,372,metric_tonnes,india_petroleum_consumption.csv,2155,VALID
product-896a0734e71eaafd55e7,Others,Others,2011-12,2011,2011,10,OCT,337,metric_tonnes,india_petroleum_consumption.csv,2156,VALID
product-896a0734e71eaafd55e7,Others,Others,2011-12,2011,2011,11,NOV,466,metric_tonnes,india_petroleum_consumption.csv,2157,VALID
product-896a0734e71eaafd55e7,Others,Others,2011-12,2011,2011,12,DEC,379,metric_tonnes,india_petroleum_consumption.csv,2158,VALID
product-896a0734e71eaafd55e7,Others,Others,2011-12,2011,2012,1,JAN,452,metric_tonnes,india_petroleum_consumption.csv,2159,VALID
product-896a0734e71eaafd55e7,Others,Others,2011-12,2011,2012,2,FEB,356,metric_tonnes,india_petroleum_consumption.csv,2160,VALID
product-896a0734e71eaafd55e7,Others,Others,2011-12,2011,2012,3,MAR,402,metric_tonnes,india_petroleum_consumption.csv,2161,VALID
product-5575ab85b7b20e8c4793,LPG,LPG,2012-13,2012,2012,4,APR,1232,metric_tonnes,india_petroleum_consumption.csv,2162,VALID
product-5575ab85b7b20e8c4793,LPG,LPG,2012-13,2012,2012,5,MAY,1315,metric_tonnes,india_petroleum_consumption.csv,2163,VALID
product-5575ab85b7b20e8c4793,LPG,LPG,2012-13,2012,2012,6,JUN,1290,metric_tonnes,india_petroleum_consumption.csv,2164,VALID
product-5575ab85b7b20e8c4793,LPG,LPG,2012-13,2012,2012,7,JUL,1323,metric_tonnes,india_petroleum_consumption.csv,2165,VALID
product-5575ab85b7b20e8c4793,LPG,LPG,2012-13,2012,2012,8,AUG,1333,metric_tonnes,india_petroleum_consumption.csv,2166,VALID
product-5575ab85b7b20e8c4793,LPG,LPG,2012-13,2012,2012,9,SEP,1271,metric_tonnes,india_petroleum_consumption.csv,2167,VALID
product-5575ab85b7b20e8c4793,LPG,LPG,2012-13,2012,2012,10,OCT,1298,metric_tonnes,india_petroleum_consumption.csv,2168,VALID
product-5575ab85b7b20e8c4793,LPG,LPG,2012-13,2012,2012,11,NOV,1279,metric_tonnes,india_petroleum_consumption.csv,2169,VALID
product-5575ab85b7b20e8c4793,LPG,LPG,2012-13,2012,2012,12,DEC,1305,metric_tonnes,india_petroleum_consumption.csv,2170,VALID
product-5575ab85b7b20e8c4793,LPG,LPG,2012-13,2012,2013,1,JAN,1318,metric_tonnes,india_petroleum_consumption.csv,2171,VALID
product-5575ab85b7b20e8c4793,LPG,LPG,2012-13,2012,2013,2,FEB,1281,metric_tonnes,india_petroleum_consumption.csv,2172,VALID
product-5575ab85b7b20e8c4793,LPG,LPG,2012-13,2012,2013,3,MAR,1355,metric_tonnes,india_petroleum_consumption.csv,2173,VALID
product-352b4599428c13efa359,Naphtha,Naphtha,2012-13,2012,2012,4,APR,893,metric_tonnes,india_petroleum_consumption.csv,2174,VALID
product-352b4599428c13efa359,Naphtha,Naphtha,2012-13,2012,2012,5,MAY,1069,metric_tonnes,india_petroleum_consumption.csv,2175,VALID
product-352b4599428c13efa359,Naphtha,Naphtha,2012-13,2012,2012,6,JUN,963,metric_tonnes,india_petroleum_consumption.csv,2176,VALID
product-352b4599428c13efa359,Naphtha,Naphtha,2012-13,2012,2012,7,JUL,1100,metric_tonnes,india_petroleum_consumption.csv,2177,VALID
product-352b4599428c13efa359,Naphtha,Naphtha,2012-13,2012,2012,8,AUG,1097,metric_tonnes,india_petroleum_consumption.csv,2178,VALID
product-352b4599428c13efa359,Naphtha,Naphtha,2012-13,2012,2012,9,SEP,1019,metric_tonnes,india_petroleum_consumption.csv,2179,VALID
product-352b4599428c13efa359,Naphtha,Naphtha,2012-13,2012,2012,10,OCT,953,metric_tonnes,india_petroleum_consumption.csv,2180,VALID
product-352b4599428c13efa359,Naphtha,Naphtha,2012-13,2012,2012,11,NOV,1121,metric_tonnes,india_petroleum_consumption.csv,2181,VALID
product-352b4599428c13efa359,Naphtha,Naphtha,2012-13,2012,2012,12,DEC,1022,metric_tonnes,india_petroleum_consumption.csv,2182,VALID
product-352b4599428c13efa359,Naphtha,Naphtha,2012-13,2012,2013,1,JAN,1073,metric_tonnes,india_petroleum_consumption.csv,2183,VALID
product-352b4599428c13efa359,Naphtha,Naphtha,2012-13,2012,2013,2,FEB,962,metric_tonnes,india_petroleum_consumption.csv,2184,VALID
product-352b4599428c13efa359,Naphtha,Naphtha,2012-13,2012,2013,3,MAR,1019,metric_tonnes,india_petroleum_consumption.csv,2185,VALID
product-8d171ab9b604e34124ea,MS,MS,2012-13,2012,2012,4,APR,1247,metric_tonnes,india_petroleum_consumption.csv,2186,VALID
product-8d171ab9b604e34124ea,MS,MS,2012-13,2012,2012,5,MAY,1292,metric_tonnes,india_petroleum_consumption.csv,2187,VALID
product-8d171ab9b604e34124ea,MS,MS,2012-13,2012,2012,6,JUN,1341,metric_tonnes,india_petroleum_consumption.csv,2188,VALID
product-8d171ab9b604e34124ea,MS,MS,2012-13,2012,2012,7,JUL,1312,metric_tonnes,india_petroleum_consumption.csv,2189,VALID
product-8d171ab9b604e34124ea,MS,MS,2012-13,2012,2012,8,AUG,1314,metric_tonnes,india_petroleum_consumption.csv,2190,VALID
product-8d171ab9b604e34124ea,MS,MS,2012-13,2012,2012,9,SEP,1227,metric_tonnes,india_petroleum_consumption.csv,2191,VALID
product-8d171ab9b604e34124ea,MS,MS,2012-13,2012,2012,10,OCT,1323,metric_tonnes,india_petroleum_consumption.csv,2192,VALID
product-8d171ab9b604e34124ea,MS,MS,2012-13,2012,2012,11,NOV,1325,metric_tonnes,india_petroleum_consumption.csv,2193,VALID
product-8d171ab9b604e34124ea,MS,MS,2012-13,2012,2012,12,DEC,1349,metric_tonnes,india_petroleum_consumption.csv,2194,VALID
product-8d171ab9b604e34124ea,MS,MS,2012-13,2012,2013,1,JAN,1301,metric_tonnes,india_petroleum_consumption.csv,2195,VALID
product-8d171ab9b604e34124ea,MS,MS,2012-13,2012,2013,2,FEB,1278,metric_tonnes,india_petroleum_consumption.csv,2196,VALID
product-8d171ab9b604e34124ea,MS,MS,2012-13,2012,2013,3,MAR,1435,metric_tonnes,india_petroleum_consumption.csv,2197,VALID
product-198fc08108a024c9da45,ATF,ATF,2012-13,2012,2012,4,APR,444,metric_tonnes,india_petroleum_consumption.csv,2198,VALID
product-198fc08108a024c9da45,ATF,ATF,2012-13,2012,2012,5,MAY,445,metric_tonnes,india_petroleum_consumption.csv,2199,VALID
product-198fc08108a024c9da45,ATF,ATF,2012-13,2012,2012,6,JUN,422,metric_tonnes,india_petroleum_consumption.csv,2200,VALID
product-198fc08108a024c9da45,ATF,ATF,2012-13,2012,2012,7,JUL,422,metric_tonnes,india_petroleum_consumption.csv,2201,VALID
product-198fc08108a024c9da45,ATF,ATF,2012-13,2012,2012,8,AUG,415,metric_tonnes,india_petroleum_consumption.csv,2202,VALID
product-198fc08108a024c9da45,ATF,ATF,2012-13,2012,2012,9,SEP,412,metric_tonnes,india_petroleum_consumption.csv,2203,VALID
product-198fc08108a024c9da45,ATF,ATF,2012-13,2012,2012,10,OCT,434,metric_tonnes,india_petroleum_consumption.csv,2204,VALID
product-198fc08108a024c9da45,ATF,ATF,2012-13,2012,2012,11,NOV,454,metric_tonnes,india_petroleum_consumption.csv,2205,VALID
product-198fc08108a024c9da45,ATF,ATF,2012-13,2012,2012,12,DEC,455,metric_tonnes,india_petroleum_consumption.csv,2206,VALID
product-198fc08108a024c9da45,ATF,ATF,2012-13,2012,2013,1,JAN,459,metric_tonnes,india_petroleum_consumption.csv,2207,VALID
product-198fc08108a024c9da45,ATF,ATF,2012-13,2012,2013,2,FEB,428,metric_tonnes,india_petroleum_consumption.csv,2208,VALID
product-198fc08108a024c9da45,ATF,ATF,2012-13,2012,2013,3,MAR,482,metric_tonnes,india_petroleum_consumption.csv,2209,VALID
product-cdf634489bfbff660916,SKO,SKO,2012-13,2012,2012,4,APR,604,metric_tonnes,india_petroleum_consumption.csv,2210,VALID
product-cdf634489bfbff660916,SKO,SKO,2012-13,2012,2012,5,MAY,623,metric_tonnes,india_petroleum_consumption.csv,2211,VALID
product-cdf634489bfbff660916,SKO,SKO,2012-13,2012,2012,6,JUN,631,metric_tonnes,india_petroleum_consumption.csv,2212,VALID
product-cdf634489bfbff660916,SKO,SKO,2012-13,2012,2012,7,JUL,655,metric_tonnes,india_petroleum_consumption.csv,2213,VALID
product-cdf634489bfbff660916,SKO,SKO,2012-13,2012,2012,8,AUG,624,metric_tonnes,india_petroleum_consumption.csv,2214,VALID
product-cdf634489bfbff660916,SKO,SKO,2012-13,2012,2012,9,SEP,622,metric_tonnes,india_petroleum_consumption.csv,2215,VALID
product-cdf634489bfbff660916,SKO,SKO,2012-13,2012,2012,10,OCT,621,metric_tonnes,india_petroleum_consumption.csv,2216,VALID
product-cdf634489bfbff660916,SKO,SKO,2012-13,2012,2012,11,NOV,625,metric_tonnes,india_petroleum_consumption.csv,2217,VALID
product-cdf634489bfbff660916,SKO,SKO,2012-13,2012,2012,12,DEC,625,metric_tonnes,india_petroleum_consumption.csv,2218,VALID
product-cdf634489bfbff660916,SKO,SKO,2012-13,2012,2013,1,JAN,623,metric_tonnes,india_petroleum_consumption.csv,2219,VALID
product-cdf634489bfbff660916,SKO,SKO,2012-13,2012,2013,2,FEB,626,metric_tonnes,india_petroleum_consumption.csv,2220,VALID
product-cdf634489bfbff660916,SKO,SKO,2012-13,2012,2013,3,MAR,622,metric_tonnes,india_petroleum_consumption.csv,2221,VALID
product-a81277714f19fd11a0e0,HSD,HSD,2012-13,2012,2012,4,APR,5909,metric_tonnes,india_petroleum_consumption.csv,2222,VALID
product-a81277714f19fd11a0e0,HSD,HSD,2012-13,2012,2012,5,MAY,6374,metric_tonnes,india_petroleum_consumption.csv,2223,VALID
product-a81277714f19fd11a0e0,HSD,HSD,2012-13,2012,2012,6,JUN,6071,metric_tonnes,india_petroleum_consumption.csv,2224,VALID
product-a81277714f19fd11a0e0,HSD,HSD,2012-13,2012,2012,7,JUL,5745,metric_tonnes,india_petroleum_consumption.csv,2225,VALID
product-a81277714f19fd11a0e0,HSD,HSD,2012-13,2012,2012,8,AUG,5051,metric_tonnes,india_petroleum_consumption.csv,2226,VALID
product-a81277714f19fd11a0e0,HSD,HSD,2012-13,2012,2012,9,SEP,4939,metric_tonnes,india_petroleum_consumption.csv,2227,VALID
product-a81277714f19fd11a0e0,HSD,HSD,2012-13,2012,2012,10,OCT,5700,metric_tonnes,india_petroleum_consumption.csv,2228,VALID
product-a81277714f19fd11a0e0,HSD,HSD,2012-13,2012,2012,11,NOV,5793,metric_tonnes,india_petroleum_consumption.csv,2229,VALID
product-a81277714f19fd11a0e0,HSD,HSD,2012-13,2012,2012,12,DEC,6120,metric_tonnes,india_petroleum_consumption.csv,2230,VALID
product-a81277714f19fd11a0e0,HSD,HSD,2012-13,2012,2013,1,JAN,5798,metric_tonnes,india_petroleum_consumption.csv,2231,VALID
product-a81277714f19fd11a0e0,HSD,HSD,2012-13,2012,2013,2,FEB,5383,metric_tonnes,india_petroleum_consumption.csv,2232,VALID
product-a81277714f19fd11a0e0,HSD,HSD,2012-13,2012,2013,3,MAR,6199,metric_tonnes,india_petroleum_consumption.csv,2233,VALID
product-1fe5626b86832387d536,LDO,LDO,2012-13,2012,2012,4,APR,36,metric_tonnes,india_petroleum_consumption.csv,2234,VALID
product-1fe5626b86832387d536,LDO,LDO,2012-13,2012,2012,5,MAY,37,metric_tonnes,india_petroleum_consumption.csv,2235,VALID
product-1fe5626b86832387d536,LDO,LDO,2012-13,2012,2012,6,JUN,31,metric_tonnes,india_petroleum_consumption.csv,2236,VALID
product-1fe5626b86832387d536,LDO,LDO,2012-13,2012,2012,7,JUL,36,metric_tonnes,india_petroleum_consumption.csv,2237,VALID
product-1fe5626b86832387d536,LDO,LDO,2012-13,2012,2012,8,AUG,34,metric_tonnes,india_petroleum_consumption.csv,2238,VALID
product-1fe5626b86832387d536,LDO,LDO,2012-13,2012,2012,9,SEP,37,metric_tonnes,india_petroleum_consumption.csv,2239,VALID
product-1fe5626b86832387d536,LDO,LDO,2012-13,2012,2012,10,OCT,32,metric_tonnes,india_petroleum_consumption.csv,2240,VALID
product-1fe5626b86832387d536,LDO,LDO,2012-13,2012,2012,11,NOV,32,metric_tonnes,india_petroleum_consumption.csv,2241,VALID
product-1fe5626b86832387d536,LDO,LDO,2012-13,2012,2012,12,DEC,27,metric_tonnes,india_petroleum_consumption.csv,2242,VALID
product-1fe5626b86832387d536,LDO,LDO,2012-13,2012,2013,1,JAN,29,metric_tonnes,india_petroleum_consumption.csv,2243,VALID
product-1fe5626b86832387d536,LDO,LDO,2012-13,2012,2013,2,FEB,33,metric_tonnes,india_petroleum_consumption.csv,2244,VALID
product-1fe5626b86832387d536,LDO,LDO,2012-13,2012,2013,3,MAR,34,metric_tonnes,india_petroleum_consumption.csv,2245,VALID
product-95702a7f9ab5e32d6bf4,Lubricants & Greases,Lubricants & Greases,2012-13,2012,2012,4,APR,218,metric_tonnes,india_petroleum_consumption.csv,2246,VALID
product-95702a7f9ab5e32d6bf4,Lubricants & Greases,Lubricants & Greases,2012-13,2012,2012,5,MAY,282,metric_tonnes,india_petroleum_consumption.csv,2247,VALID
product-95702a7f9ab5e32d6bf4,Lubricants & Greases,Lubricants & Greases,2012-13,2012,2012,6,JUN,233,metric_tonnes,india_petroleum_consumption.csv,2248,VALID
product-95702a7f9ab5e32d6bf4,Lubricants & Greases,Lubricants & Greases,2012-13,2012,2012,7,JUL,210,metric_tonnes,india_petroleum_consumption.csv,2249,VALID
product-95702a7f9ab5e32d6bf4,Lubricants & Greases,Lubricants & Greases,2012-13,2012,2012,8,AUG,362,metric_tonnes,india_petroleum_consumption.csv,2250,VALID
product-95702a7f9ab5e32d6bf4,Lubricants & Greases,Lubricants & Greases,2012-13,2012,2012,9,SEP,261,metric_tonnes,india_petroleum_consumption.csv,2251,VALID
product-95702a7f9ab5e32d6bf4,Lubricants & Greases,Lubricants & Greases,2012-13,2012,2012,10,OCT,237,metric_tonnes,india_petroleum_consumption.csv,2252,VALID
product-95702a7f9ab5e32d6bf4,Lubricants & Greases,Lubricants & Greases,2012-13,2012,2012,11,NOV,355,metric_tonnes,india_petroleum_consumption.csv,2253,VALID
product-95702a7f9ab5e32d6bf4,Lubricants & Greases,Lubricants & Greases,2012-13,2012,2012,12,DEC,204,metric_tonnes,india_petroleum_consumption.csv,2254,VALID
product-95702a7f9ab5e32d6bf4,Lubricants & Greases,Lubricants & Greases,2012-13,2012,2013,1,JAN,260,metric_tonnes,india_petroleum_consumption.csv,2255,VALID
product-95702a7f9ab5e32d6bf4,Lubricants & Greases,Lubricants & Greases,2012-13,2012,2013,2,FEB,260,metric_tonnes,india_petroleum_consumption.csv,2256,VALID
product-95702a7f9ab5e32d6bf4,Lubricants & Greases,Lubricants & Greases,2012-13,2012,2013,3,MAR,314,metric_tonnes,india_petroleum_consumption.csv,2257,VALID
product-795922ede07e28180caa,FO & LSHS,FO & LSHS,2012-13,2012,2012,4,APR,676,metric_tonnes,india_petroleum_consumption.csv,2258,VALID
product-795922ede07e28180caa,FO & LSHS,FO & LSHS,2012-13,2012,2012,5,MAY,676,metric_tonnes,india_petroleum_consumption.csv,2259,VALID
product-795922ede07e28180caa,FO & LSHS,FO & LSHS,2012-13,2012,2012,6,JUN,641,metric_tonnes,india_petroleum_consumption.csv,2260,VALID
product-795922ede07e28180caa,FO & LSHS,FO & LSHS,2012-13,2012,2012,7,JUL,732,metric_tonnes,india_petroleum_consumption.csv,2261,VALID
product-795922ede07e28180caa,FO & LSHS,FO & LSHS,2012-13,2012,2012,8,AUG,712,metric_tonnes,india_petroleum_consumption.csv,2262,VALID
product-795922ede07e28180caa,FO & LSHS,FO & LSHS,2012-13,2012,2012,9,SEP,704,metric_tonnes,india_petroleum_consumption.csv,2263,VALID
product-795922ede07e28180caa,FO & LSHS,FO & LSHS,2012-13,2012,2012,10,OCT,682,metric_tonnes,india_petroleum_consumption.csv,2264,VALID
product-795922ede07e28180caa,FO & LSHS,FO & LSHS,2012-13,2012,2012,11,NOV,586,metric_tonnes,india_petroleum_consumption.csv,2265,VALID
product-795922ede07e28180caa,FO & LSHS,FO & LSHS,2012-13,2012,2012,12,DEC,566,metric_tonnes,india_petroleum_consumption.csv,2266,VALID
product-795922ede07e28180caa,FO & LSHS,FO & LSHS,2012-13,2012,2013,1,JAN,622,metric_tonnes,india_petroleum_consumption.csv,2267,VALID
product-795922ede07e28180caa,FO & LSHS,FO & LSHS,2012-13,2012,2013,2,FEB,518,metric_tonnes,india_petroleum_consumption.csv,2268,VALID
product-795922ede07e28180caa,FO & LSHS,FO & LSHS,2012-13,2012,2013,3,MAR,543,metric_tonnes,india_petroleum_consumption.csv,2269,VALID
product-790810d5c5602dbecaf2,Bitumen,Bitumen,2012-13,2012,2012,4,APR,451,metric_tonnes,india_petroleum_consumption.csv,2270,VALID
product-790810d5c5602dbecaf2,Bitumen,Bitumen,2012-13,2012,2012,5,MAY,469,metric_tonnes,india_petroleum_consumption.csv,2271,VALID
product-790810d5c5602dbecaf2,Bitumen,Bitumen,2012-13,2012,2012,6,JUN,375,metric_tonnes,india_petroleum_consumption.csv,2272,VALID
product-790810d5c5602dbecaf2,Bitumen,Bitumen,2012-13,2012,2012,7,JUL,196,metric_tonnes,india_petroleum_consumption.csv,2273,VALID
product-790810d5c5602dbecaf2,Bitumen,Bitumen,2012-13,2012,2012,8,AUG,133,metric_tonnes,india_petroleum_consumption.csv,2274,VALID
product-790810d5c5602dbecaf2,Bitumen,Bitumen,2012-13,2012,2012,9,SEP,158,metric_tonnes,india_petroleum_consumption.csv,2275,VALID
product-790810d5c5602dbecaf2,Bitumen,Bitumen,2012-13,2012,2012,10,OCT,383,metric_tonnes,india_petroleum_consumption.csv,2276,VALID
product-790810d5c5602dbecaf2,Bitumen,Bitumen,2012-13,2012,2012,11,NOV,417,metric_tonnes,india_petroleum_consumption.csv,2277,VALID
product-790810d5c5602dbecaf2,Bitumen,Bitumen,2012-13,2012,2012,12,DEC,455,metric_tonnes,india_petroleum_consumption.csv,2278,VALID
product-790810d5c5602dbecaf2,Bitumen,Bitumen,2012-13,2012,2013,1,JAN,443,metric_tonnes,india_petroleum_consumption.csv,2279,VALID
product-790810d5c5602dbecaf2,Bitumen,Bitumen,2012-13,2012,2013,2,FEB,491,metric_tonnes,india_petroleum_consumption.csv,2280,VALID
product-790810d5c5602dbecaf2,Bitumen,Bitumen,2012-13,2012,2013,3,MAR,706,metric_tonnes,india_petroleum_consumption.csv,2281,VALID
product-64fce74e71066b7ec4cf,Petroleum coke,Petroleum coke,2012-13,2012,2012,4,APR,742,metric_tonnes,india_petroleum_consumption.csv,2282,VALID
product-64fce74e71066b7ec4cf,Petroleum coke,Petroleum coke,2012-13,2012,2012,5,MAY,780,metric_tonnes,india_petroleum_consumption.csv,2283,VALID
product-64fce74e71066b7ec4cf,Petroleum coke,Petroleum coke,2012-13,2012,2012,6,JUN,789,metric_tonnes,india_petroleum_consumption.csv,2284,VALID
product-64fce74e71066b7ec4cf,Petroleum coke,Petroleum coke,2012-13,2012,2012,7,JUL,764,metric_tonnes,india_petroleum_consumption.csv,2285,VALID
product-64fce74e71066b7ec4cf,Petroleum coke,Petroleum coke,2012-13,2012,2012,8,AUG,953,metric_tonnes,india_petroleum_consumption.csv,2286,VALID
product-64fce74e71066b7ec4cf,Petroleum coke,Petroleum coke,2012-13,2012,2012,9,SEP,785,metric_tonnes,india_petroleum_consumption.csv,2287,VALID
product-64fce74e71066b7ec4cf,Petroleum coke,Petroleum coke,2012-13,2012,2012,10,OCT,870,metric_tonnes,india_petroleum_consumption.csv,2288,VALID
product-64fce74e71066b7ec4cf,Petroleum coke,Petroleum coke,2012-13,2012,2012,11,NOV,809,metric_tonnes,india_petroleum_consumption.csv,2289,VALID
product-64fce74e71066b7ec4cf,Petroleum coke,Petroleum coke,2012-13,2012,2012,12,DEC,945,metric_tonnes,india_petroleum_consumption.csv,2290,VALID
product-64fce74e71066b7ec4cf,Petroleum coke,Petroleum coke,2012-13,2012,2013,1,JAN,1005,metric_tonnes,india_petroleum_consumption.csv,2291,VALID
product-64fce74e71066b7ec4cf,Petroleum coke,Petroleum coke,2012-13,2012,2013,2,FEB,866,metric_tonnes,india_petroleum_consumption.csv,2292,VALID
product-64fce74e71066b7ec4cf,Petroleum coke,Petroleum coke,2012-13,2012,2013,3,MAR,828,metric_tonnes,india_petroleum_consumption.csv,2293,VALID
product-896a0734e71eaafd55e7,Others,Others,2012-13,2012,2012,4,APR,393,metric_tonnes,india_petroleum_consumption.csv,2294,VALID
product-896a0734e71eaafd55e7,Others,Others,2012-13,2012,2012,5,MAY,472,metric_tonnes,india_petroleum_consumption.csv,2295,VALID
product-896a0734e71eaafd55e7,Others,Others,2012-13,2012,2012,6,JUN,433,metric_tonnes,india_petroleum_consumption.csv,2296,VALID
product-896a0734e71eaafd55e7,Others,Others,2012-13,2012,2012,7,JUL,487,metric_tonnes,india_petroleum_consumption.csv,2297,VALID
product-896a0734e71eaafd55e7,Others,Others,2012-13,2012,2012,8,AUG,487,metric_tonnes,india_petroleum_consumption.csv,2298,VALID
product-896a0734e71eaafd55e7,Others,Others,2012-13,2012,2012,9,SEP,431,metric_tonnes,india_petroleum_consumption.csv,2299,VALID
product-896a0734e71eaafd55e7,Others,Others,2012-13,2012,2012,10,OCT,440,metric_tonnes,india_petroleum_consumption.csv,2300,VALID
product-896a0734e71eaafd55e7,Others,Others,2012-13,2012,2012,11,NOV,501,metric_tonnes,india_petroleum_consumption.csv,2301,VALID
product-896a0734e71eaafd55e7,Others,Others,2012-13,2012,2012,12,DEC,422,metric_tonnes,india_petroleum_consumption.csv,2302,VALID
product-896a0734e71eaafd55e7,Others,Others,2012-13,2012,2013,1,JAN,491,metric_tonnes,india_petroleum_consumption.csv,2303,VALID
product-896a0734e71eaafd55e7,Others,Others,2012-13,2012,2013,2,FEB,406,metric_tonnes,india_petroleum_consumption.csv,2304,VALID
product-896a0734e71eaafd55e7,Others,Others,2012-13,2012,2013,3,MAR,545,metric_tonnes,india_petroleum_consumption.csv,2305,VALID
product-5575ab85b7b20e8c4793,LPG,LPG,2013-14,2013,2013,4,APR,1228,metric_tonnes,india_petroleum_consumption.csv,2306,VALID
product-5575ab85b7b20e8c4793,LPG,LPG,2013-14,2013,2013,5,MAY,1247,metric_tonnes,india_petroleum_consumption.csv,2307,VALID
product-5575ab85b7b20e8c4793,LPG,LPG,2013-14,2013,2013,6,JUN,1210,metric_tonnes,india_petroleum_consumption.csv,2308,VALID
product-5575ab85b7b20e8c4793,LPG,LPG,2013-14,2013,2013,7,JUL,1359,metric_tonnes,india_petroleum_consumption.csv,2309,VALID
product-5575ab85b7b20e8c4793,LPG,LPG,2013-14,2013,2013,8,AUG,1318,metric_tonnes,india_petroleum_consumption.csv,2310,VALID
product-5575ab85b7b20e8c4793,LPG,LPG,2013-14,2013,2013,9,SEP,1338,metric_tonnes,india_petroleum_consumption.csv,2311,VALID
product-5575ab85b7b20e8c4793,LPG,LPG,2013-14,2013,2013,10,OCT,1399,metric_tonnes,india_petroleum_consumption.csv,2312,VALID
product-5575ab85b7b20e8c4793,LPG,LPG,2013-14,2013,2013,11,NOV,1378,metric_tonnes,india_petroleum_consumption.csv,2313,VALID
product-5575ab85b7b20e8c4793,LPG,LPG,2013-14,2013,2013,12,DEC,1426,metric_tonnes,india_petroleum_consumption.csv,2314,VALID
product-5575ab85b7b20e8c4793,LPG,LPG,2013-14,2013,2014,1,JAN,1466,metric_tonnes,india_petroleum_consumption.csv,2315,VALID
product-5575ab85b7b20e8c4793,LPG,LPG,2013-14,2013,2014,2,FEB,1392,metric_tonnes,india_petroleum_consumption.csv,2316,VALID
product-5575ab85b7b20e8c4793,LPG,LPG,2013-14,2013,2014,3,MAR,1533,metric_tonnes,india_petroleum_consumption.csv,2317,VALID
product-352b4599428c13efa359,Naphtha,Naphtha,2013-14,2013,2013,4,APR,923,metric_tonnes,india_petroleum_consumption.csv,2318,VALID
product-352b4599428c13efa359,Naphtha,Naphtha,2013-14,2013,2013,5,MAY,871,metric_tonnes,india_petroleum_consumption.csv,2319,VALID
product-352b4599428c13efa359,Naphtha,Naphtha,2013-14,2013,2013,6,JUN,922,metric_tonnes,india_petroleum_consumption.csv,2320,VALID
product-352b4599428c13efa359,Naphtha,Naphtha,2013-14,2013,2013,7,JUL,952,metric_tonnes,india_petroleum_consumption.csv,2321,VALID
product-352b4599428c13efa359,Naphtha,Naphtha,2013-14,2013,2013,8,AUG,1003,metric_tonnes,india_petroleum_consumption.csv,2322,VALID
product-352b4599428c13efa359,Naphtha,Naphtha,2013-14,2013,2013,9,SEP,925,metric_tonnes,india_petroleum_consumption.csv,2323,VALID
product-352b4599428c13efa359,Naphtha,Naphtha,2013-14,2013,2013,10,OCT,892,metric_tonnes,india_petroleum_consumption.csv,2324,VALID
product-352b4599428c13efa359,Naphtha,Naphtha,2013-14,2013,2013,11,NOV,958,metric_tonnes,india_petroleum_consumption.csv,2325,VALID
product-352b4599428c13efa359,Naphtha,Naphtha,2013-14,2013,2013,12,DEC,933,metric_tonnes,india_petroleum_consumption.csv,2326,VALID
product-352b4599428c13efa359,Naphtha,Naphtha,2013-14,2013,2014,1,JAN,990,metric_tonnes,india_petroleum_consumption.csv,2327,VALID
product-352b4599428c13efa359,Naphtha,Naphtha,2013-14,2013,2014,2,FEB,957,metric_tonnes,india_petroleum_consumption.csv,2328,VALID
product-352b4599428c13efa359,Naphtha,Naphtha,2013-14,2013,2014,3,MAR,978,metric_tonnes,india_petroleum_consumption.csv,2329,VALID
product-8d171ab9b604e34124ea,MS,MS,2013-14,2013,2013,4,APR,1270,metric_tonnes,india_petroleum_consumption.csv,2330,VALID
product-8d171ab9b604e34124ea,MS,MS,2013-14,2013,2013,5,MAY,1696,metric_tonnes,india_petroleum_consumption.csv,2331,VALID
product-8d171ab9b604e34124ea,MS,MS,2013-14,2013,2013,6,JUN,1415,metric_tonnes,india_petroleum_consumption.csv,2332,VALID
product-8d171ab9b604e34124ea,MS,MS,2013-14,2013,2013,7,JUL,1406,metric_tonnes,india_petroleum_consumption.csv,2333,VALID
product-8d171ab9b604e34124ea,MS,MS,2013-14,2013,2013,8,AUG,1483,metric_tonnes,india_petroleum_consumption.csv,2334,VALID
product-8d171ab9b604e34124ea,MS,MS,2013-14,2013,2013,9,SEP,1232,metric_tonnes,india_petroleum_consumption.csv,2335,VALID
product-8d171ab9b604e34124ea,MS,MS,2013-14,2013,2013,10,OCT,1462,metric_tonnes,india_petroleum_consumption.csv,2336,VALID
product-8d171ab9b604e34124ea,MS,MS,2013-14,2013,2013,11,NOV,1460,metric_tonnes,india_petroleum_consumption.csv,2337,VALID
product-8d171ab9b604e34124ea,MS,MS,2013-14,2013,2013,12,DEC,1454,metric_tonnes,india_petroleum_consumption.csv,2338,VALID
product-8d171ab9b604e34124ea,MS,MS,2013-14,2013,2014,1,JAN,1384,metric_tonnes,india_petroleum_consumption.csv,2339,VALID
product-8d171ab9b604e34124ea,MS,MS,2013-14,2013,2014,2,FEB,1379,metric_tonnes,india_petroleum_consumption.csv,2340,VALID
product-8d171ab9b604e34124ea,MS,MS,2013-14,2013,2014,3,MAR,1489,metric_tonnes,india_petroleum_consumption.csv,2341,VALID
product-198fc08108a024c9da45,ATF,ATF,2013-14,2013,2013,4,APR,451,metric_tonnes,india_petroleum_consumption.csv,2342,VALID
product-198fc08108a024c9da45,ATF,ATF,2013-14,2013,2013,5,MAY,461,metric_tonnes,india_petroleum_consumption.csv,2343,VALID
product-198fc08108a024c9da45,ATF,ATF,2013-14,2013,2013,6,JUN,439,metric_tonnes,india_petroleum_consumption.csv,2344,VALID
product-198fc08108a024c9da45,ATF,ATF,2013-14,2013,2013,7,JUL,440,metric_tonnes,india_petroleum_consumption.csv,2345,VALID
product-198fc08108a024c9da45,ATF,ATF,2013-14,2013,2013,8,AUG,440,metric_tonnes,india_petroleum_consumption.csv,2346,VALID
product-198fc08108a024c9da45,ATF,ATF,2013-14,2013,2013,9,SEP,442,metric_tonnes,india_petroleum_consumption.csv,2347,VALID
product-198fc08108a024c9da45,ATF,ATF,2013-14,2013,2013,10,OCT,465,metric_tonnes,india_petroleum_consumption.csv,2348,VALID
product-198fc08108a024c9da45,ATF,ATF,2013-14,2013,2013,11,NOV,470,metric_tonnes,india_petroleum_consumption.csv,2349,VALID
product-198fc08108a024c9da45,ATF,ATF,2013-14,2013,2013,12,DEC,473,metric_tonnes,india_petroleum_consumption.csv,2350,VALID
product-198fc08108a024c9da45,ATF,ATF,2013-14,2013,2014,1,JAN,483,metric_tonnes,india_petroleum_consumption.csv,2351,VALID
product-198fc08108a024c9da45,ATF,ATF,2013-14,2013,2014,2,FEB,447,metric_tonnes,india_petroleum_consumption.csv,2352,VALID
product-198fc08108a024c9da45,ATF,ATF,2013-14,2013,2014,3,MAR,494,metric_tonnes,india_petroleum_consumption.csv,2353,VALID
product-cdf634489bfbff660916,SKO,SKO,2013-14,2013,2013,4,APR,593,metric_tonnes,india_petroleum_consumption.csv,2354,VALID
product-cdf634489bfbff660916,SKO,SKO,2013-14,2013,2013,5,MAY,610,metric_tonnes,india_petroleum_consumption.csv,2355,VALID
product-cdf634489bfbff660916,SKO,SKO,2013-14,2013,2013,6,JUN,594,metric_tonnes,india_petroleum_consumption.csv,2356,VALID
product-cdf634489bfbff660916,SKO,SKO,2013-14,2013,2013,7,JUL,603,metric_tonnes,india_petroleum_consumption.csv,2357,VALID
product-cdf634489bfbff660916,SKO,SKO,2013-14,2013,2013,8,AUG,601,metric_tonnes,india_petroleum_consumption.csv,2358,VALID
product-cdf634489bfbff660916,SKO,SKO,2013-14,2013,2013,9,SEP,580,metric_tonnes,india_petroleum_consumption.csv,2359,VALID
product-cdf634489bfbff660916,SKO,SKO,2013-14,2013,2013,10,OCT,609,metric_tonnes,india_petroleum_consumption.csv,2360,VALID
product-cdf634489bfbff660916,SKO,SKO,2013-14,2013,2013,11,NOV,597,metric_tonnes,india_petroleum_consumption.csv,2361,VALID
product-cdf634489bfbff660916,SKO,SKO,2013-14,2013,2013,12,DEC,592,metric_tonnes,india_petroleum_consumption.csv,2362,VALID
product-cdf634489bfbff660916,SKO,SKO,2013-14,2013,2014,1,JAN,604,metric_tonnes,india_petroleum_consumption.csv,2363,VALID
product-cdf634489bfbff660916,SKO,SKO,2013-14,2013,2014,2,FEB,589,metric_tonnes,india_petroleum_consumption.csv,2364,VALID
product-cdf634489bfbff660916,SKO,SKO,2013-14,2013,2014,3,MAR,593,metric_tonnes,india_petroleum_consumption.csv,2365,VALID
product-a81277714f19fd11a0e0,HSD,HSD,2013-14,2013,2013,4,APR,6155,metric_tonnes,india_petroleum_consumption.csv,2366,VALID
product-a81277714f19fd11a0e0,HSD,HSD,2013-14,2013,2013,5,MAY,6394,metric_tonnes,india_petroleum_consumption.csv,2367,VALID
product-a81277714f19fd11a0e0,HSD,HSD,2013-14,2013,2013,6,JUN,5943,metric_tonnes,india_petroleum_consumption.csv,2368,VALID
product-a81277714f19fd11a0e0,HSD,HSD,2013-14,2013,2013,7,JUL,5400,metric_tonnes,india_petroleum_consumption.csv,2369,VALID
product-a81277714f19fd11a0e0,HSD,HSD,2013-14,2013,2013,8,AUG,5048,metric_tonnes,india_petroleum_consumption.csv,2370,VALID
product-a81277714f19fd11a0e0,HSD,HSD,2013-14,2013,2013,9,SEP,4908,metric_tonnes,india_petroleum_consumption.csv,2371,VALID
product-a81277714f19fd11a0e0,HSD,HSD,2013-14,2013,2013,10,OCT,5615,metric_tonnes,india_petroleum_consumption.csv,2372,VALID
product-a81277714f19fd11a0e0,HSD,HSD,2013-14,2013,2013,11,NOV,5826,metric_tonnes,india_petroleum_consumption.csv,2373,VALID
product-a81277714f19fd11a0e0,HSD,HSD,2013-14,2013,2013,12,DEC,5973,metric_tonnes,india_petroleum_consumption.csv,2374,VALID
product-a81277714f19fd11a0e0,HSD,HSD,2013-14,2013,2014,1,JAN,5639,metric_tonnes,india_petroleum_consumption.csv,2375,VALID
product-a81277714f19fd11a0e0,HSD,HSD,2013-14,2013,2014,2,FEB,5380,metric_tonnes,india_petroleum_consumption.csv,2376,VALID
product-a81277714f19fd11a0e0,HSD,HSD,2013-14,2013,2014,3,MAR,6083,metric_tonnes,india_petroleum_consumption.csv,2377,VALID
product-1fe5626b86832387d536,LDO,LDO,2013-14,2013,2013,4,APR,27,metric_tonnes,india_petroleum_consumption.csv,2378,VALID
product-1fe5626b86832387d536,LDO,LDO,2013-14,2013,2013,5,MAY,35,metric_tonnes,india_petroleum_consumption.csv,2379,VALID
product-1fe5626b86832387d536,LDO,LDO,2013-14,2013,2013,6,JUN,41,metric_tonnes,india_petroleum_consumption.csv,2380,VALID
product-1fe5626b86832387d536,LDO,LDO,2013-14,2013,2013,7,JUL,30,metric_tonnes,india_petroleum_consumption.csv,2381,VALID
product-1fe5626b86832387d536,LDO,LDO,2013-14,2013,2013,8,AUG,39,metric_tonnes,india_petroleum_consumption.csv,2382,VALID
product-1fe5626b86832387d536,LDO,LDO,2013-14,2013,2013,9,SEP,28,metric_tonnes,india_petroleum_consumption.csv,2383,VALID
product-1fe5626b86832387d536,LDO,LDO,2013-14,2013,2013,10,OCT,31,metric_tonnes,india_petroleum_consumption.csv,2384,VALID
product-1fe5626b86832387d536,LDO,LDO,2013-14,2013,2013,11,NOV,27,metric_tonnes,india_petroleum_consumption.csv,2385,VALID
product-1fe5626b86832387d536,LDO,LDO,2013-14,2013,2013,12,DEC,30,metric_tonnes,india_petroleum_consumption.csv,2386,VALID
product-1fe5626b86832387d536,LDO,LDO,2013-14,2013,2014,1,JAN,34,metric_tonnes,india_petroleum_consumption.csv,2387,VALID
product-1fe5626b86832387d536,LDO,LDO,2013-14,2013,2014,2,FEB,20,metric_tonnes,india_petroleum_consumption.csv,2388,VALID
product-1fe5626b86832387d536,LDO,LDO,2013-14,2013,2014,3,MAR,44,metric_tonnes,india_petroleum_consumption.csv,2389,VALID
product-95702a7f9ab5e32d6bf4,Lubricants & Greases,Lubricants & Greases,2013-14,2013,2013,4,APR,220,metric_tonnes,india_petroleum_consumption.csv,2390,VALID
product-95702a7f9ab5e32d6bf4,Lubricants & Greases,Lubricants & Greases,2013-14,2013,2013,5,MAY,315,metric_tonnes,india_petroleum_consumption.csv,2391,VALID
product-95702a7f9ab5e32d6bf4,Lubricants & Greases,Lubricants & Greases,2013-14,2013,2013,6,JUN,254,metric_tonnes,india_petroleum_consumption.csv,2392,VALID
product-95702a7f9ab5e32d6bf4,Lubricants & Greases,Lubricants & Greases,2013-14,2013,2013,7,JUL,293,metric_tonnes,india_petroleum_consumption.csv,2393,VALID
product-95702a7f9ab5e32d6bf4,Lubricants & Greases,Lubricants & Greases,2013-14,2013,2013,8,AUG,264,metric_tonnes,india_petroleum_consumption.csv,2394,VALID
product-95702a7f9ab5e32d6bf4,Lubricants & Greases,Lubricants & Greases,2013-14,2013,2013,9,SEP,195,metric_tonnes,india_petroleum_consumption.csv,2395,VALID
product-95702a7f9ab5e32d6bf4,Lubricants & Greases,Lubricants & Greases,2013-14,2013,2013,10,OCT,275,metric_tonnes,india_petroleum_consumption.csv,2396,VALID
product-95702a7f9ab5e32d6bf4,Lubricants & Greases,Lubricants & Greases,2013-14,2013,2013,11,NOV,206,metric_tonnes,india_petroleum_consumption.csv,2397,VALID
product-95702a7f9ab5e32d6bf4,Lubricants & Greases,Lubricants & Greases,2013-14,2013,2013,12,DEC,325,metric_tonnes,india_petroleum_consumption.csv,2398,VALID
product-95702a7f9ab5e32d6bf4,Lubricants & Greases,Lubricants & Greases,2013-14,2013,2014,1,JAN,367,metric_tonnes,india_petroleum_consumption.csv,2399,VALID
product-95702a7f9ab5e32d6bf4,Lubricants & Greases,Lubricants & Greases,2013-14,2013,2014,2,FEB,284,metric_tonnes,india_petroleum_consumption.csv,2400,VALID
product-95702a7f9ab5e32d6bf4,Lubricants & Greases,Lubricants & Greases,2013-14,2013,2014,3,MAR,307,metric_tonnes,india_petroleum_consumption.csv,2401,VALID
product-795922ede07e28180caa,FO & LSHS,FO & LSHS,2013-14,2013,2013,4,APR,533,metric_tonnes,india_petroleum_consumption.csv,2402,VALID
product-795922ede07e28180caa,FO & LSHS,FO & LSHS,2013-14,2013,2013,5,MAY,530,metric_tonnes,india_petroleum_consumption.csv,2403,VALID
product-795922ede07e28180caa,FO & LSHS,FO & LSHS,2013-14,2013,2013,6,JUN,483,metric_tonnes,india_petroleum_consumption.csv,2404,VALID
product-795922ede07e28180caa,FO & LSHS,FO & LSHS,2013-14,2013,2013,7,JUL,606,metric_tonnes,india_petroleum_consumption.csv,2405,VALID
product-795922ede07e28180caa,FO & LSHS,FO & LSHS,2013-14,2013,2013,8,AUG,581,metric_tonnes,india_petroleum_consumption.csv,2406,VALID
product-795922ede07e28180caa,FO & LSHS,FO & LSHS,2013-14,2013,2013,9,SEP,459,metric_tonnes,india_petroleum_consumption.csv,2407,VALID
product-795922ede07e28180caa,FO & LSHS,FO & LSHS,2013-14,2013,2013,10,OCT,560,metric_tonnes,india_petroleum_consumption.csv,2408,VALID
product-795922ede07e28180caa,FO & LSHS,FO & LSHS,2013-14,2013,2013,11,NOV,479,metric_tonnes,india_petroleum_consumption.csv,2409,VALID
product-795922ede07e28180caa,FO & LSHS,FO & LSHS,2013-14,2013,2013,12,DEC,522,metric_tonnes,india_petroleum_consumption.csv,2410,VALID
product-795922ede07e28180caa,FO & LSHS,FO & LSHS,2013-14,2013,2014,1,JAN,491,metric_tonnes,india_petroleum_consumption.csv,2411,VALID
product-795922ede07e28180caa,FO & LSHS,FO & LSHS,2013-14,2013,2014,2,FEB,417,metric_tonnes,india_petroleum_consumption.csv,2412,VALID
product-795922ede07e28180caa,FO & LSHS,FO & LSHS,2013-14,2013,2014,3,MAR,575,metric_tonnes,india_petroleum_consumption.csv,2413,VALID
product-790810d5c5602dbecaf2,Bitumen,Bitumen,2013-14,2013,2013,4,APR,557,metric_tonnes,india_petroleum_consumption.csv,2414,VALID
product-790810d5c5602dbecaf2,Bitumen,Bitumen,2013-14,2013,2013,5,MAY,594,metric_tonnes,india_petroleum_consumption.csv,2415,VALID
product-790810d5c5602dbecaf2,Bitumen,Bitumen,2013-14,2013,2013,6,JUN,364,metric_tonnes,india_petroleum_consumption.csv,2416,VALID
product-790810d5c5602dbecaf2,Bitumen,Bitumen,2013-14,2013,2013,7,JUL,187,metric_tonnes,india_petroleum_consumption.csv,2417,VALID
product-790810d5c5602dbecaf2,Bitumen,Bitumen,2013-14,2013,2013,8,AUG,141,metric_tonnes,india_petroleum_consumption.csv,2418,VALID
product-790810d5c5602dbecaf2,Bitumen,Bitumen,2013-14,2013,2013,9,SEP,219,metric_tonnes,india_petroleum_consumption.csv,2419,VALID
product-790810d5c5602dbecaf2,Bitumen,Bitumen,2013-14,2013,2013,10,OCT,344,metric_tonnes,india_petroleum_consumption.csv,2420,VALID
product-790810d5c5602dbecaf2,Bitumen,Bitumen,2013-14,2013,2013,11,NOV,410,metric_tonnes,india_petroleum_consumption.csv,2421,VALID
product-790810d5c5602dbecaf2,Bitumen,Bitumen,2013-14,2013,2013,12,DEC,530,metric_tonnes,india_petroleum_consumption.csv,2422,VALID
product-790810d5c5602dbecaf2,Bitumen,Bitumen,2013-14,2013,2014,1,JAN,458,metric_tonnes,india_petroleum_consumption.csv,2423,VALID
product-790810d5c5602dbecaf2,Bitumen,Bitumen,2013-14,2013,2014,2,FEB,542,metric_tonnes,india_petroleum_consumption.csv,2424,VALID
product-790810d5c5602dbecaf2,Bitumen,Bitumen,2013-14,2013,2014,3,MAR,661,metric_tonnes,india_petroleum_consumption.csv,2425,VALID
product-64fce74e71066b7ec4cf,Petroleum coke,Petroleum coke,2013-14,2013,2013,4,APR,760,metric_tonnes,india_petroleum_consumption.csv,2426,VALID
product-64fce74e71066b7ec4cf,Petroleum coke,Petroleum coke,2013-14,2013,2013,5,MAY,1021,metric_tonnes,india_petroleum_consumption.csv,2427,VALID
product-64fce74e71066b7ec4cf,Petroleum coke,Petroleum coke,2013-14,2013,2013,6,JUN,818,metric_tonnes,india_petroleum_consumption.csv,2428,VALID
product-64fce74e71066b7ec4cf,Petroleum coke,Petroleum coke,2013-14,2013,2013,7,JUL,1071,metric_tonnes,india_petroleum_consumption.csv,2429,VALID
product-64fce74e71066b7ec4cf,Petroleum coke,Petroleum coke,2013-14,2013,2013,8,AUG,993,metric_tonnes,india_petroleum_consumption.csv,2430,VALID
product-64fce74e71066b7ec4cf,Petroleum coke,Petroleum coke,2013-14,2013,2013,9,SEP,1054,metric_tonnes,india_petroleum_consumption.csv,2431,VALID
product-64fce74e71066b7ec4cf,Petroleum coke,Petroleum coke,2013-14,2013,2013,10,OCT,1105,metric_tonnes,india_petroleum_consumption.csv,2432,VALID
product-64fce74e71066b7ec4cf,Petroleum coke,Petroleum coke,2013-14,2013,2013,11,NOV,876,metric_tonnes,india_petroleum_consumption.csv,2433,VALID
product-64fce74e71066b7ec4cf,Petroleum coke,Petroleum coke,2013-14,2013,2013,12,DEC,889,metric_tonnes,india_petroleum_consumption.csv,2434,VALID
product-64fce74e71066b7ec4cf,Petroleum coke,Petroleum coke,2013-14,2013,2014,1,JAN,1075,metric_tonnes,india_petroleum_consumption.csv,2435,VALID
product-64fce74e71066b7ec4cf,Petroleum coke,Petroleum coke,2013-14,2013,2014,2,FEB,1021,metric_tonnes,india_petroleum_consumption.csv,2436,VALID
product-64fce74e71066b7ec4cf,Petroleum coke,Petroleum coke,2013-14,2013,2014,3,MAR,1073,metric_tonnes,india_petroleum_consumption.csv,2437,VALID
product-896a0734e71eaafd55e7,Others,Others,2013-14,2013,2013,4,APR,471,metric_tonnes,india_petroleum_consumption.csv,2438,VALID
product-896a0734e71eaafd55e7,Others,Others,2013-14,2013,2013,5,MAY,465,metric_tonnes,india_petroleum_consumption.csv,2439,VALID
product-896a0734e71eaafd55e7,Others,Others,2013-14,2013,2013,6,JUN,532,metric_tonnes,india_petroleum_consumption.csv,2440,VALID
product-896a0734e71eaafd55e7,Others,Others,2013-14,2013,2013,7,JUL,514,metric_tonnes,india_petroleum_consumption.csv,2441,VALID
product-896a0734e71eaafd55e7,Others,Others,2013-14,2013,2013,8,AUG,537,metric_tonnes,india_petroleum_consumption.csv,2442,VALID
product-896a0734e71eaafd55e7,Others,Others,2013-14,2013,2013,9,SEP,562,metric_tonnes,india_petroleum_consumption.csv,2443,VALID
product-896a0734e71eaafd55e7,Others,Others,2013-14,2013,2013,10,OCT,465,metric_tonnes,india_petroleum_consumption.csv,2444,VALID
product-896a0734e71eaafd55e7,Others,Others,2013-14,2013,2013,11,NOV,567,metric_tonnes,india_petroleum_consumption.csv,2445,VALID
product-896a0734e71eaafd55e7,Others,Others,2013-14,2013,2013,12,DEC,444,metric_tonnes,india_petroleum_consumption.csv,2446,VALID
product-896a0734e71eaafd55e7,Others,Others,2013-14,2013,2014,1,JAN,531,metric_tonnes,india_petroleum_consumption.csv,2447,VALID
product-896a0734e71eaafd55e7,Others,Others,2013-14,2013,2014,2,FEB,409,metric_tonnes,india_petroleum_consumption.csv,2448,VALID
product-896a0734e71eaafd55e7,Others,Others,2013-14,2013,2014,3,MAR,460,metric_tonnes,india_petroleum_consumption.csv,2449,VALID
product-5575ab85b7b20e8c4793,LPG,LPG,2014-15,2014,2014,4,APR,1349,metric_tonnes,india_petroleum_consumption.csv,2450,VALID
product-5575ab85b7b20e8c4793,LPG,LPG,2014-15,2014,2014,5,MAY,1423,metric_tonnes,india_petroleum_consumption.csv,2451,VALID
product-5575ab85b7b20e8c4793,LPG,LPG,2014-15,2014,2014,6,JUN,1349,metric_tonnes,india_petroleum_consumption.csv,2452,VALID
product-5575ab85b7b20e8c4793,LPG,LPG,2014-15,2014,2014,7,JUL,1422,metric_tonnes,india_petroleum_consumption.csv,2453,VALID
product-5575ab85b7b20e8c4793,LPG,LPG,2014-15,2014,2014,8,AUG,1436,metric_tonnes,india_petroleum_consumption.csv,2454,VALID
product-5575ab85b7b20e8c4793,LPG,LPG,2014-15,2014,2014,9,SEP,1550,metric_tonnes,india_petroleum_consumption.csv,2455,VALID
product-5575ab85b7b20e8c4793,LPG,LPG,2014-15,2014,2014,10,OCT,1499,metric_tonnes,india_petroleum_consumption.csv,2456,VALID
product-5575ab85b7b20e8c4793,LPG,LPG,2014-15,2014,2014,11,NOV,1574,metric_tonnes,india_petroleum_consumption.csv,2457,VALID
product-5575ab85b7b20e8c4793,LPG,LPG,2014-15,2014,2014,12,DEC,1677,metric_tonnes,india_petroleum_consumption.csv,2458,VALID
product-5575ab85b7b20e8c4793,LPG,LPG,2014-15,2014,2015,1,JAN,1617,metric_tonnes,india_petroleum_consumption.csv,2459,VALID
product-5575ab85b7b20e8c4793,LPG,LPG,2014-15,2014,2015,2,FEB,1497,metric_tonnes,india_petroleum_consumption.csv,2460,VALID
product-5575ab85b7b20e8c4793,LPG,LPG,2014-15,2014,2015,3,MAR,1608,metric_tonnes,india_petroleum_consumption.csv,2461,VALID
product-352b4599428c13efa359,Naphtha,Naphtha,2014-15,2014,2014,4,APR,871,metric_tonnes,india_petroleum_consumption.csv,2462,VALID
product-352b4599428c13efa359,Naphtha,Naphtha,2014-15,2014,2014,5,MAY,1001,metric_tonnes,india_petroleum_consumption.csv,2463,VALID
product-352b4599428c13efa359,Naphtha,Naphtha,2014-15,2014,2014,6,JUN,947,metric_tonnes,india_petroleum_consumption.csv,2464,VALID
product-352b4599428c13efa359,Naphtha,Naphtha,2014-15,2014,2014,7,JUL,990,metric_tonnes,india_petroleum_consumption.csv,2465,VALID
product-352b4599428c13efa359,Naphtha,Naphtha,2014-15,2014,2014,8,AUG,957,metric_tonnes,india_petroleum_consumption.csv,2466,VALID
product-352b4599428c13efa359,Naphtha,Naphtha,2014-15,2014,2014,9,SEP,832,metric_tonnes,india_petroleum_consumption.csv,2467,VALID
product-352b4599428c13efa359,Naphtha,Naphtha,2014-15,2014,2014,10,OCT,797,metric_tonnes,india_petroleum_consumption.csv,2468,VALID
product-352b4599428c13efa359,Naphtha,Naphtha,2014-15,2014,2014,11,NOV,752,metric_tonnes,india_petroleum_consumption.csv,2469,VALID
product-352b4599428c13efa359,Naphtha,Naphtha,2014-15,2014,2014,12,DEC,895,metric_tonnes,india_petroleum_consumption.csv,2470,VALID
product-352b4599428c13efa359,Naphtha,Naphtha,2014-15,2014,2015,1,JAN,896,metric_tonnes,india_petroleum_consumption.csv,2471,VALID
product-352b4599428c13efa359,Naphtha,Naphtha,2014-15,2014,2015,2,FEB,972,metric_tonnes,india_petroleum_consumption.csv,2472,VALID
product-352b4599428c13efa359,Naphtha,Naphtha,2014-15,2014,2015,3,MAR,1176,metric_tonnes,india_petroleum_consumption.csv,2473,VALID
product-8d171ab9b604e34124ea,MS,MS,2014-15,2014,2014,4,APR,1502,metric_tonnes,india_petroleum_consumption.csv,2474,VALID
product-8d171ab9b604e34124ea,MS,MS,2014-15,2014,2014,5,MAY,1683,metric_tonnes,india_petroleum_consumption.csv,2475,VALID
product-8d171ab9b604e34124ea,MS,MS,2014-15,2014,2014,6,JUN,1611,metric_tonnes,india_petroleum_consumption.csv,2476,VALID
product-8d171ab9b604e34124ea,MS,MS,2014-15,2014,2014,7,JUL,1481,metric_tonnes,india_petroleum_consumption.csv,2477,VALID
product-8d171ab9b604e34124ea,MS,MS,2014-15,2014,2014,8,AUG,1599,metric_tonnes,india_petroleum_consumption.csv,2478,VALID
product-8d171ab9b604e34124ea,MS,MS,2014-15,2014,2014,9,SEP,1499,metric_tonnes,india_petroleum_consumption.csv,2479,VALID
product-8d171ab9b604e34124ea,MS,MS,2014-15,2014,2014,10,OCT,1616,metric_tonnes,india_petroleum_consumption.csv,2480,VALID
product-8d171ab9b604e34124ea,MS,MS,2014-15,2014,2014,11,NOV,1513,metric_tonnes,india_petroleum_consumption.csv,2481,VALID
product-8d171ab9b604e34124ea,MS,MS,2014-15,2014,2014,12,DEC,1629,metric_tonnes,india_petroleum_consumption.csv,2482,VALID
product-8d171ab9b604e34124ea,MS,MS,2014-15,2014,2015,1,JAN,1629,metric_tonnes,india_petroleum_consumption.csv,2483,VALID
product-8d171ab9b604e34124ea,MS,MS,2014-15,2014,2015,2,FEB,1630,metric_tonnes,india_petroleum_consumption.csv,2484,VALID
product-8d171ab9b604e34124ea,MS,MS,2014-15,2014,2015,3,MAR,1684,metric_tonnes,india_petroleum_consumption.csv,2485,VALID
product-198fc08108a024c9da45,ATF,ATF,2014-15,2014,2014,4,APR,474,metric_tonnes,india_petroleum_consumption.csv,2486,VALID
product-198fc08108a024c9da45,ATF,ATF,2014-15,2014,2014,5,MAY,482,metric_tonnes,india_petroleum_consumption.csv,2487,VALID
product-198fc08108a024c9da45,ATF,ATF,2014-15,2014,2014,6,JUN,450,metric_tonnes,india_petroleum_consumption.csv,2488,VALID
product-198fc08108a024c9da45,ATF,ATF,2014-15,2014,2014,7,JUL,468,metric_tonnes,india_petroleum_consumption.csv,2489,VALID
product-198fc08108a024c9da45,ATF,ATF,2014-15,2014,2014,8,AUG,479,metric_tonnes,india_petroleum_consumption.csv,2490,VALID
product-198fc08108a024c9da45,ATF,ATF,2014-15,2014,2014,9,SEP,475,metric_tonnes,india_petroleum_consumption.csv,2491,VALID
product-198fc08108a024c9da45,ATF,ATF,2014-15,2014,2014,10,OCT,479,metric_tonnes,india_petroleum_consumption.csv,2492,VALID
product-198fc08108a024c9da45,ATF,ATF,2014-15,2014,2014,11,NOV,463,metric_tonnes,india_petroleum_consumption.csv,2493,VALID
product-198fc08108a024c9da45,ATF,ATF,2014-15,2014,2014,12,DEC,484,metric_tonnes,india_petroleum_consumption.csv,2494,VALID
product-198fc08108a024c9da45,ATF,ATF,2014-15,2014,2015,1,JAN,497,metric_tonnes,india_petroleum_consumption.csv,2495,VALID
product-198fc08108a024c9da45,ATF,ATF,2014-15,2014,2015,2,FEB,455,metric_tonnes,india_petroleum_consumption.csv,2496,VALID
product-198fc08108a024c9da45,ATF,ATF,2014-15,2014,2015,3,MAR,517,metric_tonnes,india_petroleum_consumption.csv,2497,VALID
product-cdf634489bfbff660916,SKO,SKO,2014-15,2014,2014,4,APR,584,metric_tonnes,india_petroleum_consumption.csv,2498,VALID
product-cdf634489bfbff660916,SKO,SKO,2014-15,2014,2014,5,MAY,591,metric_tonnes,india_petroleum_consumption.csv,2499,VALID
product-cdf634489bfbff660916,SKO,SKO,2014-15,2014,2014,6,JUN,595,metric_tonnes,india_petroleum_consumption.csv,2500,VALID
product-cdf634489bfbff660916,SKO,SKO,2014-15,2014,2014,7,JUL,591,metric_tonnes,india_petroleum_consumption.csv,2501,VALID
product-cdf634489bfbff660916,SKO,SKO,2014-15,2014,2014,8,AUG,592,metric_tonnes,india_petroleum_consumption.csv,2502,VALID
product-cdf634489bfbff660916,SKO,SKO,2014-15,2014,2014,9,SEP,591,metric_tonnes,india_petroleum_consumption.csv,2503,VALID
product-cdf634489bfbff660916,SKO,SKO,2014-15,2014,2014,10,OCT,595,metric_tonnes,india_petroleum_consumption.csv,2504,VALID
product-cdf634489bfbff660916,SKO,SKO,2014-15,2014,2014,11,NOV,601,metric_tonnes,india_petroleum_consumption.csv,2505,VALID
product-cdf634489bfbff660916,SKO,SKO,2014-15,2014,2014,12,DEC,600,metric_tonnes,india_petroleum_consumption.csv,2506,VALID
product-cdf634489bfbff660916,SKO,SKO,2014-15,2014,2015,1,JAN,568,metric_tonnes,india_petroleum_consumption.csv,2507,VALID
product-cdf634489bfbff660916,SKO,SKO,2014-15,2014,2015,2,FEB,589,metric_tonnes,india_petroleum_consumption.csv,2508,VALID
product-cdf634489bfbff660916,SKO,SKO,2014-15,2014,2015,3,MAR,590,metric_tonnes,india_petroleum_consumption.csv,2509,VALID
product-a81277714f19fd11a0e0,HSD,HSD,2014-15,2014,2014,4,APR,5933,metric_tonnes,india_petroleum_consumption.csv,2510,VALID
product-a81277714f19fd11a0e0,HSD,HSD,2014-15,2014,2014,5,MAY,6477,metric_tonnes,india_petroleum_consumption.csv,2511,VALID
product-a81277714f19fd11a0e0,HSD,HSD,2014-15,2014,2014,6,JUN,6139,metric_tonnes,india_petroleum_consumption.csv,2512,VALID
product-a81277714f19fd11a0e0,HSD,HSD,2014-15,2014,2014,7,JUL,5741,metric_tonnes,india_petroleum_consumption.csv,2513,VALID
product-a81277714f19fd11a0e0,HSD,HSD,2014-15,2014,2014,8,AUG,5121,metric_tonnes,india_petroleum_consumption.csv,2514,VALID
product-a81277714f19fd11a0e0,HSD,HSD,2014-15,2014,2014,9,SEP,4899,metric_tonnes,india_petroleum_consumption.csv,2515,VALID
product-a81277714f19fd11a0e0,HSD,HSD,2014-15,2014,2014,10,OCT,5455,metric_tonnes,india_petroleum_consumption.csv,2516,VALID
product-a81277714f19fd11a0e0,HSD,HSD,2014-15,2014,2014,11,NOV,6007,metric_tonnes,india_petroleum_consumption.csv,2517,VALID
product-a81277714f19fd11a0e0,HSD,HSD,2014-15,2014,2014,12,DEC,6148,metric_tonnes,india_petroleum_consumption.csv,2518,VALID
product-a81277714f19fd11a0e0,HSD,HSD,2014-15,2014,2015,1,JAN,5820,metric_tonnes,india_petroleum_consumption.csv,2519,VALID
product-a81277714f19fd11a0e0,HSD,HSD,2014-15,2014,2015,2,FEB,5784,metric_tonnes,india_petroleum_consumption.csv,2520,VALID
product-a81277714f19fd11a0e0,HSD,HSD,2014-15,2014,2015,3,MAR,5893,metric_tonnes,india_petroleum_consumption.csv,2521,VALID
product-1fe5626b86832387d536,LDO,LDO,2014-15,2014,2014,4,APR,27,metric_tonnes,india_petroleum_consumption.csv,2522,VALID
product-1fe5626b86832387d536,LDO,LDO,2014-15,2014,2014,5,MAY,30,metric_tonnes,india_petroleum_consumption.csv,2523,VALID
product-1fe5626b86832387d536,LDO,LDO,2014-15,2014,2014,6,JUN,30,metric_tonnes,india_petroleum_consumption.csv,2524,VALID
product-1fe5626b86832387d536,LDO,LDO,2014-15,2014,2014,7,JUL,32,metric_tonnes,india_petroleum_consumption.csv,2525,VALID
product-1fe5626b86832387d536,LDO,LDO,2014-15,2014,2014,8,AUG,28,metric_tonnes,india_petroleum_consumption.csv,2526,VALID
product-1fe5626b86832387d536,LDO,LDO,2014-15,2014,2014,9,SEP,33,metric_tonnes,india_petroleum_consumption.csv,2527,VALID
product-1fe5626b86832387d536,LDO,LDO,2014-15,2014,2014,10,OCT,23,metric_tonnes,india_petroleum_consumption.csv,2528,VALID
product-1fe5626b86832387d536,LDO,LDO,2014-15,2014,2014,11,NOV,25,metric_tonnes,india_petroleum_consumption.csv,2529,VALID
product-1fe5626b86832387d536,LDO,LDO,2014-15,2014,2014,12,DEC,29,metric_tonnes,india_petroleum_consumption.csv,2530,VALID
product-1fe5626b86832387d536,LDO,LDO,2014-15,2014,2015,1,JAN,38,metric_tonnes,india_petroleum_consumption.csv,2531,VALID
product-1fe5626b86832387d536,LDO,LDO,2014-15,2014,2015,2,FEB,35,metric_tonnes,india_petroleum_consumption.csv,2532,VALID
product-1fe5626b86832387d536,LDO,LDO,2014-15,2014,2015,3,MAR,37,metric_tonnes,india_petroleum_consumption.csv,2533,VALID
product-95702a7f9ab5e32d6bf4,Lubricants & Greases,Lubricants & Greases,2014-15,2014,2014,4,APR,343,metric_tonnes,india_petroleum_consumption.csv,2534,VALID
product-95702a7f9ab5e32d6bf4,Lubricants & Greases,Lubricants & Greases,2014-15,2014,2014,5,MAY,439,metric_tonnes,india_petroleum_consumption.csv,2535,VALID
product-95702a7f9ab5e32d6bf4,Lubricants & Greases,Lubricants & Greases,2014-15,2014,2014,6,JUN,203,metric_tonnes,india_petroleum_consumption.csv,2536,VALID
product-95702a7f9ab5e32d6bf4,Lubricants & Greases,Lubricants & Greases,2014-15,2014,2014,7,JUL,237,metric_tonnes,india_petroleum_consumption.csv,2537,VALID
product-95702a7f9ab5e32d6bf4,Lubricants & Greases,Lubricants & Greases,2014-15,2014,2014,8,AUG,323,metric_tonnes,india_petroleum_consumption.csv,2538,VALID
product-95702a7f9ab5e32d6bf4,Lubricants & Greases,Lubricants & Greases,2014-15,2014,2014,9,SEP,228,metric_tonnes,india_petroleum_consumption.csv,2539,VALID
product-95702a7f9ab5e32d6bf4,Lubricants & Greases,Lubricants & Greases,2014-15,2014,2014,10,OCT,239,metric_tonnes,india_petroleum_consumption.csv,2540,VALID
product-95702a7f9ab5e32d6bf4,Lubricants & Greases,Lubricants & Greases,2014-15,2014,2014,11,NOV,225,metric_tonnes,india_petroleum_consumption.csv,2541,VALID
product-95702a7f9ab5e32d6bf4,Lubricants & Greases,Lubricants & Greases,2014-15,2014,2014,12,DEC,226,metric_tonnes,india_petroleum_consumption.csv,2542,VALID
product-95702a7f9ab5e32d6bf4,Lubricants & Greases,Lubricants & Greases,2014-15,2014,2015,1,JAN,197,metric_tonnes,india_petroleum_consumption.csv,2543,VALID
product-95702a7f9ab5e32d6bf4,Lubricants & Greases,Lubricants & Greases,2014-15,2014,2015,2,FEB,290,metric_tonnes,india_petroleum_consumption.csv,2544,VALID
product-95702a7f9ab5e32d6bf4,Lubricants & Greases,Lubricants & Greases,2014-15,2014,2015,3,MAR,361,metric_tonnes,india_petroleum_consumption.csv,2545,VALID
product-795922ede07e28180caa,FO & LSHS,FO & LSHS,2014-15,2014,2014,4,APR,443,metric_tonnes,india_petroleum_consumption.csv,2546,VALID
product-795922ede07e28180caa,FO & LSHS,FO & LSHS,2014-15,2014,2014,5,MAY,496,metric_tonnes,india_petroleum_consumption.csv,2547,VALID
product-795922ede07e28180caa,FO & LSHS,FO & LSHS,2014-15,2014,2014,6,JUN,514,metric_tonnes,india_petroleum_consumption.csv,2548,VALID
product-795922ede07e28180caa,FO & LSHS,FO & LSHS,2014-15,2014,2014,7,JUL,440,metric_tonnes,india_petroleum_consumption.csv,2549,VALID
product-795922ede07e28180caa,FO & LSHS,FO & LSHS,2014-15,2014,2014,8,AUG,562,metric_tonnes,india_petroleum_consumption.csv,2550,VALID
product-795922ede07e28180caa,FO & LSHS,FO & LSHS,2014-15,2014,2014,9,SEP,549,metric_tonnes,india_petroleum_consumption.csv,2551,VALID
product-795922ede07e28180caa,FO & LSHS,FO & LSHS,2014-15,2014,2014,10,OCT,427,metric_tonnes,india_petroleum_consumption.csv,2552,VALID
product-795922ede07e28180caa,FO & LSHS,FO & LSHS,2014-15,2014,2014,11,NOV,492,metric_tonnes,india_petroleum_consumption.csv,2553,VALID
product-795922ede07e28180caa,FO & LSHS,FO & LSHS,2014-15,2014,2014,12,DEC,473,metric_tonnes,india_petroleum_consumption.csv,2554,VALID
product-795922ede07e28180caa,FO & LSHS,FO & LSHS,2014-15,2014,2015,1,JAN,522,metric_tonnes,india_petroleum_consumption.csv,2555,VALID
product-795922ede07e28180caa,FO & LSHS,FO & LSHS,2014-15,2014,2015,2,FEB,543,metric_tonnes,india_petroleum_consumption.csv,2556,VALID
product-795922ede07e28180caa,FO & LSHS,FO & LSHS,2014-15,2014,2015,3,MAR,500,metric_tonnes,india_petroleum_consumption.csv,2557,VALID
product-790810d5c5602dbecaf2,Bitumen,Bitumen,2014-15,2014,2014,4,APR,578,metric_tonnes,india_petroleum_consumption.csv,2558,VALID
product-790810d5c5602dbecaf2,Bitumen,Bitumen,2014-15,2014,2014,5,MAY,572,metric_tonnes,india_petroleum_consumption.csv,2559,VALID
product-790810d5c5602dbecaf2,Bitumen,Bitumen,2014-15,2014,2014,6,JUN,493,metric_tonnes,india_petroleum_consumption.csv,2560,VALID
product-790810d5c5602dbecaf2,Bitumen,Bitumen,2014-15,2014,2014,7,JUL,240,metric_tonnes,india_petroleum_consumption.csv,2561,VALID
product-790810d5c5602dbecaf2,Bitumen,Bitumen,2014-15,2014,2014,8,AUG,166,metric_tonnes,india_petroleum_consumption.csv,2562,VALID
product-790810d5c5602dbecaf2,Bitumen,Bitumen,2014-15,2014,2014,9,SEP,219,metric_tonnes,india_petroleum_consumption.csv,2563,VALID
product-790810d5c5602dbecaf2,Bitumen,Bitumen,2014-15,2014,2014,10,OCT,292,metric_tonnes,india_petroleum_consumption.csv,2564,VALID
product-790810d5c5602dbecaf2,Bitumen,Bitumen,2014-15,2014,2014,11,NOV,425,metric_tonnes,india_petroleum_consumption.csv,2565,VALID
product-790810d5c5602dbecaf2,Bitumen,Bitumen,2014-15,2014,2014,12,DEC,482,metric_tonnes,india_petroleum_consumption.csv,2566,VALID
product-790810d5c5602dbecaf2,Bitumen,Bitumen,2014-15,2014,2015,1,JAN,426,metric_tonnes,india_petroleum_consumption.csv,2567,VALID
product-790810d5c5602dbecaf2,Bitumen,Bitumen,2014-15,2014,2015,2,FEB,551,metric_tonnes,india_petroleum_consumption.csv,2568,VALID
product-790810d5c5602dbecaf2,Bitumen,Bitumen,2014-15,2014,2015,3,MAR,629,metric_tonnes,india_petroleum_consumption.csv,2569,VALID
product-64fce74e71066b7ec4cf,Petroleum coke,Petroleum coke,2014-15,2014,2014,4,APR,946,metric_tonnes,india_petroleum_consumption.csv,2570,VALID
product-64fce74e71066b7ec4cf,Petroleum coke,Petroleum coke,2014-15,2014,2014,5,MAY,1112,metric_tonnes,india_petroleum_consumption.csv,2571,VALID
product-64fce74e71066b7ec4cf,Petroleum coke,Petroleum coke,2014-15,2014,2014,6,JUN,1122,metric_tonnes,india_petroleum_consumption.csv,2572,VALID
product-64fce74e71066b7ec4cf,Petroleum coke,Petroleum coke,2014-15,2014,2014,7,JUL,1149,metric_tonnes,india_petroleum_consumption.csv,2573,VALID
product-64fce74e71066b7ec4cf,Petroleum coke,Petroleum coke,2014-15,2014,2014,8,AUG,1177,metric_tonnes,india_petroleum_consumption.csv,2574,VALID
product-64fce74e71066b7ec4cf,Petroleum coke,Petroleum coke,2014-15,2014,2014,9,SEP,1376,metric_tonnes,india_petroleum_consumption.csv,2575,VALID
product-64fce74e71066b7ec4cf,Petroleum coke,Petroleum coke,2014-15,2014,2014,10,OCT,1081,metric_tonnes,india_petroleum_consumption.csv,2576,VALID
product-64fce74e71066b7ec4cf,Petroleum coke,Petroleum coke,2014-15,2014,2014,11,NOV,1161,metric_tonnes,india_petroleum_consumption.csv,2577,VALID
product-64fce74e71066b7ec4cf,Petroleum coke,Petroleum coke,2014-15,2014,2014,12,DEC,1549,metric_tonnes,india_petroleum_consumption.csv,2578,VALID
product-64fce74e71066b7ec4cf,Petroleum coke,Petroleum coke,2014-15,2014,2015,1,JAN,1323,metric_tonnes,india_petroleum_consumption.csv,2579,VALID
product-64fce74e71066b7ec4cf,Petroleum coke,Petroleum coke,2014-15,2014,2015,2,FEB,1383,metric_tonnes,india_petroleum_consumption.csv,2580,VALID
product-64fce74e71066b7ec4cf,Petroleum coke,Petroleum coke,2014-15,2014,2015,3,MAR,1180,metric_tonnes,india_petroleum_consumption.csv,2581,VALID
product-896a0734e71eaafd55e7,Others,Others,2014-15,2014,2014,4,APR,436,metric_tonnes,india_petroleum_consumption.csv,2582,VALID
product-896a0734e71eaafd55e7,Others,Others,2014-15,2014,2014,5,MAY,435,metric_tonnes,india_petroleum_consumption.csv,2583,VALID
product-896a0734e71eaafd55e7,Others,Others,2014-15,2014,2014,6,JUN,527,metric_tonnes,india_petroleum_consumption.csv,2584,VALID
product-896a0734e71eaafd55e7,Others,Others,2014-15,2014,2014,7,JUL,502,metric_tonnes,india_petroleum_consumption.csv,2585,VALID
product-896a0734e71eaafd55e7,Others,Others,2014-15,2014,2014,8,AUG,466,metric_tonnes,india_petroleum_consumption.csv,2586,VALID
product-896a0734e71eaafd55e7,Others,Others,2014-15,2014,2014,9,SEP,519,metric_tonnes,india_petroleum_consumption.csv,2587,VALID
product-896a0734e71eaafd55e7,Others,Others,2014-15,2014,2014,10,OCT,454,metric_tonnes,india_petroleum_consumption.csv,2588,VALID
product-896a0734e71eaafd55e7,Others,Others,2014-15,2014,2014,11,NOV,666,metric_tonnes,india_petroleum_consumption.csv,2589,VALID
product-896a0734e71eaafd55e7,Others,Others,2014-15,2014,2014,12,DEC,435,metric_tonnes,india_petroleum_consumption.csv,2590,VALID
product-896a0734e71eaafd55e7,Others,Others,2014-15,2014,2015,1,JAN,408,metric_tonnes,india_petroleum_consumption.csv,2591,VALID
product-896a0734e71eaafd55e7,Others,Others,2014-15,2014,2015,2,FEB,518,metric_tonnes,india_petroleum_consumption.csv,2592,VALID
product-896a0734e71eaafd55e7,Others,Others,2014-15,2014,2015,3,MAR,504,metric_tonnes,india_petroleum_consumption.csv,2593,VALID
product-5575ab85b7b20e8c4793,LPG,LPG,2015-16,2015,2015,4,APR,1480,metric_tonnes,india_petroleum_consumption.csv,2594,VALID
product-5575ab85b7b20e8c4793,LPG,LPG,2015-16,2015,2015,5,MAY,1497,metric_tonnes,india_petroleum_consumption.csv,2595,VALID
product-5575ab85b7b20e8c4793,LPG,LPG,2015-16,2015,2015,6,JUN,1490,metric_tonnes,india_petroleum_consumption.csv,2596,VALID
product-5575ab85b7b20e8c4793,LPG,LPG,2015-16,2015,2015,7,JUL,1583,metric_tonnes,india_petroleum_consumption.csv,2597,VALID
product-5575ab85b7b20e8c4793,LPG,LPG,2015-16,2015,2015,8,AUG,1550,metric_tonnes,india_petroleum_consumption.csv,2598,VALID
product-5575ab85b7b20e8c4793,LPG,LPG,2015-16,2015,2015,9,SEP,1620,metric_tonnes,india_petroleum_consumption.csv,2599,VALID
product-5575ab85b7b20e8c4793,LPG,LPG,2015-16,2015,2015,10,OCT,1688,metric_tonnes,india_petroleum_consumption.csv,2600,VALID
product-5575ab85b7b20e8c4793,LPG,LPG,2015-16,2015,2015,11,NOV,1616,metric_tonnes,india_petroleum_consumption.csv,2601,VALID
product-5575ab85b7b20e8c4793,LPG,LPG,2015-16,2015,2015,12,DEC,1796,metric_tonnes,india_petroleum_consumption.csv,2602,VALID
product-5575ab85b7b20e8c4793,LPG,LPG,2015-16,2015,2016,1,JAN,1705,metric_tonnes,india_petroleum_consumption.csv,2603,VALID
product-5575ab85b7b20e8c4793,LPG,LPG,2015-16,2015,2016,2,FEB,1747,metric_tonnes,india_petroleum_consumption.csv,2604,VALID
product-5575ab85b7b20e8c4793,LPG,LPG,2015-16,2015,2016,3,MAR,1852,metric_tonnes,india_petroleum_consumption.csv,2605,VALID
product-352b4599428c13efa359,Naphtha,Naphtha,2015-16,2015,2015,4,APR,942,metric_tonnes,india_petroleum_consumption.csv,2606,VALID
product-352b4599428c13efa359,Naphtha,Naphtha,2015-16,2015,2015,5,MAY,1240,metric_tonnes,india_petroleum_consumption.csv,2607,VALID
product-352b4599428c13efa359,Naphtha,Naphtha,2015-16,2015,2015,6,JUN,1026,metric_tonnes,india_petroleum_consumption.csv,2608,VALID
product-352b4599428c13efa359,Naphtha,Naphtha,2015-16,2015,2015,7,JUL,1174,metric_tonnes,india_petroleum_consumption.csv,2609,VALID
product-352b4599428c13efa359,Naphtha,Naphtha,2015-16,2015,2015,8,AUG,1194,metric_tonnes,india_petroleum_consumption.csv,2610,VALID
product-352b4599428c13efa359,Naphtha,Naphtha,2015-16,2015,2015,9,SEP,1048,metric_tonnes,india_petroleum_consumption.csv,2611,VALID
product-352b4599428c13efa359,Naphtha,Naphtha,2015-16,2015,2015,10,OCT,1087,metric_tonnes,india_petroleum_consumption.csv,2612,VALID
product-352b4599428c13efa359,Naphtha,Naphtha,2015-16,2015,2015,11,NOV,1012,metric_tonnes,india_petroleum_consumption.csv,2613,VALID
product-352b4599428c13efa359,Naphtha,Naphtha,2015-16,2015,2015,12,DEC,1143,metric_tonnes,india_petroleum_consumption.csv,2614,VALID
product-352b4599428c13efa359,Naphtha,Naphtha,2015-16,2015,2016,1,JAN,1164,metric_tonnes,india_petroleum_consumption.csv,2615,VALID
product-352b4599428c13efa359,Naphtha,Naphtha,2015-16,2015,2016,2,FEB,1072,metric_tonnes,india_petroleum_consumption.csv,2616,VALID
product-352b4599428c13efa359,Naphtha,Naphtha,2015-16,2015,2016,3,MAR,1168,metric_tonnes,india_petroleum_consumption.csv,2617,VALID
product-8d171ab9b604e34124ea,MS,MS,2015-16,2015,2015,4,APR,1784,metric_tonnes,india_petroleum_consumption.csv,2618,VALID
product-8d171ab9b604e34124ea,MS,MS,2015-16,2015,2015,5,MAY,1834,metric_tonnes,india_petroleum_consumption.csv,2619,VALID
product-8d171ab9b604e34124ea,MS,MS,2015-16,2015,2015,6,JUN,1767,metric_tonnes,india_petroleum_consumption.csv,2620,VALID
product-8d171ab9b604e34124ea,MS,MS,2015-16,2015,2015,7,JUL,1672,metric_tonnes,india_petroleum_consumption.csv,2621,VALID
product-8d171ab9b604e34124ea,MS,MS,2015-16,2015,2015,8,AUG,1764,metric_tonnes,india_petroleum_consumption.csv,2622,VALID
product-8d171ab9b604e34124ea,MS,MS,2015-16,2015,2015,9,SEP,1879,metric_tonnes,india_petroleum_consumption.csv,2623,VALID
product-8d171ab9b604e34124ea,MS,MS,2015-16,2015,2015,10,OCT,1851,metric_tonnes,india_petroleum_consumption.csv,2624,VALID
product-8d171ab9b604e34124ea,MS,MS,2015-16,2015,2015,11,NOV,1773,metric_tonnes,india_petroleum_consumption.csv,2625,VALID
product-8d171ab9b604e34124ea,MS,MS,2015-16,2015,2015,12,DEC,1822,metric_tonnes,india_petroleum_consumption.csv,2626,VALID
product-8d171ab9b604e34124ea,MS,MS,2015-16,2015,2016,1,JAN,1815,metric_tonnes,india_petroleum_consumption.csv,2627,VALID
product-8d171ab9b604e34124ea,MS,MS,2015-16,2015,2016,2,FEB,1840,metric_tonnes,india_petroleum_consumption.csv,2628,VALID
product-8d171ab9b604e34124ea,MS,MS,2015-16,2015,2016,3,MAR,2047,metric_tonnes,india_petroleum_consumption.csv,2629,VALID
product-198fc08108a024c9da45,ATF,ATF,2015-16,2015,2015,4,APR,494,metric_tonnes,india_petroleum_consumption.csv,2630,VALID
product-198fc08108a024c9da45,ATF,ATF,2015-16,2015,2015,5,MAY,501,metric_tonnes,india_petroleum_consumption.csv,2631,VALID
product-198fc08108a024c9da45,ATF,ATF,2015-16,2015,2015,6,JUN,513,metric_tonnes,india_petroleum_consumption.csv,2632,VALID
product-198fc08108a024c9da45,ATF,ATF,2015-16,2015,2015,7,JUL,500,metric_tonnes,india_petroleum_consumption.csv,2633,VALID
product-198fc08108a024c9da45,ATF,ATF,2015-16,2015,2015,8,AUG,502,metric_tonnes,india_petroleum_consumption.csv,2634,VALID
product-198fc08108a024c9da45,ATF,ATF,2015-16,2015,2015,9,SEP,497,metric_tonnes,india_petroleum_consumption.csv,2635,VALID
product-198fc08108a024c9da45,ATF,ATF,2015-16,2015,2015,10,OCT,534,metric_tonnes,india_petroleum_consumption.csv,2636,VALID
product-198fc08108a024c9da45,ATF,ATF,2015-16,2015,2015,11,NOV,539,metric_tonnes,india_petroleum_consumption.csv,2637,VALID
product-198fc08108a024c9da45,ATF,ATF,2015-16,2015,2015,12,DEC,547,metric_tonnes,india_petroleum_consumption.csv,2638,VALID
product-198fc08108a024c9da45,ATF,ATF,2015-16,2015,2016,1,JAN,532,metric_tonnes,india_petroleum_consumption.csv,2639,VALID
product-198fc08108a024c9da45,ATF,ATF,2015-16,2015,2016,2,FEB,524,metric_tonnes,india_petroleum_consumption.csv,2640,VALID
product-198fc08108a024c9da45,ATF,ATF,2015-16,2015,2016,3,MAR,580,metric_tonnes,india_petroleum_consumption.csv,2641,VALID
product-cdf634489bfbff660916,SKO,SKO,2015-16,2015,2015,4,APR,568,metric_tonnes,india_petroleum_consumption.csv,2642,VALID
product-cdf634489bfbff660916,SKO,SKO,2015-16,2015,2015,5,MAY,577,metric_tonnes,india_petroleum_consumption.csv,2643,VALID
product-cdf634489bfbff660916,SKO,SKO,2015-16,2015,2015,6,JUN,567,metric_tonnes,india_petroleum_consumption.csv,2644,VALID
product-cdf634489bfbff660916,SKO,SKO,2015-16,2015,2015,7,JUL,576,metric_tonnes,india_petroleum_consumption.csv,2645,VALID
product-cdf634489bfbff660916,SKO,SKO,2015-16,2015,2015,8,AUG,573,metric_tonnes,india_petroleum_consumption.csv,2646,VALID
product-cdf634489bfbff660916,SKO,SKO,2015-16,2015,2015,9,SEP,563,metric_tonnes,india_petroleum_consumption.csv,2647,VALID
product-cdf634489bfbff660916,SKO,SKO,2015-16,2015,2015,10,OCT,576,metric_tonnes,india_petroleum_consumption.csv,2648,VALID
product-cdf634489bfbff660916,SKO,SKO,2015-16,2015,2015,11,NOV,567,metric_tonnes,india_petroleum_consumption.csv,2649,VALID
product-cdf634489bfbff660916,SKO,SKO,2015-16,2015,2015,12,DEC,574,metric_tonnes,india_petroleum_consumption.csv,2650,VALID
product-cdf634489bfbff660916,SKO,SKO,2015-16,2015,2016,1,JAN,560,metric_tonnes,india_petroleum_consumption.csv,2651,VALID
product-cdf634489bfbff660916,SKO,SKO,2015-16,2015,2016,2,FEB,560,metric_tonnes,india_petroleum_consumption.csv,2652,VALID
product-cdf634489bfbff660916,SKO,SKO,2015-16,2015,2016,3,MAR,566,metric_tonnes,india_petroleum_consumption.csv,2653,VALID
product-a81277714f19fd11a0e0,HSD,HSD,2015-16,2015,2015,4,APR,6485,metric_tonnes,india_petroleum_consumption.csv,2654,VALID
product-a81277714f19fd11a0e0,HSD,HSD,2015-16,2015,2015,5,MAY,6435,metric_tonnes,india_petroleum_consumption.csv,2655,VALID
product-a81277714f19fd11a0e0,HSD,HSD,2015-16,2015,2015,6,JUN,6291,metric_tonnes,india_petroleum_consumption.csv,2656,VALID
product-a81277714f19fd11a0e0,HSD,HSD,2015-16,2015,2015,7,JUL,5705,metric_tonnes,india_petroleum_consumption.csv,2657,VALID
product-a81277714f19fd11a0e0,HSD,HSD,2015-16,2015,2015,8,AUG,5426,metric_tonnes,india_petroleum_consumption.csv,2658,VALID
product-a81277714f19fd11a0e0,HSD,HSD,2015-16,2015,2015,9,SEP,5885,metric_tonnes,india_petroleum_consumption.csv,2659,VALID
product-a81277714f19fd11a0e0,HSD,HSD,2015-16,2015,2015,10,OCT,6347,metric_tonnes,india_petroleum_consumption.csv,2660,VALID
product-a81277714f19fd11a0e0,HSD,HSD,2015-16,2015,2015,11,NOV,6110,metric_tonnes,india_petroleum_consumption.csv,2661,VALID
product-a81277714f19fd11a0e0,HSD,HSD,2015-16,2015,2015,12,DEC,6485,metric_tonnes,india_petroleum_consumption.csv,2662,VALID
product-a81277714f19fd11a0e0,HSD,HSD,2015-16,2015,2016,1,JAN,6285,metric_tonnes,india_petroleum_consumption.csv,2663,VALID
product-a81277714f19fd11a0e0,HSD,HSD,2015-16,2015,2016,2,FEB,6412,metric_tonnes,india_petroleum_consumption.csv,2664,VALID
product-a81277714f19fd11a0e0,HSD,HSD,2015-16,2015,2016,3,MAR,6783,metric_tonnes,india_petroleum_consumption.csv,2665,VALID
product-1fe5626b86832387d536,LDO,LDO,2015-16,2015,2015,4,APR,26,metric_tonnes,india_petroleum_consumption.csv,2666,VALID
product-1fe5626b86832387d536,LDO,LDO,2015-16,2015,2015,5,MAY,25,metric_tonnes,india_petroleum_consumption.csv,2667,VALID
product-1fe5626b86832387d536,LDO,LDO,2015-16,2015,2015,6,JUN,41,metric_tonnes,india_petroleum_consumption.csv,2668,VALID
product-1fe5626b86832387d536,LDO,LDO,2015-16,2015,2015,7,JUL,35,metric_tonnes,india_petroleum_consumption.csv,2669,VALID
product-1fe5626b86832387d536,LDO,LDO,2015-16,2015,2015,8,AUG,31,metric_tonnes,india_petroleum_consumption.csv,2670,VALID
product-1fe5626b86832387d536,LDO,LDO,2015-16,2015,2015,9,SEP,37,metric_tonnes,india_petroleum_consumption.csv,2671,VALID
product-1fe5626b86832387d536,LDO,LDO,2015-16,2015,2015,10,OCT,36,metric_tonnes,india_petroleum_consumption.csv,2672,VALID
product-1fe5626b86832387d536,LDO,LDO,2015-16,2015,2015,11,NOV,27,metric_tonnes,india_petroleum_consumption.csv,2673,VALID
product-1fe5626b86832387d536,LDO,LDO,2015-16,2015,2015,12,DEC,36,metric_tonnes,india_petroleum_consumption.csv,2674,VALID
product-1fe5626b86832387d536,LDO,LDO,2015-16,2015,2016,1,JAN,32,metric_tonnes,india_petroleum_consumption.csv,2675,VALID
product-1fe5626b86832387d536,LDO,LDO,2015-16,2015,2016,2,FEB,32,metric_tonnes,india_petroleum_consumption.csv,2676,VALID
product-1fe5626b86832387d536,LDO,LDO,2015-16,2015,2016,3,MAR,49,metric_tonnes,india_petroleum_consumption.csv,2677,VALID
product-95702a7f9ab5e32d6bf4,Lubricants & Greases,Lubricants & Greases,2015-16,2015,2015,4,APR,295,metric_tonnes,india_petroleum_consumption.csv,2678,VALID
product-95702a7f9ab5e32d6bf4,Lubricants & Greases,Lubricants & Greases,2015-16,2015,2015,5,MAY,268,metric_tonnes,india_petroleum_consumption.csv,2679,VALID
product-95702a7f9ab5e32d6bf4,Lubricants & Greases,Lubricants & Greases,2015-16,2015,2015,6,JUN,300,metric_tonnes,india_petroleum_consumption.csv,2680,VALID
product-95702a7f9ab5e32d6bf4,Lubricants & Greases,Lubricants & Greases,2015-16,2015,2015,7,JUL,270,metric_tonnes,india_petroleum_consumption.csv,2681,VALID
product-95702a7f9ab5e32d6bf4,Lubricants & Greases,Lubricants & Greases,2015-16,2015,2015,8,AUG,260,metric_tonnes,india_petroleum_consumption.csv,2682,VALID
product-95702a7f9ab5e32d6bf4,Lubricants & Greases,Lubricants & Greases,2015-16,2015,2015,9,SEP,288,metric_tonnes,india_petroleum_consumption.csv,2683,VALID
product-95702a7f9ab5e32d6bf4,Lubricants & Greases,Lubricants & Greases,2015-16,2015,2015,10,OCT,241,metric_tonnes,india_petroleum_consumption.csv,2684,VALID
product-95702a7f9ab5e32d6bf4,Lubricants & Greases,Lubricants & Greases,2015-16,2015,2015,11,NOV,302,metric_tonnes,india_petroleum_consumption.csv,2685,VALID
product-95702a7f9ab5e32d6bf4,Lubricants & Greases,Lubricants & Greases,2015-16,2015,2015,12,DEC,294,metric_tonnes,india_petroleum_consumption.csv,2686,VALID
product-95702a7f9ab5e32d6bf4,Lubricants & Greases,Lubricants & Greases,2015-16,2015,2016,1,JAN,312,metric_tonnes,india_petroleum_consumption.csv,2687,VALID
product-95702a7f9ab5e32d6bf4,Lubricants & Greases,Lubricants & Greases,2015-16,2015,2016,2,FEB,337,metric_tonnes,india_petroleum_consumption.csv,2688,VALID
product-95702a7f9ab5e32d6bf4,Lubricants & Greases,Lubricants & Greases,2015-16,2015,2016,3,MAR,403,metric_tonnes,india_petroleum_consumption.csv,2689,VALID
product-795922ede07e28180caa,FO & LSHS,FO & LSHS,2015-16,2015,2015,4,APR,486,metric_tonnes,india_petroleum_consumption.csv,2690,VALID
product-795922ede07e28180caa,FO & LSHS,FO & LSHS,2015-16,2015,2015,5,MAY,449,metric_tonnes,india_petroleum_consumption.csv,2691,VALID
product-795922ede07e28180caa,FO & LSHS,FO & LSHS,2015-16,2015,2015,6,JUN,509,metric_tonnes,india_petroleum_consumption.csv,2692,VALID
product-795922ede07e28180caa,FO & LSHS,FO & LSHS,2015-16,2015,2015,7,JUL,537,metric_tonnes,india_petroleum_consumption.csv,2693,VALID
product-795922ede07e28180caa,FO & LSHS,FO & LSHS,2015-16,2015,2015,8,AUG,531,metric_tonnes,india_petroleum_consumption.csv,2694,VALID
product-795922ede07e28180caa,FO & LSHS,FO & LSHS,2015-16,2015,2015,9,SEP,595,metric_tonnes,india_petroleum_consumption.csv,2695,VALID
product-795922ede07e28180caa,FO & LSHS,FO & LSHS,2015-16,2015,2015,10,OCT,526,metric_tonnes,india_petroleum_consumption.csv,2696,VALID
product-795922ede07e28180caa,FO & LSHS,FO & LSHS,2015-16,2015,2015,11,NOV,508,metric_tonnes,india_petroleum_consumption.csv,2697,VALID
product-795922ede07e28180caa,FO & LSHS,FO & LSHS,2015-16,2015,2015,12,DEC,522,metric_tonnes,india_petroleum_consumption.csv,2698,VALID
product-795922ede07e28180caa,FO & LSHS,FO & LSHS,2015-16,2015,2016,1,JAN,628,metric_tonnes,india_petroleum_consumption.csv,2699,VALID
product-795922ede07e28180caa,FO & LSHS,FO & LSHS,2015-16,2015,2016,2,FEB,603,metric_tonnes,india_petroleum_consumption.csv,2700,VALID
product-795922ede07e28180caa,FO & LSHS,FO & LSHS,2015-16,2015,2016,3,MAR,740,metric_tonnes,india_petroleum_consumption.csv,2701,VALID
product-790810d5c5602dbecaf2,Bitumen,Bitumen,2015-16,2015,2015,4,APR,565,metric_tonnes,india_petroleum_consumption.csv,2702,VALID
product-790810d5c5602dbecaf2,Bitumen,Bitumen,2015-16,2015,2015,5,MAY,592,metric_tonnes,india_petroleum_consumption.csv,2703,VALID
product-790810d5c5602dbecaf2,Bitumen,Bitumen,2015-16,2015,2015,6,JUN,461,metric_tonnes,india_petroleum_consumption.csv,2704,VALID
product-790810d5c5602dbecaf2,Bitumen,Bitumen,2015-16,2015,2015,7,JUL,286,metric_tonnes,india_petroleum_consumption.csv,2705,VALID
product-790810d5c5602dbecaf2,Bitumen,Bitumen,2015-16,2015,2015,8,AUG,239,metric_tonnes,india_petroleum_consumption.csv,2706,VALID
product-790810d5c5602dbecaf2,Bitumen,Bitumen,2015-16,2015,2015,9,SEP,301,metric_tonnes,india_petroleum_consumption.csv,2707,VALID
product-790810d5c5602dbecaf2,Bitumen,Bitumen,2015-16,2015,2015,10,OCT,520,metric_tonnes,india_petroleum_consumption.csv,2708,VALID
product-790810d5c5602dbecaf2,Bitumen,Bitumen,2015-16,2015,2015,11,NOV,433,metric_tonnes,india_petroleum_consumption.csv,2709,VALID
product-790810d5c5602dbecaf2,Bitumen,Bitumen,2015-16,2015,2015,12,DEC,569,metric_tonnes,india_petroleum_consumption.csv,2710,VALID
product-790810d5c5602dbecaf2,Bitumen,Bitumen,2015-16,2015,2016,1,JAN,550,metric_tonnes,india_petroleum_consumption.csv,2711,VALID
product-790810d5c5602dbecaf2,Bitumen,Bitumen,2015-16,2015,2016,2,FEB,635,metric_tonnes,india_petroleum_consumption.csv,2712,VALID
product-790810d5c5602dbecaf2,Bitumen,Bitumen,2015-16,2015,2016,3,MAR,788,metric_tonnes,india_petroleum_consumption.csv,2713,VALID
product-64fce74e71066b7ec4cf,Petroleum coke,Petroleum coke,2015-16,2015,2015,4,APR,1126,metric_tonnes,india_petroleum_consumption.csv,2714,VALID
product-64fce74e71066b7ec4cf,Petroleum coke,Petroleum coke,2015-16,2015,2015,5,MAY,1572,metric_tonnes,india_petroleum_consumption.csv,2715,VALID
product-64fce74e71066b7ec4cf,Petroleum coke,Petroleum coke,2015-16,2015,2015,6,JUN,1263,metric_tonnes,india_petroleum_consumption.csv,2716,VALID
product-64fce74e71066b7ec4cf,Petroleum coke,Petroleum coke,2015-16,2015,2015,7,JUL,1554,metric_tonnes,india_petroleum_consumption.csv,2717,VALID
product-64fce74e71066b7ec4cf,Petroleum coke,Petroleum coke,2015-16,2015,2015,8,AUG,1534,metric_tonnes,india_petroleum_consumption.csv,2718,VALID
product-64fce74e71066b7ec4cf,Petroleum coke,Petroleum coke,2015-16,2015,2015,9,SEP,1634,metric_tonnes,india_petroleum_consumption.csv,2719,VALID
product-64fce74e71066b7ec4cf,Petroleum coke,Petroleum coke,2015-16,2015,2015,10,OCT,1523,metric_tonnes,india_petroleum_consumption.csv,2720,VALID
product-64fce74e71066b7ec4cf,Petroleum coke,Petroleum coke,2015-16,2015,2015,11,NOV,1407,metric_tonnes,india_petroleum_consumption.csv,2721,VALID
product-64fce74e71066b7ec4cf,Petroleum coke,Petroleum coke,2015-16,2015,2015,12,DEC,1508,metric_tonnes,india_petroleum_consumption.csv,2722,VALID
product-64fce74e71066b7ec4cf,Petroleum coke,Petroleum coke,2015-16,2015,2016,1,JAN,2159,metric_tonnes,india_petroleum_consumption.csv,2723,VALID
product-64fce74e71066b7ec4cf,Petroleum coke,Petroleum coke,2015-16,2015,2016,2,FEB,2050,metric_tonnes,india_petroleum_consumption.csv,2724,VALID
product-64fce74e71066b7ec4cf,Petroleum coke,Petroleum coke,2015-16,2015,2016,3,MAR,1968,metric_tonnes,india_petroleum_consumption.csv,2725,VALID
product-896a0734e71eaafd55e7,Others,Others,2015-16,2015,2015,4,APR,485,metric_tonnes,india_petroleum_consumption.csv,2726,VALID
product-896a0734e71eaafd55e7,Others,Others,2015-16,2015,2015,5,MAY,504,metric_tonnes,india_petroleum_consumption.csv,2727,VALID
product-896a0734e71eaafd55e7,Others,Others,2015-16,2015,2015,6,JUN,546,metric_tonnes,india_petroleum_consumption.csv,2728,VALID
product-896a0734e71eaafd55e7,Others,Others,2015-16,2015,2015,7,JUL,480,metric_tonnes,india_petroleum_consumption.csv,2729,VALID
product-896a0734e71eaafd55e7,Others,Others,2015-16,2015,2015,8,AUG,591,metric_tonnes,india_petroleum_consumption.csv,2730,VALID
product-896a0734e71eaafd55e7,Others,Others,2015-16,2015,2015,9,SEP,560,metric_tonnes,india_petroleum_consumption.csv,2731,VALID
product-896a0734e71eaafd55e7,Others,Others,2015-16,2015,2015,10,OCT,536,metric_tonnes,india_petroleum_consumption.csv,2732,VALID
product-896a0734e71eaafd55e7,Others,Others,2015-16,2015,2015,11,NOV,550,metric_tonnes,india_petroleum_consumption.csv,2733,VALID
product-896a0734e71eaafd55e7,Others,Others,2015-16,2015,2015,12,DEC,551,metric_tonnes,india_petroleum_consumption.csv,2734,VALID
product-896a0734e71eaafd55e7,Others,Others,2015-16,2015,2016,1,JAN,496,metric_tonnes,india_petroleum_consumption.csv,2735,VALID
product-896a0734e71eaafd55e7,Others,Others,2015-16,2015,2016,2,FEB,527,metric_tonnes,india_petroleum_consumption.csv,2736,VALID
product-896a0734e71eaafd55e7,Others,Others,2015-16,2015,2016,3,MAR,528,metric_tonnes,india_petroleum_consumption.csv,2737,VALID
product-5575ab85b7b20e8c4793,LPG,LPG,2016-17,2016,2016,4,APR,1597,metric_tonnes,india_petroleum_consumption.csv,2738,VALID
product-5575ab85b7b20e8c4793,LPG,LPG,2016-17,2016,2016,5,MAY,1606,metric_tonnes,india_petroleum_consumption.csv,2739,VALID
product-5575ab85b7b20e8c4793,LPG,LPG,2016-17,2016,2016,6,JUN,1613,metric_tonnes,india_petroleum_consumption.csv,2740,VALID
product-5575ab85b7b20e8c4793,LPG,LPG,2016-17,2016,2016,7,JUL,1722,metric_tonnes,india_petroleum_consumption.csv,2741,VALID
product-5575ab85b7b20e8c4793,LPG,LPG,2016-17,2016,2016,8,AUG,1846,metric_tonnes,india_petroleum_consumption.csv,2742,VALID
product-5575ab85b7b20e8c4793,LPG,LPG,2016-17,2016,2016,9,SEP,1873,metric_tonnes,india_petroleum_consumption.csv,2743,VALID
product-5575ab85b7b20e8c4793,LPG,LPG,2016-17,2016,2016,10,OCT,1858,metric_tonnes,india_petroleum_consumption.csv,2744,VALID
product-5575ab85b7b20e8c4793,LPG,LPG,2016-17,2016,2016,11,NOV,1873,metric_tonnes,india_petroleum_consumption.csv,2745,VALID
product-5575ab85b7b20e8c4793,LPG,LPG,2016-17,2016,2016,12,DEC,1939,metric_tonnes,india_petroleum_consumption.csv,2746,VALID
product-5575ab85b7b20e8c4793,LPG,LPG,2016-17,2016,2017,1,JAN,1989,metric_tonnes,india_petroleum_consumption.csv,2747,VALID
product-5575ab85b7b20e8c4793,LPG,LPG,2016-17,2016,2017,2,FEB,1804,metric_tonnes,india_petroleum_consumption.csv,2748,VALID
product-5575ab85b7b20e8c4793,LPG,LPG,2016-17,2016,2017,3,MAR,1888,metric_tonnes,india_petroleum_consumption.csv,2749,VALID
product-352b4599428c13efa359,Naphtha,Naphtha,2016-17,2016,2016,4,APR,1190,metric_tonnes,india_petroleum_consumption.csv,2750,VALID
product-352b4599428c13efa359,Naphtha,Naphtha,2016-17,2016,2016,5,MAY,1081,metric_tonnes,india_petroleum_consumption.csv,2751,VALID
product-352b4599428c13efa359,Naphtha,Naphtha,2016-17,2016,2016,6,JUN,1127,metric_tonnes,india_petroleum_consumption.csv,2752,VALID
product-352b4599428c13efa359,Naphtha,Naphtha,2016-17,2016,2016,7,JUL,1199,metric_tonnes,india_petroleum_consumption.csv,2753,VALID
product-352b4599428c13efa359,Naphtha,Naphtha,2016-17,2016,2016,8,AUG,1146,metric_tonnes,india_petroleum_consumption.csv,2754,VALID
product-352b4599428c13efa359,Naphtha,Naphtha,2016-17,2016,2016,9,SEP,1079,metric_tonnes,india_petroleum_consumption.csv,2755,VALID
product-352b4599428c13efa359,Naphtha,Naphtha,2016-17,2016,2016,10,OCT,1155,metric_tonnes,india_petroleum_consumption.csv,2756,VALID
product-352b4599428c13efa359,Naphtha,Naphtha,2016-17,2016,2016,11,NOV,1075,metric_tonnes,india_petroleum_consumption.csv,2757,VALID
product-352b4599428c13efa359,Naphtha,Naphtha,2016-17,2016,2016,12,DEC,1036,metric_tonnes,india_petroleum_consumption.csv,2758,VALID
product-352b4599428c13efa359,Naphtha,Naphtha,2016-17,2016,2017,1,JAN,987,metric_tonnes,india_petroleum_consumption.csv,2759,VALID
product-352b4599428c13efa359,Naphtha,Naphtha,2016-17,2016,2017,2,FEB,1070,metric_tonnes,india_petroleum_consumption.csv,2760,VALID
product-352b4599428c13efa359,Naphtha,Naphtha,2016-17,2016,2017,3,MAR,1096,metric_tonnes,india_petroleum_consumption.csv,2761,VALID
product-8d171ab9b604e34124ea,MS,MS,2016-17,2016,2016,4,APR,1996,metric_tonnes,india_petroleum_consumption.csv,2762,VALID
product-8d171ab9b604e34124ea,MS,MS,2016-17,2016,2016,5,MAY,2083,metric_tonnes,india_petroleum_consumption.csv,2763,VALID
product-8d171ab9b604e34124ea,MS,MS,2016-17,2016,2016,6,JUN,1846,metric_tonnes,india_petroleum_consumption.csv,2764,VALID
product-8d171ab9b604e34124ea,MS,MS,2016-17,2016,2016,7,JUL,1918,metric_tonnes,india_petroleum_consumption.csv,2765,VALID
product-8d171ab9b604e34124ea,MS,MS,2016-17,2016,2016,8,AUG,2205,metric_tonnes,india_petroleum_consumption.csv,2766,VALID
product-8d171ab9b604e34124ea,MS,MS,2016-17,2016,2016,9,SEP,1815,metric_tonnes,india_petroleum_consumption.csv,2767,VALID
product-8d171ab9b604e34124ea,MS,MS,2016-17,2016,2016,10,OCT,2106,metric_tonnes,india_petroleum_consumption.csv,2768,VALID
product-8d171ab9b604e34124ea,MS,MS,2016-17,2016,2016,11,NOV,2026,metric_tonnes,india_petroleum_consumption.csv,2769,VALID
product-8d171ab9b604e34124ea,MS,MS,2016-17,2016,2016,12,DEC,1965,metric_tonnes,india_petroleum_consumption.csv,2770,VALID
product-8d171ab9b604e34124ea,MS,MS,2016-17,2016,2017,1,JAN,1804,metric_tonnes,india_petroleum_consumption.csv,2771,VALID
product-8d171ab9b604e34124ea,MS,MS,2016-17,2016,2017,2,FEB,1896,metric_tonnes,india_petroleum_consumption.csv,2772,VALID
product-8d171ab9b604e34124ea,MS,MS,2016-17,2016,2017,3,MAR,2105,metric_tonnes,india_petroleum_consumption.csv,2773,VALID
product-198fc08108a024c9da45,ATF,ATF,2016-17,2016,2016,4,APR,557,metric_tonnes,india_petroleum_consumption.csv,2774,VALID
product-198fc08108a024c9da45,ATF,ATF,2016-17,2016,2016,5,MAY,571,metric_tonnes,india_petroleum_consumption.csv,2775,VALID
product-198fc08108a024c9da45,ATF,ATF,2016-17,2016,2016,6,JUN,553,metric_tonnes,india_petroleum_consumption.csv,2776,VALID
product-198fc08108a024c9da45,ATF,ATF,2016-17,2016,2016,7,JUL,558,metric_tonnes,india_petroleum_consumption.csv,2777,VALID
product-198fc08108a024c9da45,ATF,ATF,2016-17,2016,2016,8,AUG,555,metric_tonnes,india_petroleum_consumption.csv,2778,VALID
product-198fc08108a024c9da45,ATF,ATF,2016-17,2016,2016,9,SEP,574,metric_tonnes,india_petroleum_consumption.csv,2779,VALID
product-198fc08108a024c9da45,ATF,ATF,2016-17,2016,2016,10,OCT,570,metric_tonnes,india_petroleum_consumption.csv,2780,VALID
product-198fc08108a024c9da45,ATF,ATF,2016-17,2016,2016,11,NOV,591,metric_tonnes,india_petroleum_consumption.csv,2781,VALID
product-198fc08108a024c9da45,ATF,ATF,2016-17,2016,2016,12,DEC,641,metric_tonnes,india_petroleum_consumption.csv,2782,VALID
product-198fc08108a024c9da45,ATF,ATF,2016-17,2016,2017,1,JAN,632,metric_tonnes,india_petroleum_consumption.csv,2783,VALID
product-198fc08108a024c9da45,ATF,ATF,2016-17,2016,2017,2,FEB,579,metric_tonnes,india_petroleum_consumption.csv,2784,VALID
product-198fc08108a024c9da45,ATF,ATF,2016-17,2016,2017,3,MAR,617,metric_tonnes,india_petroleum_consumption.csv,2785,VALID
product-cdf634489bfbff660916,SKO,SKO,2016-17,2016,2016,4,APR,516,metric_tonnes,india_petroleum_consumption.csv,2786,VALID
product-cdf634489bfbff660916,SKO,SKO,2016-17,2016,2016,5,MAY,530,metric_tonnes,india_petroleum_consumption.csv,2787,VALID
product-cdf634489bfbff660916,SKO,SKO,2016-17,2016,2016,6,JUN,533,metric_tonnes,india_petroleum_consumption.csv,2788,VALID
product-cdf634489bfbff660916,SKO,SKO,2016-17,2016,2016,7,JUL,502,metric_tonnes,india_petroleum_consumption.csv,2789,VALID
product-cdf634489bfbff660916,SKO,SKO,2016-17,2016,2016,8,AUG,497,metric_tonnes,india_petroleum_consumption.csv,2790,VALID
product-cdf634489bfbff660916,SKO,SKO,2016-17,2016,2016,9,SEP,501,metric_tonnes,india_petroleum_consumption.csv,2791,VALID
product-cdf634489bfbff660916,SKO,SKO,2016-17,2016,2016,10,OCT,380,metric_tonnes,india_petroleum_consumption.csv,2792,VALID
product-cdf634489bfbff660916,SKO,SKO,2016-17,2016,2016,11,NOV,387,metric_tonnes,india_petroleum_consumption.csv,2793,VALID
product-cdf634489bfbff660916,SKO,SKO,2016-17,2016,2016,12,DEC,399,metric_tonnes,india_petroleum_consumption.csv,2794,VALID
product-cdf634489bfbff660916,SKO,SKO,2016-17,2016,2017,1,JAN,367,metric_tonnes,india_petroleum_consumption.csv,2795,VALID
product-cdf634489bfbff660916,SKO,SKO,2016-17,2016,2017,2,FEB,371,metric_tonnes,india_petroleum_consumption.csv,2796,VALID
product-cdf634489bfbff660916,SKO,SKO,2016-17,2016,2017,3,MAR,414,metric_tonnes,india_petroleum_consumption.csv,2797,VALID
product-a81277714f19fd11a0e0,HSD,HSD,2016-17,2016,2016,4,APR,6768,metric_tonnes,india_petroleum_consumption.csv,2798,VALID
product-a81277714f19fd11a0e0,HSD,HSD,2016-17,2016,2016,5,MAY,6958,metric_tonnes,india_petroleum_consumption.csv,2799,VALID
product-a81277714f19fd11a0e0,HSD,HSD,2016-17,2016,2016,6,JUN,6386,metric_tonnes,india_petroleum_consumption.csv,2800,VALID
product-a81277714f19fd11a0e0,HSD,HSD,2016-17,2016,2016,7,JUL,5807,metric_tonnes,india_petroleum_consumption.csv,2801,VALID
product-a81277714f19fd11a0e0,HSD,HSD,2016-17,2016,2016,8,AUG,6134,metric_tonnes,india_petroleum_consumption.csv,2802,VALID
product-a81277714f19fd11a0e0,HSD,HSD,2016-17,2016,2016,9,SEP,5213,metric_tonnes,india_petroleum_consumption.csv,2803,VALID
product-a81277714f19fd11a0e0,HSD,HSD,2016-17,2016,2016,10,OCT,6675,metric_tonnes,india_petroleum_consumption.csv,2804,VALID
product-a81277714f19fd11a0e0,HSD,HSD,2016-17,2016,2016,11,NOV,6750,metric_tonnes,india_petroleum_consumption.csv,2805,VALID
product-a81277714f19fd11a0e0,HSD,HSD,2016-17,2016,2016,12,DEC,6570,metric_tonnes,india_petroleum_consumption.csv,2806,VALID
product-a81277714f19fd11a0e0,HSD,HSD,2016-17,2016,2017,1,JAN,5804,metric_tonnes,india_petroleum_consumption.csv,2807,VALID
product-a81277714f19fd11a0e0,HSD,HSD,2016-17,2016,2017,2,FEB,6161,metric_tonnes,india_petroleum_consumption.csv,2808,VALID
product-a81277714f19fd11a0e0,HSD,HSD,2016-17,2016,2017,3,MAR,6802,metric_tonnes,india_petroleum_consumption.csv,2809,VALID
product-1fe5626b86832387d536,LDO,LDO,2016-17,2016,2016,4,APR,34,metric_tonnes,india_petroleum_consumption.csv,2810,VALID
product-1fe5626b86832387d536,LDO,LDO,2016-17,2016,2016,5,MAY,36,metric_tonnes,india_petroleum_consumption.csv,2811,VALID
product-1fe5626b86832387d536,LDO,LDO,2016-17,2016,2016,6,JUN,37,metric_tonnes,india_petroleum_consumption.csv,2812,VALID
product-1fe5626b86832387d536,LDO,LDO,2016-17,2016,2016,7,JUL,35,metric_tonnes,india_petroleum_consumption.csv,2813,VALID
product-1fe5626b86832387d536,LDO,LDO,2016-17,2016,2016,8,AUG,41,metric_tonnes,india_petroleum_consumption.csv,2814,VALID
product-1fe5626b86832387d536,LDO,LDO,2016-17,2016,2016,9,SEP,37,metric_tonnes,india_petroleum_consumption.csv,2815,VALID
product-1fe5626b86832387d536,LDO,LDO,2016-17,2016,2016,10,OCT,43,metric_tonnes,india_petroleum_consumption.csv,2816,VALID
product-1fe5626b86832387d536,LDO,LDO,2016-17,2016,2016,11,NOV,42,metric_tonnes,india_petroleum_consumption.csv,2817,VALID
product-1fe5626b86832387d536,LDO,LDO,2016-17,2016,2016,12,DEC,39,metric_tonnes,india_petroleum_consumption.csv,2818,VALID
product-1fe5626b86832387d536,LDO,LDO,2016-17,2016,2017,1,JAN,35,metric_tonnes,india_petroleum_consumption.csv,2819,VALID
product-1fe5626b86832387d536,LDO,LDO,2016-17,2016,2017,2,FEB,35,metric_tonnes,india_petroleum_consumption.csv,2820,VALID
product-1fe5626b86832387d536,LDO,LDO,2016-17,2016,2017,3,MAR,35,metric_tonnes,india_petroleum_consumption.csv,2821,VALID
product-95702a7f9ab5e32d6bf4,Lubricants & Greases,Lubricants & Greases,2016-17,2016,2016,4,APR,283,metric_tonnes,india_petroleum_consumption.csv,2822,VALID
product-95702a7f9ab5e32d6bf4,Lubricants & Greases,Lubricants & Greases,2016-17,2016,2016,5,MAY,299,metric_tonnes,india_petroleum_consumption.csv,2823,VALID
product-95702a7f9ab5e32d6bf4,Lubricants & Greases,Lubricants & Greases,2016-17,2016,2016,6,JUN,336,metric_tonnes,india_petroleum_consumption.csv,2824,VALID
product-95702a7f9ab5e32d6bf4,Lubricants & Greases,Lubricants & Greases,2016-17,2016,2016,7,JUL,324,metric_tonnes,india_petroleum_consumption.csv,2825,VALID
product-95702a7f9ab5e32d6bf4,Lubricants & Greases,Lubricants & Greases,2016-17,2016,2016,8,AUG,254,metric_tonnes,india_petroleum_consumption.csv,2826,VALID
product-95702a7f9ab5e32d6bf4,Lubricants & Greases,Lubricants & Greases,2016-17,2016,2016,9,SEP,247,metric_tonnes,india_petroleum_consumption.csv,2827,VALID
product-95702a7f9ab5e32d6bf4,Lubricants & Greases,Lubricants & Greases,2016-17,2016,2016,10,OCT,276,metric_tonnes,india_petroleum_consumption.csv,2828,VALID
product-95702a7f9ab5e32d6bf4,Lubricants & Greases,Lubricants & Greases,2016-17,2016,2016,11,NOV,296,metric_tonnes,india_petroleum_consumption.csv,2829,VALID
product-95702a7f9ab5e32d6bf4,Lubricants & Greases,Lubricants & Greases,2016-17,2016,2016,12,DEC,296,metric_tonnes,india_petroleum_consumption.csv,2830,VALID
product-95702a7f9ab5e32d6bf4,Lubricants & Greases,Lubricants & Greases,2016-17,2016,2017,1,JAN,276,metric_tonnes,india_petroleum_consumption.csv,2831,VALID
product-95702a7f9ab5e32d6bf4,Lubricants & Greases,Lubricants & Greases,2016-17,2016,2017,2,FEB,283,metric_tonnes,india_petroleum_consumption.csv,2832,VALID
product-95702a7f9ab5e32d6bf4,Lubricants & Greases,Lubricants & Greases,2016-17,2016,2017,3,MAR,300,metric_tonnes,india_petroleum_consumption.csv,2833,VALID
product-795922ede07e28180caa,FO & LSHS,FO & LSHS,2016-17,2016,2016,4,APR,656,metric_tonnes,india_petroleum_consumption.csv,2834,VALID
product-795922ede07e28180caa,FO & LSHS,FO & LSHS,2016-17,2016,2016,5,MAY,639,metric_tonnes,india_petroleum_consumption.csv,2835,VALID
product-795922ede07e28180caa,FO & LSHS,FO & LSHS,2016-17,2016,2016,6,JUN,634,metric_tonnes,india_petroleum_consumption.csv,2836,VALID
product-795922ede07e28180caa,FO & LSHS,FO & LSHS,2016-17,2016,2016,7,JUL,596,metric_tonnes,india_petroleum_consumption.csv,2837,VALID
product-795922ede07e28180caa,FO & LSHS,FO & LSHS,2016-17,2016,2016,8,AUG,582,metric_tonnes,india_petroleum_consumption.csv,2838,VALID
product-795922ede07e28180caa,FO & LSHS,FO & LSHS,2016-17,2016,2016,9,SEP,634,metric_tonnes,india_petroleum_consumption.csv,2839,VALID
product-795922ede07e28180caa,FO & LSHS,FO & LSHS,2016-17,2016,2016,10,OCT,610,metric_tonnes,india_petroleum_consumption.csv,2840,VALID
product-795922ede07e28180caa,FO & LSHS,FO & LSHS,2016-17,2016,2016,11,NOV,565,metric_tonnes,india_petroleum_consumption.csv,2841,VALID
product-795922ede07e28180caa,FO & LSHS,FO & LSHS,2016-17,2016,2016,12,DEC,611,metric_tonnes,india_petroleum_consumption.csv,2842,VALID
product-795922ede07e28180caa,FO & LSHS,FO & LSHS,2016-17,2016,2017,1,JAN,542,metric_tonnes,india_petroleum_consumption.csv,2843,VALID
product-795922ede07e28180caa,FO & LSHS,FO & LSHS,2016-17,2016,2017,2,FEB,526,metric_tonnes,india_petroleum_consumption.csv,2844,VALID
product-795922ede07e28180caa,FO & LSHS,FO & LSHS,2016-17,2016,2017,3,MAR,556,metric_tonnes,india_petroleum_consumption.csv,2845,VALID
product-790810d5c5602dbecaf2,Bitumen,Bitumen,2016-17,2016,2016,4,APR,678,metric_tonnes,india_petroleum_consumption.csv,2846,VALID
product-790810d5c5602dbecaf2,Bitumen,Bitumen,2016-17,2016,2016,5,MAY,684,metric_tonnes,india_petroleum_consumption.csv,2847,VALID
product-790810d5c5602dbecaf2,Bitumen,Bitumen,2016-17,2016,2016,6,JUN,510,metric_tonnes,india_petroleum_consumption.csv,2848,VALID
product-790810d5c5602dbecaf2,Bitumen,Bitumen,2016-17,2016,2016,7,JUL,227,metric_tonnes,india_petroleum_consumption.csv,2849,VALID
product-790810d5c5602dbecaf2,Bitumen,Bitumen,2016-17,2016,2016,8,AUG,211,metric_tonnes,india_petroleum_consumption.csv,2850,VALID
product-790810d5c5602dbecaf2,Bitumen,Bitumen,2016-17,2016,2016,9,SEP,267,metric_tonnes,india_petroleum_consumption.csv,2851,VALID
product-790810d5c5602dbecaf2,Bitumen,Bitumen,2016-17,2016,2016,10,OCT,457,metric_tonnes,india_petroleum_consumption.csv,2852,VALID
product-790810d5c5602dbecaf2,Bitumen,Bitumen,2016-17,2016,2016,11,NOV,530,metric_tonnes,india_petroleum_consumption.csv,2853,VALID
product-790810d5c5602dbecaf2,Bitumen,Bitumen,2016-17,2016,2016,12,DEC,572,metric_tonnes,india_petroleum_consumption.csv,2854,VALID
product-790810d5c5602dbecaf2,Bitumen,Bitumen,2016-17,2016,2017,1,JAN,509,metric_tonnes,india_petroleum_consumption.csv,2855,VALID
product-790810d5c5602dbecaf2,Bitumen,Bitumen,2016-17,2016,2017,2,FEB,571,metric_tonnes,india_petroleum_consumption.csv,2856,VALID
product-790810d5c5602dbecaf2,Bitumen,Bitumen,2016-17,2016,2017,3,MAR,720,metric_tonnes,india_petroleum_consumption.csv,2857,VALID
product-64fce74e71066b7ec4cf,Petroleum coke,Petroleum coke,2016-17,2016,2016,4,APR,1684,metric_tonnes,india_petroleum_consumption.csv,2858,VALID
product-64fce74e71066b7ec4cf,Petroleum coke,Petroleum coke,2016-17,2016,2016,5,MAY,1931,metric_tonnes,india_petroleum_consumption.csv,2859,VALID
product-64fce74e71066b7ec4cf,Petroleum coke,Petroleum coke,2016-17,2016,2016,6,JUN,2412,metric_tonnes,india_petroleum_consumption.csv,2860,VALID
product-64fce74e71066b7ec4cf,Petroleum coke,Petroleum coke,2016-17,2016,2016,7,JUL,2173,metric_tonnes,india_petroleum_consumption.csv,2861,VALID
product-64fce74e71066b7ec4cf,Petroleum coke,Petroleum coke,2016-17,2016,2016,8,AUG,2779,metric_tonnes,india_petroleum_consumption.csv,2862,VALID
product-64fce74e71066b7ec4cf,Petroleum coke,Petroleum coke,2016-17,2016,2016,9,SEP,1978,metric_tonnes,india_petroleum_consumption.csv,2863,VALID
product-64fce74e71066b7ec4cf,Petroleum coke,Petroleum coke,2016-17,2016,2016,10,OCT,1902,metric_tonnes,india_petroleum_consumption.csv,2864,VALID
product-64fce74e71066b7ec4cf,Petroleum coke,Petroleum coke,2016-17,2016,2016,11,NOV,1729,metric_tonnes,india_petroleum_consumption.csv,2865,VALID
product-64fce74e71066b7ec4cf,Petroleum coke,Petroleum coke,2016-17,2016,2016,12,DEC,1649,metric_tonnes,india_petroleum_consumption.csv,2866,VALID
product-64fce74e71066b7ec4cf,Petroleum coke,Petroleum coke,2016-17,2016,2017,1,JAN,1815,metric_tonnes,india_petroleum_consumption.csv,2867,VALID
product-64fce74e71066b7ec4cf,Petroleum coke,Petroleum coke,2016-17,2016,2017,2,FEB,1725,metric_tonnes,india_petroleum_consumption.csv,2868,VALID
product-64fce74e71066b7ec4cf,Petroleum coke,Petroleum coke,2016-17,2016,2017,3,MAR,2186,metric_tonnes,india_petroleum_consumption.csv,2869,VALID
product-896a0734e71eaafd55e7,Others,Others,2016-17,2016,2016,4,APR,493,metric_tonnes,india_petroleum_consumption.csv,2870,VALID
product-896a0734e71eaafd55e7,Others,Others,2016-17,2016,2016,5,MAY,523,metric_tonnes,india_petroleum_consumption.csv,2871,VALID
product-896a0734e71eaafd55e7,Others,Others,2016-17,2016,2016,6,JUN,564,metric_tonnes,india_petroleum_consumption.csv,2872,VALID
product-896a0734e71eaafd55e7,Others,Others,2016-17,2016,2016,7,JUL,596,metric_tonnes,india_petroleum_consumption.csv,2873,VALID
product-896a0734e71eaafd55e7,Others,Others,2016-17,2016,2016,8,AUG,562,metric_tonnes,india_petroleum_consumption.csv,2874,VALID
product-896a0734e71eaafd55e7,Others,Others,2016-17,2016,2016,9,SEP,565,metric_tonnes,india_petroleum_consumption.csv,2875,VALID
product-896a0734e71eaafd55e7,Others,Others,2016-17,2016,2016,10,OCT,563,metric_tonnes,india_petroleum_consumption.csv,2876,VALID
product-896a0734e71eaafd55e7,Others,Others,2016-17,2016,2016,11,NOV,525,metric_tonnes,india_petroleum_consumption.csv,2877,VALID
product-896a0734e71eaafd55e7,Others,Others,2016-17,2016,2016,12,DEC,459,metric_tonnes,india_petroleum_consumption.csv,2878,VALID
product-896a0734e71eaafd55e7,Others,Others,2016-17,2016,2017,1,JAN,574,metric_tonnes,india_petroleum_consumption.csv,2879,VALID
product-896a0734e71eaafd55e7,Others,Others,2016-17,2016,2017,2,FEB,519,metric_tonnes,india_petroleum_consumption.csv,2880,VALID
product-896a0734e71eaafd55e7,Others,Others,2016-17,2016,2017,3,MAR,651,metric_tonnes,india_petroleum_consumption.csv,2881,VALID
product-5575ab85b7b20e8c4793,LPG,LPG,2017-18,2017,2017,4,APR,1657,metric_tonnes,india_petroleum_consumption.csv,2882,VALID
product-5575ab85b7b20e8c4793,LPG,LPG,2017-18,2017,2017,5,MAY,1790,metric_tonnes,india_petroleum_consumption.csv,2883,VALID
product-5575ab85b7b20e8c4793,LPG,LPG,2017-18,2017,2017,6,JUN,1885,metric_tonnes,india_petroleum_consumption.csv,2884,VALID
product-5575ab85b7b20e8c4793,LPG,LPG,2017-18,2017,2017,7,JUL,1927,metric_tonnes,india_petroleum_consumption.csv,2885,VALID
product-5575ab85b7b20e8c4793,LPG,LPG,2017-18,2017,2017,8,AUG,2049,metric_tonnes,india_petroleum_consumption.csv,2886,VALID
product-5575ab85b7b20e8c4793,LPG,LPG,2017-18,2017,2017,9,SEP,1934,metric_tonnes,india_petroleum_consumption.csv,2887,VALID
product-5575ab85b7b20e8c4793,LPG,LPG,2017-18,2017,2017,10,OCT,1970,metric_tonnes,india_petroleum_consumption.csv,2888,VALID
product-5575ab85b7b20e8c4793,LPG,LPG,2017-18,2017,2017,11,NOV,1998,metric_tonnes,india_petroleum_consumption.csv,2889,VALID
product-5575ab85b7b20e8c4793,LPG,LPG,2017-18,2017,2017,12,DEC,2051,metric_tonnes,india_petroleum_consumption.csv,2890,VALID
product-5575ab85b7b20e8c4793,LPG,LPG,2017-18,2017,2018,1,JAN,2082,metric_tonnes,india_petroleum_consumption.csv,2891,VALID
product-5575ab85b7b20e8c4793,LPG,LPG,2017-18,2017,2018,2,FEB,1940,metric_tonnes,india_petroleum_consumption.csv,2892,VALID
product-5575ab85b7b20e8c4793,LPG,LPG,2017-18,2017,2018,3,MAR,2059,metric_tonnes,india_petroleum_consumption.csv,2893,VALID
product-352b4599428c13efa359,Naphtha,Naphtha,2017-18,2017,2017,4,APR,1000,metric_tonnes,india_petroleum_consumption.csv,2894,VALID
product-352b4599428c13efa359,Naphtha,Naphtha,2017-18,2017,2017,5,MAY,1006,metric_tonnes,india_petroleum_consumption.csv,2895,VALID
product-352b4599428c13efa359,Naphtha,Naphtha,2017-18,2017,2017,6,JUN,967,metric_tonnes,india_petroleum_consumption.csv,2896,VALID
product-352b4599428c13efa359,Naphtha,Naphtha,2017-18,2017,2017,7,JUL,732,metric_tonnes,india_petroleum_consumption.csv,2897,VALID
product-352b4599428c13efa359,Naphtha,Naphtha,2017-18,2017,2017,8,AUG,1126,metric_tonnes,india_petroleum_consumption.csv,2898,VALID
product-352b4599428c13efa359,Naphtha,Naphtha,2017-18,2017,2017,9,SEP,1171,metric_tonnes,india_petroleum_consumption.csv,2899,VALID
product-352b4599428c13efa359,Naphtha,Naphtha,2017-18,2017,2017,10,OCT,1176,metric_tonnes,india_petroleum_consumption.csv,2900,VALID
product-352b4599428c13efa359,Naphtha,Naphtha,2017-18,2017,2017,11,NOV,1100,metric_tonnes,india_petroleum_consumption.csv,2901,VALID
product-352b4599428c13efa359,Naphtha,Naphtha,2017-18,2017,2017,12,DEC,1107,metric_tonnes,india_petroleum_consumption.csv,2902,VALID
product-352b4599428c13efa359,Naphtha,Naphtha,2017-18,2017,2018,1,JAN,1274,metric_tonnes,india_petroleum_consumption.csv,2903,VALID
product-352b4599428c13efa359,Naphtha,Naphtha,2017-18,2017,2018,2,FEB,1026,metric_tonnes,india_petroleum_consumption.csv,2904,VALID
product-352b4599428c13efa359,Naphtha,Naphtha,2017-18,2017,2018,3,MAR,1204,metric_tonnes,india_petroleum_consumption.csv,2905,VALID
product-8d171ab9b604e34124ea,MS,MS,2017-18,2017,2017,4,APR,2090,metric_tonnes,india_petroleum_consumption.csv,2906,VALID
product-8d171ab9b604e34124ea,MS,MS,2017-18,2017,2017,5,MAY,2409,metric_tonnes,india_petroleum_consumption.csv,2907,VALID
product-8d171ab9b604e34124ea,MS,MS,2017-18,2017,2017,6,JUN,2071,metric_tonnes,india_petroleum_consumption.csv,2908,VALID
product-8d171ab9b604e34124ea,MS,MS,2017-18,2017,2017,7,JUL,2146,metric_tonnes,india_petroleum_consumption.csv,2909,VALID
product-8d171ab9b604e34124ea,MS,MS,2017-18,2017,2017,8,AUG,2191,metric_tonnes,india_petroleum_consumption.csv,2910,VALID
product-8d171ab9b604e34124ea,MS,MS,2017-18,2017,2017,9,SEP,2143,metric_tonnes,india_petroleum_consumption.csv,2911,VALID
product-8d171ab9b604e34124ea,MS,MS,2017-18,2017,2017,10,OCT,2228,metric_tonnes,india_petroleum_consumption.csv,2912,VALID
product-8d171ab9b604e34124ea,MS,MS,2017-18,2017,2017,11,NOV,2132,metric_tonnes,india_petroleum_consumption.csv,2913,VALID
product-8d171ab9b604e34124ea,MS,MS,2017-18,2017,2017,12,DEC,2177,metric_tonnes,india_petroleum_consumption.csv,2914,VALID
product-8d171ab9b604e34124ea,MS,MS,2017-18,2017,2018,1,JAN,2096,metric_tonnes,india_petroleum_consumption.csv,2915,VALID
product-8d171ab9b604e34124ea,MS,MS,2017-18,2017,2018,2,FEB,2088,metric_tonnes,india_petroleum_consumption.csv,2916,VALID
product-8d171ab9b604e34124ea,MS,MS,2017-18,2017,2018,3,MAR,2404,metric_tonnes,india_petroleum_consumption.csv,2917,VALID
product-198fc08108a024c9da45,ATF,ATF,2017-18,2017,2017,4,APR,610,metric_tonnes,india_petroleum_consumption.csv,2918,VALID
product-198fc08108a024c9da45,ATF,ATF,2017-18,2017,2017,5,MAY,627,metric_tonnes,india_petroleum_consumption.csv,2919,VALID
product-198fc08108a024c9da45,ATF,ATF,2017-18,2017,2017,6,JUN,600,metric_tonnes,india_petroleum_consumption.csv,2920,VALID
product-198fc08108a024c9da45,ATF,ATF,2017-18,2017,2017,7,JUL,611,metric_tonnes,india_petroleum_consumption.csv,2921,VALID
product-198fc08108a024c9da45,ATF,ATF,2017-18,2017,2017,8,AUG,613,metric_tonnes,india_petroleum_consumption.csv,2922,VALID
product-198fc08108a024c9da45,ATF,ATF,2017-18,2017,2017,9,SEP,614,metric_tonnes,india_petroleum_consumption.csv,2923,VALID
product-198fc08108a024c9da45,ATF,ATF,2017-18,2017,2017,10,OCT,632,metric_tonnes,india_petroleum_consumption.csv,2924,VALID
product-198fc08108a024c9da45,ATF,ATF,2017-18,2017,2017,11,NOV,650,metric_tonnes,india_petroleum_consumption.csv,2925,VALID
product-198fc08108a024c9da45,ATF,ATF,2017-18,2017,2017,12,DEC,661,metric_tonnes,india_petroleum_consumption.csv,2926,VALID
product-198fc08108a024c9da45,ATF,ATF,2017-18,2017,2018,1,JAN,708,metric_tonnes,india_petroleum_consumption.csv,2927,VALID
product-198fc08108a024c9da45,ATF,ATF,2017-18,2017,2018,2,FEB,615,metric_tonnes,india_petroleum_consumption.csv,2928,VALID
product-198fc08108a024c9da45,ATF,ATF,2017-18,2017,2018,3,MAR,691,metric_tonnes,india_petroleum_consumption.csv,2929,VALID
product-cdf634489bfbff660916,SKO,SKO,2017-18,2017,2017,4,APR,331,metric_tonnes,india_petroleum_consumption.csv,2930,VALID
product-cdf634489bfbff660916,SKO,SKO,2017-18,2017,2017,5,MAY,353,metric_tonnes,india_petroleum_consumption.csv,2931,VALID
product-cdf634489bfbff660916,SKO,SKO,2017-18,2017,2017,6,JUN,357,metric_tonnes,india_petroleum_consumption.csv,2932,VALID
product-cdf634489bfbff660916,SKO,SKO,2017-18,2017,2017,7,JUL,317,metric_tonnes,india_petroleum_consumption.csv,2933,VALID
product-cdf634489bfbff660916,SKO,SKO,2017-18,2017,2017,8,AUG,292,metric_tonnes,india_petroleum_consumption.csv,2934,VALID
product-cdf634489bfbff660916,SKO,SKO,2017-18,2017,2017,9,SEP,333,metric_tonnes,india_petroleum_consumption.csv,2935,VALID
product-cdf634489bfbff660916,SKO,SKO,2017-18,2017,2017,10,OCT,311,metric_tonnes,india_petroleum_consumption.csv,2936,VALID
product-cdf634489bfbff660916,SKO,SKO,2017-18,2017,2017,11,NOV,314,metric_tonnes,india_petroleum_consumption.csv,2937,VALID
product-cdf634489bfbff660916,SKO,SKO,2017-18,2017,2017,12,DEC,325,metric_tonnes,india_petroleum_consumption.csv,2938,VALID
product-cdf634489bfbff660916,SKO,SKO,2017-18,2017,2018,1,JAN,318,metric_tonnes,india_petroleum_consumption.csv,2939,VALID
product-cdf634489bfbff660916,SKO,SKO,2017-18,2017,2018,2,FEB,309,metric_tonnes,india_petroleum_consumption.csv,2940,VALID
product-cdf634489bfbff660916,SKO,SKO,2017-18,2017,2018,3,MAR,283,metric_tonnes,india_petroleum_consumption.csv,2941,VALID
product-a81277714f19fd11a0e0,HSD,HSD,2017-18,2017,2017,4,APR,6971,metric_tonnes,india_petroleum_consumption.csv,2942,VALID
product-a81277714f19fd11a0e0,HSD,HSD,2017-18,2017,2017,5,MAY,7527,metric_tonnes,india_petroleum_consumption.csv,2943,VALID
product-a81277714f19fd11a0e0,HSD,HSD,2017-18,2017,2017,6,JUN,6800,metric_tonnes,india_petroleum_consumption.csv,2944,VALID
product-a81277714f19fd11a0e0,HSD,HSD,2017-18,2017,2017,7,JUL,6302,metric_tonnes,india_petroleum_consumption.csv,2945,VALID
product-a81277714f19fd11a0e0,HSD,HSD,2017-18,2017,2017,8,AUG,5919,metric_tonnes,india_petroleum_consumption.csv,2946,VALID
product-a81277714f19fd11a0e0,HSD,HSD,2017-18,2017,2017,9,SEP,6075,metric_tonnes,india_petroleum_consumption.csv,2947,VALID
product-a81277714f19fd11a0e0,HSD,HSD,2017-18,2017,2017,10,OCT,6547,metric_tonnes,india_petroleum_consumption.csv,2948,VALID
product-a81277714f19fd11a0e0,HSD,HSD,2017-18,2017,2017,11,NOV,7270,metric_tonnes,india_petroleum_consumption.csv,2949,VALID
product-a81277714f19fd11a0e0,HSD,HSD,2017-18,2017,2017,12,DEC,7120,metric_tonnes,india_petroleum_consumption.csv,2950,VALID
product-a81277714f19fd11a0e0,HSD,HSD,2017-18,2017,2018,1,JAN,6653,metric_tonnes,india_petroleum_consumption.csv,2951,VALID
product-a81277714f19fd11a0e0,HSD,HSD,2017-18,2017,2018,2,FEB,6540,metric_tonnes,india_petroleum_consumption.csv,2952,VALID
product-a81277714f19fd11a0e0,HSD,HSD,2017-18,2017,2018,3,MAR,7349,metric_tonnes,india_petroleum_consumption.csv,2953,VALID
product-1fe5626b86832387d536,LDO,LDO,2017-18,2017,2017,4,APR,39,metric_tonnes,india_petroleum_consumption.csv,2954,VALID
product-1fe5626b86832387d536,LDO,LDO,2017-18,2017,2017,5,MAY,32,metric_tonnes,india_petroleum_consumption.csv,2955,VALID
product-1fe5626b86832387d536,LDO,LDO,2017-18,2017,2017,6,JUN,35,metric_tonnes,india_petroleum_consumption.csv,2956,VALID
product-1fe5626b86832387d536,LDO,LDO,2017-18,2017,2017,7,JUL,38,metric_tonnes,india_petroleum_consumption.csv,2957,VALID
product-1fe5626b86832387d536,LDO,LDO,2017-18,2017,2017,8,AUG,37,metric_tonnes,india_petroleum_consumption.csv,2958,VALID
product-1fe5626b86832387d536,LDO,LDO,2017-18,2017,2017,9,SEP,43,metric_tonnes,india_petroleum_consumption.csv,2959,VALID
product-1fe5626b86832387d536,LDO,LDO,2017-18,2017,2017,10,OCT,31,metric_tonnes,india_petroleum_consumption.csv,2960,VALID
product-1fe5626b86832387d536,LDO,LDO,2017-18,2017,2017,11,NOV,53,metric_tonnes,india_petroleum_consumption.csv,2961,VALID
product-1fe5626b86832387d536,LDO,LDO,2017-18,2017,2017,12,DEC,63,metric_tonnes,india_petroleum_consumption.csv,2962,VALID
product-1fe5626b86832387d536,LDO,LDO,2017-18,2017,2018,1,JAN,55,metric_tonnes,india_petroleum_consumption.csv,2963,VALID
product-1fe5626b86832387d536,LDO,LDO,2017-18,2017,2018,2,FEB,47,metric_tonnes,india_petroleum_consumption.csv,2964,VALID
product-1fe5626b86832387d536,LDO,LDO,2017-18,2017,2018,3,MAR,51,metric_tonnes,india_petroleum_consumption.csv,2965,VALID
product-95702a7f9ab5e32d6bf4,Lubricants & Greases,Lubricants & Greases,2017-18,2017,2017,4,APR,284,metric_tonnes,india_petroleum_consumption.csv,2966,VALID
product-95702a7f9ab5e32d6bf4,Lubricants & Greases,Lubricants & Greases,2017-18,2017,2017,5,MAY,271,metric_tonnes,india_petroleum_consumption.csv,2967,VALID
product-95702a7f9ab5e32d6bf4,Lubricants & Greases,Lubricants & Greases,2017-18,2017,2017,6,JUN,276,metric_tonnes,india_petroleum_consumption.csv,2968,VALID
product-95702a7f9ab5e32d6bf4,Lubricants & Greases,Lubricants & Greases,2017-18,2017,2017,7,JUL,265,metric_tonnes,india_petroleum_consumption.csv,2969,VALID
product-95702a7f9ab5e32d6bf4,Lubricants & Greases,Lubricants & Greases,2017-18,2017,2017,8,AUG,251,metric_tonnes,india_petroleum_consumption.csv,2970,VALID
product-95702a7f9ab5e32d6bf4,Lubricants & Greases,Lubricants & Greases,2017-18,2017,2017,9,SEP,325,metric_tonnes,india_petroleum_consumption.csv,2971,VALID
product-95702a7f9ab5e32d6bf4,Lubricants & Greases,Lubricants & Greases,2017-18,2017,2017,10,OCT,345,metric_tonnes,india_petroleum_consumption.csv,2972,VALID
product-95702a7f9ab5e32d6bf4,Lubricants & Greases,Lubricants & Greases,2017-18,2017,2017,11,NOV,348,metric_tonnes,india_petroleum_consumption.csv,2973,VALID
product-95702a7f9ab5e32d6bf4,Lubricants & Greases,Lubricants & Greases,2017-18,2017,2017,12,DEC,345,metric_tonnes,india_petroleum_consumption.csv,2974,VALID
product-95702a7f9ab5e32d6bf4,Lubricants & Greases,Lubricants & Greases,2017-18,2017,2018,1,JAN,349,metric_tonnes,india_petroleum_consumption.csv,2975,VALID
product-95702a7f9ab5e32d6bf4,Lubricants & Greases,Lubricants & Greases,2017-18,2017,2018,2,FEB,405,metric_tonnes,india_petroleum_consumption.csv,2976,VALID
product-95702a7f9ab5e32d6bf4,Lubricants & Greases,Lubricants & Greases,2017-18,2017,2018,3,MAR,421,metric_tonnes,india_petroleum_consumption.csv,2977,VALID
product-795922ede07e28180caa,FO & LSHS,FO & LSHS,2017-18,2017,2017,4,APR,603,metric_tonnes,india_petroleum_consumption.csv,2978,VALID
product-795922ede07e28180caa,FO & LSHS,FO & LSHS,2017-18,2017,2017,5,MAY,677,metric_tonnes,india_petroleum_consumption.csv,2979,VALID
product-795922ede07e28180caa,FO & LSHS,FO & LSHS,2017-18,2017,2017,6,JUN,522,metric_tonnes,india_petroleum_consumption.csv,2980,VALID
product-795922ede07e28180caa,FO & LSHS,FO & LSHS,2017-18,2017,2017,7,JUL,565,metric_tonnes,india_petroleum_consumption.csv,2981,VALID
product-795922ede07e28180caa,FO & LSHS,FO & LSHS,2017-18,2017,2017,8,AUG,521,metric_tonnes,india_petroleum_consumption.csv,2982,VALID
product-795922ede07e28180caa,FO & LSHS,FO & LSHS,2017-18,2017,2017,9,SEP,559,metric_tonnes,india_petroleum_consumption.csv,2983,VALID
product-795922ede07e28180caa,FO & LSHS,FO & LSHS,2017-18,2017,2017,10,OCT,558,metric_tonnes,india_petroleum_consumption.csv,2984,VALID
product-795922ede07e28180caa,FO & LSHS,FO & LSHS,2017-18,2017,2017,11,NOV,538,metric_tonnes,india_petroleum_consumption.csv,2985,VALID
product-795922ede07e28180caa,FO & LSHS,FO & LSHS,2017-18,2017,2017,12,DEC,542,metric_tonnes,india_petroleum_consumption.csv,2986,VALID
product-795922ede07e28180caa,FO & LSHS,FO & LSHS,2017-18,2017,2018,1,JAN,584,metric_tonnes,india_petroleum_consumption.csv,2987,VALID
product-795922ede07e28180caa,FO & LSHS,FO & LSHS,2017-18,2017,2018,2,FEB,508,metric_tonnes,india_petroleum_consumption.csv,2988,VALID
product-795922ede07e28180caa,FO & LSHS,FO & LSHS,2017-18,2017,2018,3,MAR,544,metric_tonnes,india_petroleum_consumption.csv,2989,VALID
product-790810d5c5602dbecaf2,Bitumen,Bitumen,2017-18,2017,2017,4,APR,573,metric_tonnes,india_petroleum_consumption.csv,2990,VALID
product-790810d5c5602dbecaf2,Bitumen,Bitumen,2017-18,2017,2017,5,MAY,686,metric_tonnes,india_petroleum_consumption.csv,2991,VALID
product-790810d5c5602dbecaf2,Bitumen,Bitumen,2017-18,2017,2017,6,JUN,451,metric_tonnes,india_petroleum_consumption.csv,2992,VALID
product-790810d5c5602dbecaf2,Bitumen,Bitumen,2017-18,2017,2017,7,JUL,207,metric_tonnes,india_petroleum_consumption.csv,2993,VALID
product-790810d5c5602dbecaf2,Bitumen,Bitumen,2017-18,2017,2017,8,AUG,212,metric_tonnes,india_petroleum_consumption.csv,2994,VALID
product-790810d5c5602dbecaf2,Bitumen,Bitumen,2017-18,2017,2017,9,SEP,275,metric_tonnes,india_petroleum_consumption.csv,2995,VALID
product-790810d5c5602dbecaf2,Bitumen,Bitumen,2017-18,2017,2017,10,OCT,396,metric_tonnes,india_petroleum_consumption.csv,2996,VALID
product-790810d5c5602dbecaf2,Bitumen,Bitumen,2017-18,2017,2017,11,NOV,612,metric_tonnes,india_petroleum_consumption.csv,2997,VALID
product-790810d5c5602dbecaf2,Bitumen,Bitumen,2017-18,2017,2017,12,DEC,627,metric_tonnes,india_petroleum_consumption.csv,2998,VALID
product-790810d5c5602dbecaf2,Bitumen,Bitumen,2017-18,2017,2018,1,JAN,570,metric_tonnes,india_petroleum_consumption.csv,2999,VALID
product-790810d5c5602dbecaf2,Bitumen,Bitumen,2017-18,2017,2018,2,FEB,677,metric_tonnes,india_petroleum_consumption.csv,3000,VALID
product-790810d5c5602dbecaf2,Bitumen,Bitumen,2017-18,2017,2018,3,MAR,799,metric_tonnes,india_petroleum_consumption.csv,3001,VALID
product-64fce74e71066b7ec4cf,Petroleum coke,Petroleum coke,2017-18,2017,2017,4,APR,2326,metric_tonnes,india_petroleum_consumption.csv,3002,VALID
product-64fce74e71066b7ec4cf,Petroleum coke,Petroleum coke,2017-18,2017,2017,5,MAY,2234,metric_tonnes,india_petroleum_consumption.csv,3003,VALID
product-64fce74e71066b7ec4cf,Petroleum coke,Petroleum coke,2017-18,2017,2017,6,JUN,1892,metric_tonnes,india_petroleum_consumption.csv,3004,VALID
product-64fce74e71066b7ec4cf,Petroleum coke,Petroleum coke,2017-18,2017,2017,7,JUL,2211,metric_tonnes,india_petroleum_consumption.csv,3005,VALID
product-64fce74e71066b7ec4cf,Petroleum coke,Petroleum coke,2017-18,2017,2017,8,AUG,2746,metric_tonnes,india_petroleum_consumption.csv,3006,VALID
product-64fce74e71066b7ec4cf,Petroleum coke,Petroleum coke,2017-18,2017,2017,9,SEP,2227,metric_tonnes,india_petroleum_consumption.csv,3007,VALID
product-64fce74e71066b7ec4cf,Petroleum coke,Petroleum coke,2017-18,2017,2017,10,OCT,2300,metric_tonnes,india_petroleum_consumption.csv,3008,VALID
product-64fce74e71066b7ec4cf,Petroleum coke,Petroleum coke,2017-18,2017,2017,11,NOV,1899,metric_tonnes,india_petroleum_consumption.csv,3009,VALID
product-64fce74e71066b7ec4cf,Petroleum coke,Petroleum coke,2017-18,2017,2017,12,DEC,2221,metric_tonnes,india_petroleum_consumption.csv,3010,VALID
product-64fce74e71066b7ec4cf,Petroleum coke,Petroleum coke,2017-18,2017,2018,1,JAN,1796,metric_tonnes,india_petroleum_consumption.csv,3011,VALID
product-64fce74e71066b7ec4cf,Petroleum coke,Petroleum coke,2017-18,2017,2018,2,FEB,1866,metric_tonnes,india_petroleum_consumption.csv,3012,VALID
product-64fce74e71066b7ec4cf,Petroleum coke,Petroleum coke,2017-18,2017,2018,3,MAR,1937,metric_tonnes,india_petroleum_consumption.csv,3013,VALID
product-896a0734e71eaafd55e7,Others,Others,2017-18,2017,2017,4,APR,581,metric_tonnes,india_petroleum_consumption.csv,3014,VALID
product-896a0734e71eaafd55e7,Others,Others,2017-18,2017,2017,5,MAY,593,metric_tonnes,india_petroleum_consumption.csv,3015,VALID
product-896a0734e71eaafd55e7,Others,Others,2017-18,2017,2017,6,JUN,649,metric_tonnes,india_petroleum_consumption.csv,3016,VALID
product-896a0734e71eaafd55e7,Others,Others,2017-18,2017,2017,7,JUL,668,metric_tonnes,india_petroleum_consumption.csv,3017,VALID
product-896a0734e71eaafd55e7,Others,Others,2017-18,2017,2017,8,AUG,639,metric_tonnes,india_petroleum_consumption.csv,3018,VALID
product-896a0734e71eaafd55e7,Others,Others,2017-18,2017,2017,9,SEP,653,metric_tonnes,india_petroleum_consumption.csv,3019,VALID
product-896a0734e71eaafd55e7,Others,Others,2017-18,2017,2017,10,OCT,808,metric_tonnes,india_petroleum_consumption.csv,3020,VALID
product-896a0734e71eaafd55e7,Others,Others,2017-18,2017,2017,11,NOV,669,metric_tonnes,india_petroleum_consumption.csv,3021,VALID
product-896a0734e71eaafd55e7,Others,Others,2017-18,2017,2017,12,DEC,692,metric_tonnes,india_petroleum_consumption.csv,3022,VALID
product-896a0734e71eaafd55e7,Others,Others,2017-18,2017,2018,1,JAN,747,metric_tonnes,india_petroleum_consumption.csv,3023,VALID
product-896a0734e71eaafd55e7,Others,Others,2017-18,2017,2018,2,FEB,755,metric_tonnes,india_petroleum_consumption.csv,3024,VALID
product-896a0734e71eaafd55e7,Others,Others,2017-18,2017,2018,3,MAR,885,metric_tonnes,india_petroleum_consumption.csv,3025,VALID
product-5575ab85b7b20e8c4793,LPG,LPG,2018-19,2018,2018,4,APR,1864,metric_tonnes,india_petroleum_consumption.csv,3026,VALID
product-5575ab85b7b20e8c4793,LPG,LPG,2018-19,2018,2018,5,MAY,2050,metric_tonnes,india_petroleum_consumption.csv,3027,VALID
product-5575ab85b7b20e8c4793,LPG,LPG,2018-19,2018,2018,6,JUN,1930,metric_tonnes,india_petroleum_consumption.csv,3028,VALID
product-5575ab85b7b20e8c4793,LPG,LPG,2018-19,2018,2018,7,JUL,2033,metric_tonnes,india_petroleum_consumption.csv,3029,VALID
product-5575ab85b7b20e8c4793,LPG,LPG,2018-19,2018,2018,8,AUG,2120,metric_tonnes,india_petroleum_consumption.csv,3030,VALID
product-5575ab85b7b20e8c4793,LPG,LPG,2018-19,2018,2018,9,SEP,2060,metric_tonnes,india_petroleum_consumption.csv,3031,VALID
product-5575ab85b7b20e8c4793,LPG,LPG,2018-19,2018,2018,10,OCT,2064,metric_tonnes,india_petroleum_consumption.csv,3032,VALID
product-5575ab85b7b20e8c4793,LPG,LPG,2018-19,2018,2018,11,NOV,1841,metric_tonnes,india_petroleum_consumption.csv,3033,VALID
product-5575ab85b7b20e8c4793,LPG,LPG,2018-19,2018,2018,12,DEC,2165,metric_tonnes,india_petroleum_consumption.csv,3034,VALID
product-5575ab85b7b20e8c4793,LPG,LPG,2018-19,2018,2019,1,JAN,2309,metric_tonnes,india_petroleum_consumption.csv,3035,VALID
product-5575ab85b7b20e8c4793,LPG,LPG,2018-19,2018,2019,2,FEB,2210,metric_tonnes,india_petroleum_consumption.csv,3036,VALID
product-5575ab85b7b20e8c4793,LPG,LPG,2018-19,2018,2019,3,MAR,2262,metric_tonnes,india_petroleum_consumption.csv,3037,VALID
product-352b4599428c13efa359,Naphtha,Naphtha,2018-19,2018,2018,4,APR,1163,metric_tonnes,india_petroleum_consumption.csv,3038,VALID
product-352b4599428c13efa359,Naphtha,Naphtha,2018-19,2018,2018,5,MAY,975,metric_tonnes,india_petroleum_consumption.csv,3039,VALID
product-352b4599428c13efa359,Naphtha,Naphtha,2018-19,2018,2018,6,JUN,1094,metric_tonnes,india_petroleum_consumption.csv,3040,VALID
product-352b4599428c13efa359,Naphtha,Naphtha,2018-19,2018,2018,7,JUL,1301,metric_tonnes,india_petroleum_consumption.csv,3041,VALID
product-352b4599428c13efa359,Naphtha,Naphtha,2018-19,2018,2018,8,AUG,1108,metric_tonnes,india_petroleum_consumption.csv,3042,VALID
product-352b4599428c13efa359,Naphtha,Naphtha,2018-19,2018,2018,9,SEP,1139,metric_tonnes,india_petroleum_consumption.csv,3043,VALID
product-352b4599428c13efa359,Naphtha,Naphtha,2018-19,2018,2018,10,OCT,1340,metric_tonnes,india_petroleum_consumption.csv,3044,VALID
product-352b4599428c13efa359,Naphtha,Naphtha,2018-19,2018,2018,11,NOV,1223,metric_tonnes,india_petroleum_consumption.csv,3045,VALID
product-352b4599428c13efa359,Naphtha,Naphtha,2018-19,2018,2018,12,DEC,1300,metric_tonnes,india_petroleum_consumption.csv,3046,VALID
product-352b4599428c13efa359,Naphtha,Naphtha,2018-19,2018,2019,1,JAN,1092,metric_tonnes,india_petroleum_consumption.csv,3047,VALID
product-352b4599428c13efa359,Naphtha,Naphtha,2018-19,2018,2019,2,FEB,1199,metric_tonnes,india_petroleum_consumption.csv,3048,VALID
product-352b4599428c13efa359,Naphtha,Naphtha,2018-19,2018,2019,3,MAR,1198,metric_tonnes,india_petroleum_consumption.csv,3049,VALID
product-8d171ab9b604e34124ea,MS,MS,2018-19,2018,2018,4,APR,2284,metric_tonnes,india_petroleum_consumption.csv,3050,VALID
product-8d171ab9b604e34124ea,MS,MS,2018-19,2018,2018,5,MAY,2457,metric_tonnes,india_petroleum_consumption.csv,3051,VALID
product-8d171ab9b604e34124ea,MS,MS,2018-19,2018,2018,6,JUN,2379,metric_tonnes,india_petroleum_consumption.csv,3052,VALID
product-8d171ab9b604e34124ea,MS,MS,2018-19,2018,2018,7,JUL,2316,metric_tonnes,india_petroleum_consumption.csv,3053,VALID
product-8d171ab9b604e34124ea,MS,MS,2018-19,2018,2018,8,AUG,2363,metric_tonnes,india_petroleum_consumption.csv,3054,VALID
product-8d171ab9b604e34124ea,MS,MS,2018-19,2018,2018,9,SEP,2233,metric_tonnes,india_petroleum_consumption.csv,3055,VALID
product-8d171ab9b604e34124ea,MS,MS,2018-19,2018,2018,10,OCT,2332,metric_tonnes,india_petroleum_consumption.csv,3056,VALID
product-8d171ab9b604e34124ea,MS,MS,2018-19,2018,2018,11,NOV,2319,metric_tonnes,india_petroleum_consumption.csv,3057,VALID
product-8d171ab9b604e34124ea,MS,MS,2018-19,2018,2018,12,DEC,2395,metric_tonnes,india_petroleum_consumption.csv,3058,VALID
product-8d171ab9b604e34124ea,MS,MS,2018-19,2018,2019,1,JAN,2374,metric_tonnes,india_petroleum_consumption.csv,3059,VALID
product-8d171ab9b604e34124ea,MS,MS,2018-19,2018,2019,2,FEB,2257,metric_tonnes,india_petroleum_consumption.csv,3060,VALID
product-8d171ab9b604e34124ea,MS,MS,2018-19,2018,2019,3,MAR,2578,metric_tonnes,india_petroleum_consumption.csv,3061,VALID
product-198fc08108a024c9da45,ATF,ATF,2018-19,2018,2018,4,APR,709,metric_tonnes,india_petroleum_consumption.csv,3062,VALID
product-198fc08108a024c9da45,ATF,ATF,2018-19,2018,2018,5,MAY,681,metric_tonnes,india_petroleum_consumption.csv,3063,VALID
product-198fc08108a024c9da45,ATF,ATF,2018-19,2018,2018,6,JUN,670,metric_tonnes,india_petroleum_consumption.csv,3064,VALID
product-198fc08108a024c9da45,ATF,ATF,2018-19,2018,2018,7,JUL,680,metric_tonnes,india_petroleum_consumption.csv,3065,VALID
product-198fc08108a024c9da45,ATF,ATF,2018-19,2018,2018,8,AUG,686,metric_tonnes,india_petroleum_consumption.csv,3066,VALID
product-198fc08108a024c9da45,ATF,ATF,2018-19,2018,2018,9,SEP,677,metric_tonnes,india_petroleum_consumption.csv,3067,VALID
product-198fc08108a024c9da45,ATF,ATF,2018-19,2018,2018,10,OCT,706,metric_tonnes,india_petroleum_consumption.csv,3068,VALID
product-198fc08108a024c9da45,ATF,ATF,2018-19,2018,2018,11,NOV,678,metric_tonnes,india_petroleum_consumption.csv,3069,VALID
product-198fc08108a024c9da45,ATF,ATF,2018-19,2018,2018,12,DEC,720,metric_tonnes,india_petroleum_consumption.csv,3070,VALID
product-198fc08108a024c9da45,ATF,ATF,2018-19,2018,2019,1,JAN,722,metric_tonnes,india_petroleum_consumption.csv,3071,VALID
product-198fc08108a024c9da45,ATF,ATF,2018-19,2018,2019,2,FEB,656,metric_tonnes,india_petroleum_consumption.csv,3072,VALID
product-198fc08108a024c9da45,ATF,ATF,2018-19,2018,2019,3,MAR,716,metric_tonnes,india_petroleum_consumption.csv,3073,VALID
product-cdf634489bfbff660916,SKO,SKO,2018-19,2018,2018,4,APR,307,metric_tonnes,india_petroleum_consumption.csv,3074,VALID
product-cdf634489bfbff660916,SKO,SKO,2018-19,2018,2018,5,MAY,283,metric_tonnes,india_petroleum_consumption.csv,3075,VALID
product-cdf634489bfbff660916,SKO,SKO,2018-19,2018,2018,6,JUN,314,metric_tonnes,india_petroleum_consumption.csv,3076,VALID
product-cdf634489bfbff660916,SKO,SKO,2018-19,2018,2018,7,JUL,292,metric_tonnes,india_petroleum_consumption.csv,3077,VALID
product-cdf634489bfbff660916,SKO,SKO,2018-19,2018,2018,8,AUG,305,metric_tonnes,india_petroleum_consumption.csv,3078,VALID
product-cdf634489bfbff660916,SKO,SKO,2018-19,2018,2018,9,SEP,283,metric_tonnes,india_petroleum_consumption.csv,3079,VALID
product-cdf634489bfbff660916,SKO,SKO,2018-19,2018,2018,10,OCT,289,metric_tonnes,india_petroleum_consumption.csv,3080,VALID
product-cdf634489bfbff660916,SKO,SKO,2018-19,2018,2018,11,NOV,278,metric_tonnes,india_petroleum_consumption.csv,3081,VALID
product-cdf634489bfbff660916,SKO,SKO,2018-19,2018,2018,12,DEC,280,metric_tonnes,india_petroleum_consumption.csv,3082,VALID
product-cdf634489bfbff660916,SKO,SKO,2018-19,2018,2019,1,JAN,266,metric_tonnes,india_petroleum_consumption.csv,3083,VALID
product-cdf634489bfbff660916,SKO,SKO,2018-19,2018,2019,2,FEB,272,metric_tonnes,india_petroleum_consumption.csv,3084,VALID
product-cdf634489bfbff660916,SKO,SKO,2018-19,2018,2019,3,MAR,291,metric_tonnes,india_petroleum_consumption.csv,3085,VALID
product-a81277714f19fd11a0e0,HSD,HSD,2018-19,2018,2018,4,APR,7173,metric_tonnes,india_petroleum_consumption.csv,3086,VALID
product-a81277714f19fd11a0e0,HSD,HSD,2018-19,2018,2018,5,MAY,7567,metric_tonnes,india_petroleum_consumption.csv,3087,VALID
product-a81277714f19fd11a0e0,HSD,HSD,2018-19,2018,2018,6,JUN,7342,metric_tonnes,india_petroleum_consumption.csv,3088,VALID
product-a81277714f19fd11a0e0,HSD,HSD,2018-19,2018,2018,7,JUL,6610,metric_tonnes,india_petroleum_consumption.csv,3089,VALID
product-a81277714f19fd11a0e0,HSD,HSD,2018-19,2018,2018,8,AUG,6187,metric_tonnes,india_petroleum_consumption.csv,3090,VALID
product-a81277714f19fd11a0e0,HSD,HSD,2018-19,2018,2018,9,SEP,6027,metric_tonnes,india_petroleum_consumption.csv,3091,VALID
product-a81277714f19fd11a0e0,HSD,HSD,2018-19,2018,2018,10,OCT,7024,metric_tonnes,india_petroleum_consumption.csv,3092,VALID
product-a81277714f19fd11a0e0,HSD,HSD,2018-19,2018,2018,11,NOV,6941,metric_tonnes,india_petroleum_consumption.csv,3093,VALID
product-a81277714f19fd11a0e0,HSD,HSD,2018-19,2018,2018,12,DEC,7389,metric_tonnes,india_petroleum_consumption.csv,3094,VALID
product-a81277714f19fd11a0e0,HSD,HSD,2018-19,2018,2019,1,JAN,7072,metric_tonnes,india_petroleum_consumption.csv,3095,VALID
product-a81277714f19fd11a0e0,HSD,HSD,2018-19,2018,2019,2,FEB,6737,metric_tonnes,india_petroleum_consumption.csv,3096,VALID
product-a81277714f19fd11a0e0,HSD,HSD,2018-19,2018,2019,3,MAR,7459,metric_tonnes,india_petroleum_consumption.csv,3097,VALID
product-1fe5626b86832387d536,LDO,LDO,2018-19,2018,2018,4,APR,56,metric_tonnes,india_petroleum_consumption.csv,3098,VALID
product-1fe5626b86832387d536,LDO,LDO,2018-19,2018,2018,5,MAY,43,metric_tonnes,india_petroleum_consumption.csv,3099,VALID
product-1fe5626b86832387d536,LDO,LDO,2018-19,2018,2018,6,JUN,44,metric_tonnes,india_petroleum_consumption.csv,3100,VALID
product-1fe5626b86832387d536,LDO,LDO,2018-19,2018,2018,7,JUL,44,metric_tonnes,india_petroleum_consumption.csv,3101,VALID
product-1fe5626b86832387d536,LDO,LDO,2018-19,2018,2018,8,AUG,47,metric_tonnes,india_petroleum_consumption.csv,3102,VALID
product-1fe5626b86832387d536,LDO,LDO,2018-19,2018,2018,9,SEP,45,metric_tonnes,india_petroleum_consumption.csv,3103,VALID
product-1fe5626b86832387d536,LDO,LDO,2018-19,2018,2018,10,OCT,49,metric_tonnes,india_petroleum_consumption.csv,3104,VALID
product-1fe5626b86832387d536,LDO,LDO,2018-19,2018,2018,11,NOV,48,metric_tonnes,india_petroleum_consumption.csv,3105,VALID
product-1fe5626b86832387d536,LDO,LDO,2018-19,2018,2018,12,DEC,52,metric_tonnes,india_petroleum_consumption.csv,3106,VALID
product-1fe5626b86832387d536,LDO,LDO,2018-19,2018,2019,1,JAN,65,metric_tonnes,india_petroleum_consumption.csv,3107,VALID
product-1fe5626b86832387d536,LDO,LDO,2018-19,2018,2019,2,FEB,60,metric_tonnes,india_petroleum_consumption.csv,3108,VALID
product-1fe5626b86832387d536,LDO,LDO,2018-19,2018,2019,3,MAR,46,metric_tonnes,india_petroleum_consumption.csv,3109,VALID
product-95702a7f9ab5e32d6bf4,Lubricants & Greases,Lubricants & Greases,2018-19,2018,2018,4,APR,194,metric_tonnes,india_petroleum_consumption.csv,3110,VALID
product-95702a7f9ab5e32d6bf4,Lubricants & Greases,Lubricants & Greases,2018-19,2018,2018,5,MAY,289,metric_tonnes,india_petroleum_consumption.csv,3111,VALID
product-95702a7f9ab5e32d6bf4,Lubricants & Greases,Lubricants & Greases,2018-19,2018,2018,6,JUN,335,metric_tonnes,india_petroleum_consumption.csv,3112,VALID
product-95702a7f9ab5e32d6bf4,Lubricants & Greases,Lubricants & Greases,2018-19,2018,2018,7,JUL,270,metric_tonnes,india_petroleum_consumption.csv,3113,VALID
product-95702a7f9ab5e32d6bf4,Lubricants & Greases,Lubricants & Greases,2018-19,2018,2018,8,AUG,312,metric_tonnes,india_petroleum_consumption.csv,3114,VALID
product-95702a7f9ab5e32d6bf4,Lubricants & Greases,Lubricants & Greases,2018-19,2018,2018,9,SEP,274,metric_tonnes,india_petroleum_consumption.csv,3115,VALID
product-95702a7f9ab5e32d6bf4,Lubricants & Greases,Lubricants & Greases,2018-19,2018,2018,10,OCT,351,metric_tonnes,india_petroleum_consumption.csv,3116,VALID
product-95702a7f9ab5e32d6bf4,Lubricants & Greases,Lubricants & Greases,2018-19,2018,2018,11,NOV,303,metric_tonnes,india_petroleum_consumption.csv,3117,VALID
product-95702a7f9ab5e32d6bf4,Lubricants & Greases,Lubricants & Greases,2018-19,2018,2018,12,DEC,301,metric_tonnes,india_petroleum_consumption.csv,3118,VALID
product-95702a7f9ab5e32d6bf4,Lubricants & Greases,Lubricants & Greases,2018-19,2018,2019,1,JAN,292,metric_tonnes,india_petroleum_consumption.csv,3119,VALID
product-95702a7f9ab5e32d6bf4,Lubricants & Greases,Lubricants & Greases,2018-19,2018,2019,2,FEB,294,metric_tonnes,india_petroleum_consumption.csv,3120,VALID
product-95702a7f9ab5e32d6bf4,Lubricants & Greases,Lubricants & Greases,2018-19,2018,2019,3,MAR,455,metric_tonnes,india_petroleum_consumption.csv,3121,VALID
product-795922ede07e28180caa,FO & LSHS,FO & LSHS,2018-19,2018,2018,4,APR,556,metric_tonnes,india_petroleum_consumption.csv,3122,VALID
product-795922ede07e28180caa,FO & LSHS,FO & LSHS,2018-19,2018,2018,5,MAY,523,metric_tonnes,india_petroleum_consumption.csv,3123,VALID
product-795922ede07e28180caa,FO & LSHS,FO & LSHS,2018-19,2018,2018,6,JUN,552,metric_tonnes,india_petroleum_consumption.csv,3124,VALID
product-795922ede07e28180caa,FO & LSHS,FO & LSHS,2018-19,2018,2018,7,JUL,509,metric_tonnes,india_petroleum_consumption.csv,3125,VALID
product-795922ede07e28180caa,FO & LSHS,FO & LSHS,2018-19,2018,2018,8,AUG,595,metric_tonnes,india_petroleum_consumption.csv,3126,VALID
product-795922ede07e28180caa,FO & LSHS,FO & LSHS,2018-19,2018,2018,9,SEP,546,metric_tonnes,india_petroleum_consumption.csv,3127,VALID
product-795922ede07e28180caa,FO & LSHS,FO & LSHS,2018-19,2018,2018,10,OCT,555,metric_tonnes,india_petroleum_consumption.csv,3128,VALID
product-795922ede07e28180caa,FO & LSHS,FO & LSHS,2018-19,2018,2018,11,NOV,491,metric_tonnes,india_petroleum_consumption.csv,3129,VALID
product-795922ede07e28180caa,FO & LSHS,FO & LSHS,2018-19,2018,2018,12,DEC,621,metric_tonnes,india_petroleum_consumption.csv,3130,VALID
product-795922ede07e28180caa,FO & LSHS,FO & LSHS,2018-19,2018,2019,1,JAN,548,metric_tonnes,india_petroleum_consumption.csv,3131,VALID
product-795922ede07e28180caa,FO & LSHS,FO & LSHS,2018-19,2018,2019,2,FEB,530,metric_tonnes,india_petroleum_consumption.csv,3132,VALID
product-795922ede07e28180caa,FO & LSHS,FO & LSHS,2018-19,2018,2019,3,MAR,538,metric_tonnes,india_petroleum_consumption.csv,3133,VALID
product-790810d5c5602dbecaf2,Bitumen,Bitumen,2018-19,2018,2018,4,APR,692,metric_tonnes,india_petroleum_consumption.csv,3134,VALID
product-790810d5c5602dbecaf2,Bitumen,Bitumen,2018-19,2018,2018,5,MAY,721,metric_tonnes,india_petroleum_consumption.csv,3135,VALID
product-790810d5c5602dbecaf2,Bitumen,Bitumen,2018-19,2018,2018,6,JUN,558,metric_tonnes,india_petroleum_consumption.csv,3136,VALID
product-790810d5c5602dbecaf2,Bitumen,Bitumen,2018-19,2018,2018,7,JUL,286,metric_tonnes,india_petroleum_consumption.csv,3137,VALID
product-790810d5c5602dbecaf2,Bitumen,Bitumen,2018-19,2018,2018,8,AUG,210,metric_tonnes,india_petroleum_consumption.csv,3138,VALID
product-790810d5c5602dbecaf2,Bitumen,Bitumen,2018-19,2018,2018,9,SEP,370,metric_tonnes,india_petroleum_consumption.csv,3139,VALID
product-790810d5c5602dbecaf2,Bitumen,Bitumen,2018-19,2018,2018,10,OCT,543,metric_tonnes,india_petroleum_consumption.csv,3140,VALID
product-790810d5c5602dbecaf2,Bitumen,Bitumen,2018-19,2018,2018,11,NOV,495,metric_tonnes,india_petroleum_consumption.csv,3141,VALID
product-790810d5c5602dbecaf2,Bitumen,Bitumen,2018-19,2018,2018,12,DEC,619,metric_tonnes,india_petroleum_consumption.csv,3142,VALID
product-790810d5c5602dbecaf2,Bitumen,Bitumen,2018-19,2018,2019,1,JAN,662,metric_tonnes,india_petroleum_consumption.csv,3143,VALID
product-790810d5c5602dbecaf2,Bitumen,Bitumen,2018-19,2018,2019,2,FEB,661,metric_tonnes,india_petroleum_consumption.csv,3144,VALID
product-790810d5c5602dbecaf2,Bitumen,Bitumen,2018-19,2018,2019,3,MAR,890,metric_tonnes,india_petroleum_consumption.csv,3145,VALID
product-64fce74e71066b7ec4cf,Petroleum coke,Petroleum coke,2018-19,2018,2018,4,APR,1924,metric_tonnes,india_petroleum_consumption.csv,3146,VALID
product-64fce74e71066b7ec4cf,Petroleum coke,Petroleum coke,2018-19,2018,2018,5,MAY,2097,metric_tonnes,india_petroleum_consumption.csv,3147,VALID
product-64fce74e71066b7ec4cf,Petroleum coke,Petroleum coke,2018-19,2018,2018,6,JUN,1899,metric_tonnes,india_petroleum_consumption.csv,3148,VALID
product-64fce74e71066b7ec4cf,Petroleum coke,Petroleum coke,2018-19,2018,2018,7,JUL,1764,metric_tonnes,india_petroleum_consumption.csv,3149,VALID
product-64fce74e71066b7ec4cf,Petroleum coke,Petroleum coke,2018-19,2018,2018,8,AUG,1721,metric_tonnes,india_petroleum_consumption.csv,3150,VALID
product-64fce74e71066b7ec4cf,Petroleum coke,Petroleum coke,2018-19,2018,2018,9,SEP,1469,metric_tonnes,india_petroleum_consumption.csv,3151,VALID
product-64fce74e71066b7ec4cf,Petroleum coke,Petroleum coke,2018-19,2018,2018,10,OCT,1371,metric_tonnes,india_petroleum_consumption.csv,3152,VALID
product-64fce74e71066b7ec4cf,Petroleum coke,Petroleum coke,2018-19,2018,2018,11,NOV,1397,metric_tonnes,india_petroleum_consumption.csv,3153,VALID
product-64fce74e71066b7ec4cf,Petroleum coke,Petroleum coke,2018-19,2018,2018,12,DEC,1922,metric_tonnes,india_petroleum_consumption.csv,3154,VALID
product-64fce74e71066b7ec4cf,Petroleum coke,Petroleum coke,2018-19,2018,2019,1,JAN,2007,metric_tonnes,india_petroleum_consumption.csv,3155,VALID
product-64fce74e71066b7ec4cf,Petroleum coke,Petroleum coke,2018-19,2018,2019,2,FEB,1614,metric_tonnes,india_petroleum_consumption.csv,3156,VALID
product-64fce74e71066b7ec4cf,Petroleum coke,Petroleum coke,2018-19,2018,2019,3,MAR,2160,metric_tonnes,india_petroleum_consumption.csv,3157,VALID
product-896a0734e71eaafd55e7,Others,Others,2018-19,2018,2018,4,APR,830,metric_tonnes,india_petroleum_consumption.csv,3158,VALID
product-896a0734e71eaafd55e7,Others,Others,2018-19,2018,2018,5,MAY,938,metric_tonnes,india_petroleum_consumption.csv,3159,VALID
product-896a0734e71eaafd55e7,Others,Others,2018-19,2018,2018,6,JUN,960,metric_tonnes,india_petroleum_consumption.csv,3160,VALID
product-896a0734e71eaafd55e7,Others,Others,2018-19,2018,2018,7,JUL,988,metric_tonnes,india_petroleum_consumption.csv,3161,VALID
product-896a0734e71eaafd55e7,Others,Others,2018-19,2018,2018,8,AUG,974,metric_tonnes,india_petroleum_consumption.csv,3162,VALID
product-896a0734e71eaafd55e7,Others,Others,2018-19,2018,2018,9,SEP,944,metric_tonnes,india_petroleum_consumption.csv,3163,VALID
product-896a0734e71eaafd55e7,Others,Others,2018-19,2018,2018,10,OCT,1040,metric_tonnes,india_petroleum_consumption.csv,3164,VALID
product-896a0734e71eaafd55e7,Others,Others,2018-19,2018,2018,11,NOV,970,metric_tonnes,india_petroleum_consumption.csv,3165,VALID
product-896a0734e71eaafd55e7,Others,Others,2018-19,2018,2018,12,DEC,1046,metric_tonnes,india_petroleum_consumption.csv,3166,VALID
product-896a0734e71eaafd55e7,Others,Others,2018-19,2018,2019,1,JAN,1110,metric_tonnes,india_petroleum_consumption.csv,3167,VALID
product-896a0734e71eaafd55e7,Others,Others,2018-19,2018,2019,2,FEB,953,metric_tonnes,india_petroleum_consumption.csv,3168,VALID
product-896a0734e71eaafd55e7,Others,Others,2018-19,2018,2019,3,MAR,972,metric_tonnes,india_petroleum_consumption.csv,3169,VALID
product-5575ab85b7b20e8c4793,LPG,LPG,2019-20,2019,2019,4,APR,1900,metric_tonnes,india_petroleum_consumption.csv,3170,VALID
product-5575ab85b7b20e8c4793,LPG,LPG,2019-20,2019,2019,5,MAY,2054,metric_tonnes,india_petroleum_consumption.csv,3171,VALID
product-5575ab85b7b20e8c4793,LPG,LPG,2019-20,2019,2019,6,JUN,1793,metric_tonnes,india_petroleum_consumption.csv,3172,VALID
product-5575ab85b7b20e8c4793,LPG,LPG,2019-20,2019,2019,7,JUL,2219,metric_tonnes,india_petroleum_consumption.csv,3173,VALID
product-5575ab85b7b20e8c4793,LPG,LPG,2019-20,2019,2019,8,AUG,2402,metric_tonnes,india_petroleum_consumption.csv,3174,VALID
product-5575ab85b7b20e8c4793,LPG,LPG,2019-20,2019,2019,9,SEP,2164,metric_tonnes,india_petroleum_consumption.csv,3175,VALID
product-5575ab85b7b20e8c4793,LPG,LPG,2019-20,2019,2019,10,OCT,2348,metric_tonnes,india_petroleum_consumption.csv,3176,VALID
product-5575ab85b7b20e8c4793,LPG,LPG,2019-20,2019,2019,11,NOV,2261,metric_tonnes,india_petroleum_consumption.csv,3177,VALID
product-5575ab85b7b20e8c4793,LPG,LPG,2019-20,2019,2019,12,DEC,2354,metric_tonnes,india_petroleum_consumption.csv,3178,VALID
product-5575ab85b7b20e8c4793,LPG,LPG,2019-20,2019,2020,1,JAN,2435,metric_tonnes,india_petroleum_consumption.csv,3179,VALID
product-5575ab85b7b20e8c4793,LPG,LPG,2019-20,2019,2020,2,FEB,2106,metric_tonnes,india_petroleum_consumption.csv,3180,VALID
product-5575ab85b7b20e8c4793,LPG,LPG,2019-20,2019,2020,3,MAR,2293,metric_tonnes,india_petroleum_consumption.csv,3181,VALID
product-352b4599428c13efa359,Naphtha,Naphtha,2019-20,2019,2019,4,APR,966,metric_tonnes,india_petroleum_consumption.csv,3182,VALID
product-352b4599428c13efa359,Naphtha,Naphtha,2019-20,2019,2019,5,MAY,786,metric_tonnes,india_petroleum_consumption.csv,3183,VALID
product-352b4599428c13efa359,Naphtha,Naphtha,2019-20,2019,2019,6,JUN,983,metric_tonnes,india_petroleum_consumption.csv,3184,VALID
product-352b4599428c13efa359,Naphtha,Naphtha,2019-20,2019,2019,7,JUL,1465,metric_tonnes,india_petroleum_consumption.csv,3185,VALID
product-352b4599428c13efa359,Naphtha,Naphtha,2019-20,2019,2019,8,AUG,1367,metric_tonnes,india_petroleum_consumption.csv,3186,VALID
product-352b4599428c13efa359,Naphtha,Naphtha,2019-20,2019,2019,9,SEP,1102,metric_tonnes,india_petroleum_consumption.csv,3187,VALID
product-352b4599428c13efa359,Naphtha,Naphtha,2019-20,2019,2019,10,OCT,1128,metric_tonnes,india_petroleum_consumption.csv,3188,VALID
product-352b4599428c13efa359,Naphtha,Naphtha,2019-20,2019,2019,11,NOV,1248,metric_tonnes,india_petroleum_consumption.csv,3189,VALID
product-352b4599428c13efa359,Naphtha,Naphtha,2019-20,2019,2019,12,DEC,1272,metric_tonnes,india_petroleum_consumption.csv,3190,VALID
product-352b4599428c13efa359,Naphtha,Naphtha,2019-20,2019,2020,1,JAN,1419,metric_tonnes,india_petroleum_consumption.csv,3191,VALID
product-352b4599428c13efa359,Naphtha,Naphtha,2019-20,2019,2020,2,FEB,1219,metric_tonnes,india_petroleum_consumption.csv,3192,VALID
product-352b4599428c13efa359,Naphtha,Naphtha,2019-20,2019,2020,3,MAR,1312,metric_tonnes,india_petroleum_consumption.csv,3193,VALID
product-8d171ab9b604e34124ea,MS,MS,2019-20,2019,2019,4,APR,2459,metric_tonnes,india_petroleum_consumption.csv,3194,VALID
product-8d171ab9b604e34124ea,MS,MS,2019-20,2019,2019,5,MAY,2737,metric_tonnes,india_petroleum_consumption.csv,3195,VALID
product-8d171ab9b604e34124ea,MS,MS,2019-20,2019,2019,6,JUN,2639,metric_tonnes,india_petroleum_consumption.csv,3196,VALID
product-8d171ab9b604e34124ea,MS,MS,2019-20,2019,2019,7,JUL,2523,metric_tonnes,india_petroleum_consumption.csv,3197,VALID
product-8d171ab9b604e34124ea,MS,MS,2019-20,2019,2019,8,AUG,2575,metric_tonnes,india_petroleum_consumption.csv,3198,VALID
product-8d171ab9b604e34124ea,MS,MS,2019-20,2019,2019,9,SEP,2372,metric_tonnes,india_petroleum_consumption.csv,3199,VALID
product-8d171ab9b604e34124ea,MS,MS,2019-20,2019,2019,10,OCT,2539,metric_tonnes,india_petroleum_consumption.csv,3200,VALID
product-8d171ab9b604e34124ea,MS,MS,2019-20,2019,2019,11,NOV,2535,metric_tonnes,india_petroleum_consumption.csv,3201,VALID
product-8d171ab9b604e34124ea,MS,MS,2019-20,2019,2019,12,DEC,2473,metric_tonnes,india_petroleum_consumption.csv,3202,VALID
product-8d171ab9b604e34124ea,MS,MS,2019-20,2019,2020,1,JAN,2456,metric_tonnes,india_petroleum_consumption.csv,3203,VALID
product-8d171ab9b604e34124ea,MS,MS,2019-20,2019,2020,2,FEB,2511,metric_tonnes,india_petroleum_consumption.csv,3204,VALID
product-8d171ab9b604e34124ea,MS,MS,2019-20,2019,2020,3,MAR,2156,metric_tonnes,india_petroleum_consumption.csv,3205,VALID
product-198fc08108a024c9da45,ATF,ATF,2019-20,2019,2019,4,APR,646,metric_tonnes,india_petroleum_consumption.csv,3206,VALID
product-198fc08108a024c9da45,ATF,ATF,2019-20,2019,2019,5,MAY,680,metric_tonnes,india_petroleum_consumption.csv,3207,VALID
product-198fc08108a024c9da45,ATF,ATF,2019-20,2019,2019,6,JUN,650,metric_tonnes,india_petroleum_consumption.csv,3208,VALID
product-198fc08108a024c9da45,ATF,ATF,2019-20,2019,2019,7,JUL,658,metric_tonnes,india_petroleum_consumption.csv,3209,VALID
product-198fc08108a024c9da45,ATF,ATF,2019-20,2019,2019,8,AUG,666,metric_tonnes,india_petroleum_consumption.csv,3210,VALID
product-198fc08108a024c9da45,ATF,ATF,2019-20,2019,2019,9,SEP,653,metric_tonnes,india_petroleum_consumption.csv,3211,VALID
product-198fc08108a024c9da45,ATF,ATF,2019-20,2019,2019,10,OCT,697,metric_tonnes,india_petroleum_consumption.csv,3212,VALID
product-198fc08108a024c9da45,ATF,ATF,2019-20,2019,2019,11,NOV,709,metric_tonnes,india_petroleum_consumption.csv,3213,VALID
product-198fc08108a024c9da45,ATF,ATF,2019-20,2019,2019,12,DEC,729,metric_tonnes,india_petroleum_consumption.csv,3214,VALID
product-198fc08108a024c9da45,ATF,ATF,2019-20,2019,2020,1,JAN,739,metric_tonnes,india_petroleum_consumption.csv,3215,VALID
product-198fc08108a024c9da45,ATF,ATF,2019-20,2019,2020,2,FEB,689,metric_tonnes,india_petroleum_consumption.csv,3216,VALID
product-198fc08108a024c9da45,ATF,ATF,2019-20,2019,2020,3,MAR,483,metric_tonnes,india_petroleum_consumption.csv,3217,VALID
product-cdf634489bfbff660916,SKO,SKO,2019-20,2019,2019,4,APR,254,metric_tonnes,india_petroleum_consumption.csv,3218,VALID
product-cdf634489bfbff660916,SKO,SKO,2019-20,2019,2019,5,MAY,268,metric_tonnes,india_petroleum_consumption.csv,3219,VALID
product-cdf634489bfbff660916,SKO,SKO,2019-20,2019,2019,6,JUN,260,metric_tonnes,india_petroleum_consumption.csv,3220,VALID
product-cdf634489bfbff660916,SKO,SKO,2019-20,2019,2019,7,JUL,195,metric_tonnes,india_petroleum_consumption.csv,3221,VALID
product-cdf634489bfbff660916,SKO,SKO,2019-20,2019,2019,8,AUG,231,metric_tonnes,india_petroleum_consumption.csv,3222,VALID
product-cdf634489bfbff660916,SKO,SKO,2019-20,2019,2019,9,SEP,176,metric_tonnes,india_petroleum_consumption.csv,3223,VALID
product-cdf634489bfbff660916,SKO,SKO,2019-20,2019,2019,10,OCT,170,metric_tonnes,india_petroleum_consumption.csv,3224,VALID
product-cdf634489bfbff660916,SKO,SKO,2019-20,2019,2019,11,NOV,188,metric_tonnes,india_petroleum_consumption.csv,3225,VALID
product-cdf634489bfbff660916,SKO,SKO,2019-20,2019,2019,12,DEC,153,metric_tonnes,india_petroleum_consumption.csv,3226,VALID
product-cdf634489bfbff660916,SKO,SKO,2019-20,2019,2020,1,JAN,164,metric_tonnes,india_petroleum_consumption.csv,3227,VALID
product-cdf634489bfbff660916,SKO,SKO,2019-20,2019,2020,2,FEB,185,metric_tonnes,india_petroleum_consumption.csv,3228,VALID
product-cdf634489bfbff660916,SKO,SKO,2019-20,2019,2020,3,MAR,152,metric_tonnes,india_petroleum_consumption.csv,3229,VALID
product-a81277714f19fd11a0e0,HSD,HSD,2019-20,2019,2019,4,APR,7324,metric_tonnes,india_petroleum_consumption.csv,3230,VALID
product-a81277714f19fd11a0e0,HSD,HSD,2019-20,2019,2019,5,MAY,7789,metric_tonnes,india_petroleum_consumption.csv,3231,VALID
product-a81277714f19fd11a0e0,HSD,HSD,2019-20,2019,2019,6,JUN,7452,metric_tonnes,india_petroleum_consumption.csv,3232,VALID
product-a81277714f19fd11a0e0,HSD,HSD,2019-20,2019,2019,7,JUL,6842,metric_tonnes,india_petroleum_consumption.csv,3233,VALID
product-a81277714f19fd11a0e0,HSD,HSD,2019-20,2019,2019,8,AUG,6117,metric_tonnes,india_petroleum_consumption.csv,3234,VALID
product-a81277714f19fd11a0e0,HSD,HSD,2019-20,2019,2019,9,SEP,5838,metric_tonnes,india_petroleum_consumption.csv,3235,VALID
product-a81277714f19fd11a0e0,HSD,HSD,2019-20,2019,2019,10,OCT,6510,metric_tonnes,india_petroleum_consumption.csv,3236,VALID
product-a81277714f19fd11a0e0,HSD,HSD,2019-20,2019,2019,11,NOV,7566,metric_tonnes,india_petroleum_consumption.csv,3237,VALID
product-a81277714f19fd11a0e0,HSD,HSD,2019-20,2019,2019,12,DEC,7387,metric_tonnes,india_petroleum_consumption.csv,3238,VALID
product-a81277714f19fd11a0e0,HSD,HSD,2019-20,2019,2020,1,JAN,6956,metric_tonnes,india_petroleum_consumption.csv,3239,VALID
product-a81277714f19fd11a0e0,HSD,HSD,2019-20,2019,2020,2,FEB,7162,metric_tonnes,india_petroleum_consumption.csv,3240,VALID
product-a81277714f19fd11a0e0,HSD,HSD,2019-20,2019,2020,3,MAR,5660,metric_tonnes,india_petroleum_consumption.csv,3241,VALID
product-1fe5626b86832387d536,LDO,LDO,2019-20,2019,2019,4,APR,45,metric_tonnes,india_petroleum_consumption.csv,3242,VALID
product-1fe5626b86832387d536,LDO,LDO,2019-20,2019,2019,5,MAY,49,metric_tonnes,india_petroleum_consumption.csv,3243,VALID
product-1fe5626b86832387d536,LDO,LDO,2019-20,2019,2019,6,JUN,53,metric_tonnes,india_petroleum_consumption.csv,3244,VALID
product-1fe5626b86832387d536,LDO,LDO,2019-20,2019,2019,7,JUL,52,metric_tonnes,india_petroleum_consumption.csv,3245,VALID
product-1fe5626b86832387d536,LDO,LDO,2019-20,2019,2019,8,AUG,63,metric_tonnes,india_petroleum_consumption.csv,3246,VALID
product-1fe5626b86832387d536,LDO,LDO,2019-20,2019,2019,9,SEP,60,metric_tonnes,india_petroleum_consumption.csv,3247,VALID
product-1fe5626b86832387d536,LDO,LDO,2019-20,2019,2019,10,OCT,48,metric_tonnes,india_petroleum_consumption.csv,3248,VALID
product-1fe5626b86832387d536,LDO,LDO,2019-20,2019,2019,11,NOV,51,metric_tonnes,india_petroleum_consumption.csv,3249,VALID
product-1fe5626b86832387d536,LDO,LDO,2019-20,2019,2019,12,DEC,46,metric_tonnes,india_petroleum_consumption.csv,3250,VALID
product-1fe5626b86832387d536,LDO,LDO,2019-20,2019,2020,1,JAN,57,metric_tonnes,india_petroleum_consumption.csv,3251,VALID
product-1fe5626b86832387d536,LDO,LDO,2019-20,2019,2020,2,FEB,54,metric_tonnes,india_petroleum_consumption.csv,3252,VALID
product-1fe5626b86832387d536,LDO,LDO,2019-20,2019,2020,3,MAR,49,metric_tonnes,india_petroleum_consumption.csv,3253,VALID
product-95702a7f9ab5e32d6bf4,Lubricants & Greases,Lubricants & Greases,2019-20,2019,2019,4,APR,265,metric_tonnes,india_petroleum_consumption.csv,3254,VALID
product-95702a7f9ab5e32d6bf4,Lubricants & Greases,Lubricants & Greases,2019-20,2019,2019,5,MAY,363,metric_tonnes,india_petroleum_consumption.csv,3255,VALID
product-95702a7f9ab5e32d6bf4,Lubricants & Greases,Lubricants & Greases,2019-20,2019,2019,6,JUN,301,metric_tonnes,india_petroleum_consumption.csv,3256,VALID
product-95702a7f9ab5e32d6bf4,Lubricants & Greases,Lubricants & Greases,2019-20,2019,2019,7,JUL,345,metric_tonnes,india_petroleum_consumption.csv,3257,VALID
product-95702a7f9ab5e32d6bf4,Lubricants & Greases,Lubricants & Greases,2019-20,2019,2019,8,AUG,310,metric_tonnes,india_petroleum_consumption.csv,3258,VALID
product-95702a7f9ab5e32d6bf4,Lubricants & Greases,Lubricants & Greases,2019-20,2019,2019,9,SEP,311,metric_tonnes,india_petroleum_consumption.csv,3259,VALID
product-95702a7f9ab5e32d6bf4,Lubricants & Greases,Lubricants & Greases,2019-20,2019,2019,10,OCT,326,metric_tonnes,india_petroleum_consumption.csv,3260,VALID
product-95702a7f9ab5e32d6bf4,Lubricants & Greases,Lubricants & Greases,2019-20,2019,2019,11,NOV,335,metric_tonnes,india_petroleum_consumption.csv,3261,VALID
product-95702a7f9ab5e32d6bf4,Lubricants & Greases,Lubricants & Greases,2019-20,2019,2019,12,DEC,307,metric_tonnes,india_petroleum_consumption.csv,3262,VALID
product-95702a7f9ab5e32d6bf4,Lubricants & Greases,Lubricants & Greases,2019-20,2019,2020,1,JAN,374,metric_tonnes,india_petroleum_consumption.csv,3263,VALID
product-95702a7f9ab5e32d6bf4,Lubricants & Greases,Lubricants & Greases,2019-20,2019,2020,2,FEB,321,metric_tonnes,india_petroleum_consumption.csv,3264,VALID
product-95702a7f9ab5e32d6bf4,Lubricants & Greases,Lubricants & Greases,2019-20,2019,2020,3,MAR,276,metric_tonnes,india_petroleum_consumption.csv,3265,VALID
product-795922ede07e28180caa,FO & LSHS,FO & LSHS,2019-20,2019,2019,4,APR,498,metric_tonnes,india_petroleum_consumption.csv,3266,VALID
product-795922ede07e28180caa,FO & LSHS,FO & LSHS,2019-20,2019,2019,5,MAY,516,metric_tonnes,india_petroleum_consumption.csv,3267,VALID
product-795922ede07e28180caa,FO & LSHS,FO & LSHS,2019-20,2019,2019,6,JUN,478,metric_tonnes,india_petroleum_consumption.csv,3268,VALID
product-795922ede07e28180caa,FO & LSHS,FO & LSHS,2019-20,2019,2019,7,JUL,571,metric_tonnes,india_petroleum_consumption.csv,3269,VALID
product-795922ede07e28180caa,FO & LSHS,FO & LSHS,2019-20,2019,2019,8,AUG,481,metric_tonnes,india_petroleum_consumption.csv,3270,VALID
product-795922ede07e28180caa,FO & LSHS,FO & LSHS,2019-20,2019,2019,9,SEP,531,metric_tonnes,india_petroleum_consumption.csv,3271,VALID
product-795922ede07e28180caa,FO & LSHS,FO & LSHS,2019-20,2019,2019,10,OCT,473,metric_tonnes,india_petroleum_consumption.csv,3272,VALID
product-795922ede07e28180caa,FO & LSHS,FO & LSHS,2019-20,2019,2019,11,NOV,461,metric_tonnes,india_petroleum_consumption.csv,3273,VALID
product-795922ede07e28180caa,FO & LSHS,FO & LSHS,2019-20,2019,2019,12,DEC,628,metric_tonnes,india_petroleum_consumption.csv,3274,VALID
product-795922ede07e28180caa,FO & LSHS,FO & LSHS,2019-20,2019,2020,1,JAN,605,metric_tonnes,india_petroleum_consumption.csv,3275,VALID
product-795922ede07e28180caa,FO & LSHS,FO & LSHS,2019-20,2019,2020,2,FEB,587,metric_tonnes,india_petroleum_consumption.csv,3276,VALID
product-795922ede07e28180caa,FO & LSHS,FO & LSHS,2019-20,2019,2020,3,MAR,472,metric_tonnes,india_petroleum_consumption.csv,3277,VALID
product-790810d5c5602dbecaf2,Bitumen,Bitumen,2019-20,2019,2019,4,APR,691,metric_tonnes,india_petroleum_consumption.csv,3278,VALID
product-790810d5c5602dbecaf2,Bitumen,Bitumen,2019-20,2019,2019,5,MAY,726,metric_tonnes,india_petroleum_consumption.csv,3279,VALID
product-790810d5c5602dbecaf2,Bitumen,Bitumen,2019-20,2019,2019,6,JUN,548,metric_tonnes,india_petroleum_consumption.csv,3280,VALID
product-790810d5c5602dbecaf2,Bitumen,Bitumen,2019-20,2019,2019,7,JUL,407,metric_tonnes,india_petroleum_consumption.csv,3281,VALID
product-790810d5c5602dbecaf2,Bitumen,Bitumen,2019-20,2019,2019,8,AUG,231,metric_tonnes,india_petroleum_consumption.csv,3282,VALID
product-790810d5c5602dbecaf2,Bitumen,Bitumen,2019-20,2019,2019,9,SEP,321,metric_tonnes,india_petroleum_consumption.csv,3283,VALID
product-790810d5c5602dbecaf2,Bitumen,Bitumen,2019-20,2019,2019,10,OCT,446,metric_tonnes,india_petroleum_consumption.csv,3284,VALID
product-790810d5c5602dbecaf2,Bitumen,Bitumen,2019-20,2019,2019,11,NOV,585,metric_tonnes,india_petroleum_consumption.csv,3285,VALID
product-790810d5c5602dbecaf2,Bitumen,Bitumen,2019-20,2019,2019,12,DEC,630,metric_tonnes,india_petroleum_consumption.csv,3286,VALID
product-790810d5c5602dbecaf2,Bitumen,Bitumen,2019-20,2019,2020,1,JAN,700,metric_tonnes,india_petroleum_consumption.csv,3287,VALID
product-790810d5c5602dbecaf2,Bitumen,Bitumen,2019-20,2019,2020,2,FEB,814,metric_tonnes,india_petroleum_consumption.csv,3288,VALID
product-790810d5c5602dbecaf2,Bitumen,Bitumen,2019-20,2019,2020,3,MAR,623,metric_tonnes,india_petroleum_consumption.csv,3289,VALID
product-64fce74e71066b7ec4cf,Petroleum coke,Petroleum coke,2019-20,2019,2019,4,APR,2254,metric_tonnes,india_petroleum_consumption.csv,3290,VALID
product-64fce74e71066b7ec4cf,Petroleum coke,Petroleum coke,2019-20,2019,2019,5,MAY,2299,metric_tonnes,india_petroleum_consumption.csv,3291,VALID
product-64fce74e71066b7ec4cf,Petroleum coke,Petroleum coke,2019-20,2019,2019,6,JUN,1548,metric_tonnes,india_petroleum_consumption.csv,3292,VALID
product-64fce74e71066b7ec4cf,Petroleum coke,Petroleum coke,2019-20,2019,2019,7,JUL,1688,metric_tonnes,india_petroleum_consumption.csv,3293,VALID
product-64fce74e71066b7ec4cf,Petroleum coke,Petroleum coke,2019-20,2019,2019,8,AUG,1778,metric_tonnes,india_petroleum_consumption.csv,3294,VALID
product-64fce74e71066b7ec4cf,Petroleum coke,Petroleum coke,2019-20,2019,2019,9,SEP,1756,metric_tonnes,india_petroleum_consumption.csv,3295,VALID
product-64fce74e71066b7ec4cf,Petroleum coke,Petroleum coke,2019-20,2019,2019,10,OCT,1665,metric_tonnes,india_petroleum_consumption.csv,3296,VALID
product-64fce74e71066b7ec4cf,Petroleum coke,Petroleum coke,2019-20,2019,2019,11,NOV,1673,metric_tonnes,india_petroleum_consumption.csv,3297,VALID
product-64fce74e71066b7ec4cf,Petroleum coke,Petroleum coke,2019-20,2019,2019,12,DEC,2002,metric_tonnes,india_petroleum_consumption.csv,3298,VALID
product-64fce74e71066b7ec4cf,Petroleum coke,Petroleum coke,2019-20,2019,2020,1,JAN,1864,metric_tonnes,india_petroleum_consumption.csv,3299,VALID
product-64fce74e71066b7ec4cf,Petroleum coke,Petroleum coke,2019-20,2019,2020,2,FEB,1591,metric_tonnes,india_petroleum_consumption.csv,3300,VALID
product-64fce74e71066b7ec4cf,Petroleum coke,Petroleum coke,2019-20,2019,2020,3,MAR,1592,metric_tonnes,india_petroleum_consumption.csv,3301,VALID
product-896a0734e71eaafd55e7,Others,Others,2019-20,2019,2019,4,APR,1039,metric_tonnes,india_petroleum_consumption.csv,3302,VALID
product-896a0734e71eaafd55e7,Others,Others,2019-20,2019,2019,5,MAY,949,metric_tonnes,india_petroleum_consumption.csv,3303,VALID
product-896a0734e71eaafd55e7,Others,Others,2019-20,2019,2019,6,JUN,975,metric_tonnes,india_petroleum_consumption.csv,3304,VALID
product-896a0734e71eaafd55e7,Others,Others,2019-20,2019,2019,7,JUL,1024,metric_tonnes,india_petroleum_consumption.csv,3305,VALID
product-896a0734e71eaafd55e7,Others,Others,2019-20,2019,2019,8,AUG,908,metric_tonnes,india_petroleum_consumption.csv,3306,VALID
product-896a0734e71eaafd55e7,Others,Others,2019-20,2019,2019,9,SEP,906,metric_tonnes,india_petroleum_consumption.csv,3307,VALID
product-896a0734e71eaafd55e7,Others,Others,2019-20,2019,2019,10,OCT,992,metric_tonnes,india_petroleum_consumption.csv,3308,VALID
product-896a0734e71eaafd55e7,Others,Others,2019-20,2019,2019,11,NOV,902,metric_tonnes,india_petroleum_consumption.csv,3309,VALID
product-896a0734e71eaafd55e7,Others,Others,2019-20,2019,2019,12,DEC,965,metric_tonnes,india_petroleum_consumption.csv,3310,VALID
product-896a0734e71eaafd55e7,Others,Others,2019-20,2019,2020,1,JAN,976,metric_tonnes,india_petroleum_consumption.csv,3311,VALID
product-896a0734e71eaafd55e7,Others,Others,2019-20,2019,2020,2,FEB,866,metric_tonnes,india_petroleum_consumption.csv,3312,VALID
product-896a0734e71eaafd55e7,Others,Others,2019-20,2019,2020,3,MAR,862,metric_tonnes,india_petroleum_consumption.csv,3313,VALID
product-5575ab85b7b20e8c4793,LPG,LPG,2020-21,2020,2020,4,APR,2113,metric_tonnes,india_petroleum_consumption.csv,3314,VALID
product-5575ab85b7b20e8c4793,LPG,LPG,2020-21,2020,2020,5,MAY,2296,metric_tonnes,india_petroleum_consumption.csv,3315,VALID
product-5575ab85b7b20e8c4793,LPG,LPG,2020-21,2020,2020,6,JUN,2064,metric_tonnes,india_petroleum_consumption.csv,3316,VALID
product-5575ab85b7b20e8c4793,LPG,LPG,2020-21,2020,2020,7,JUL,2258,metric_tonnes,india_petroleum_consumption.csv,3317,VALID
product-5575ab85b7b20e8c4793,LPG,LPG,2020-21,2020,2020,8,AUG,2262,metric_tonnes,india_petroleum_consumption.csv,3318,VALID
product-5575ab85b7b20e8c4793,LPG,LPG,2020-21,2020,2020,9,SEP,2261,metric_tonnes,india_petroleum_consumption.csv,3319,VALID
product-5575ab85b7b20e8c4793,LPG,LPG,2020-21,2020,2020,10,OCT,2421,metric_tonnes,india_petroleum_consumption.csv,3320,VALID
product-5575ab85b7b20e8c4793,LPG,LPG,2020-21,2020,2020,11,NOV,2352,metric_tonnes,india_petroleum_consumption.csv,3321,VALID
product-5575ab85b7b20e8c4793,LPG,LPG,2020-21,2020,2020,12,DEC,2523,metric_tonnes,india_petroleum_consumption.csv,3322,VALID
product-5575ab85b7b20e8c4793,LPG,LPG,2020-21,2020,2021,1,JAN,2490,metric_tonnes,india_petroleum_consumption.csv,3323,VALID
product-5575ab85b7b20e8c4793,LPG,LPG,2020-21,2020,2021,2,FEB,2262,metric_tonnes,india_petroleum_consumption.csv,3324,VALID
product-5575ab85b7b20e8c4793,LPG,LPG,2020-21,2020,2021,3,MAR,2256,metric_tonnes,india_petroleum_consumption.csv,3325,VALID
product-352b4599428c13efa359,Naphtha,Naphtha,2020-21,2020,2020,4,APR,730,metric_tonnes,india_petroleum_consumption.csv,3326,VALID
product-352b4599428c13efa359,Naphtha,Naphtha,2020-21,2020,2020,5,MAY,993,metric_tonnes,india_petroleum_consumption.csv,3327,VALID
product-352b4599428c13efa359,Naphtha,Naphtha,2020-21,2020,2020,6,JUN,1218,metric_tonnes,india_petroleum_consumption.csv,3328,VALID
product-352b4599428c13efa359,Naphtha,Naphtha,2020-21,2020,2020,7,JUL,1297,metric_tonnes,india_petroleum_consumption.csv,3329,VALID
product-352b4599428c13efa359,Naphtha,Naphtha,2020-21,2020,2020,8,AUG,1075,metric_tonnes,india_petroleum_consumption.csv,3330,VALID
product-352b4599428c13efa359,Naphtha,Naphtha,2020-21,2020,2020,9,SEP,1120,metric_tonnes,india_petroleum_consumption.csv,3331,VALID
product-352b4599428c13efa359,Naphtha,Naphtha,2020-21,2020,2020,10,OCT,1346,metric_tonnes,india_petroleum_consumption.csv,3332,VALID
product-352b4599428c13efa359,Naphtha,Naphtha,2020-21,2020,2020,11,NOV,1403,metric_tonnes,india_petroleum_consumption.csv,3333,VALID
product-352b4599428c13efa359,Naphtha,Naphtha,2020-21,2020,2020,12,DEC,1212,metric_tonnes,india_petroleum_consumption.csv,3334,VALID
product-352b4599428c13efa359,Naphtha,Naphtha,2020-21,2020,2021,1,JAN,1209,metric_tonnes,india_petroleum_consumption.csv,3335,VALID
product-352b4599428c13efa359,Naphtha,Naphtha,2020-21,2020,2021,2,FEB,1217,metric_tonnes,india_petroleum_consumption.csv,3336,VALID
product-352b4599428c13efa359,Naphtha,Naphtha,2020-21,2020,2021,3,MAR,1280,metric_tonnes,india_petroleum_consumption.csv,3337,VALID
product-8d171ab9b604e34124ea,MS,MS,2020-21,2020,2020,4,APR,973,metric_tonnes,india_petroleum_consumption.csv,3338,VALID
product-8d171ab9b604e34124ea,MS,MS,2020-21,2020,2020,5,MAY,1771,metric_tonnes,india_petroleum_consumption.csv,3339,VALID
product-8d171ab9b604e34124ea,MS,MS,2020-21,2020,2020,6,JUN,2282,metric_tonnes,india_petroleum_consumption.csv,3340,VALID
product-8d171ab9b604e34124ea,MS,MS,2020-21,2020,2020,7,JUL,2261,metric_tonnes,india_petroleum_consumption.csv,3341,VALID
product-8d171ab9b604e34124ea,MS,MS,2020-21,2020,2020,8,AUG,2382,metric_tonnes,india_petroleum_consumption.csv,3342,VALID
product-8d171ab9b604e34124ea,MS,MS,2020-21,2020,2020,9,SEP,2451,metric_tonnes,india_petroleum_consumption.csv,3343,VALID
product-8d171ab9b604e34124ea,MS,MS,2020-21,2020,2020,10,OCT,2655,metric_tonnes,india_petroleum_consumption.csv,3344,VALID
product-8d171ab9b604e34124ea,MS,MS,2020-21,2020,2020,11,NOV,2665,metric_tonnes,india_petroleum_consumption.csv,3345,VALID
product-8d171ab9b604e34124ea,MS,MS,2020-21,2020,2020,12,DEC,2706,metric_tonnes,india_petroleum_consumption.csv,3346,VALID
product-8d171ab9b604e34124ea,MS,MS,2020-21,2020,2021,1,JAN,2611,metric_tonnes,india_petroleum_consumption.csv,3347,VALID
product-8d171ab9b604e34124ea,MS,MS,2020-21,2020,2021,2,FEB,2472,metric_tonnes,india_petroleum_consumption.csv,3348,VALID
product-8d171ab9b604e34124ea,MS,MS,2020-21,2020,2021,3,MAR,2740,metric_tonnes,india_petroleum_consumption.csv,3349,VALID
product-198fc08108a024c9da45,ATF,ATF,2020-21,2020,2020,4,APR,55,metric_tonnes,india_petroleum_consumption.csv,3350,VALID
product-198fc08108a024c9da45,ATF,ATF,2020-21,2020,2020,5,MAY,110,metric_tonnes,india_petroleum_consumption.csv,3351,VALID
product-198fc08108a024c9da45,ATF,ATF,2020-21,2020,2020,6,JUN,222,metric_tonnes,india_petroleum_consumption.csv,3352,VALID
product-198fc08108a024c9da45,ATF,ATF,2020-21,2020,2020,7,JUL,233,metric_tonnes,india_petroleum_consumption.csv,3353,VALID
product-198fc08108a024c9da45,ATF,ATF,2020-21,2020,2020,8,AUG,256,metric_tonnes,india_petroleum_consumption.csv,3354,VALID
product-198fc08108a024c9da45,ATF,ATF,2020-21,2020,2020,9,SEP,313,metric_tonnes,india_petroleum_consumption.csv,3355,VALID
product-198fc08108a024c9da45,ATF,ATF,2020-21,2020,2020,10,OCT,360,metric_tonnes,india_petroleum_consumption.csv,3356,VALID
product-198fc08108a024c9da45,ATF,ATF,2020-21,2020,2020,11,NOV,376,metric_tonnes,india_petroleum_consumption.csv,3357,VALID
product-198fc08108a024c9da45,ATF,ATF,2020-21,2020,2020,12,DEC,427,metric_tonnes,india_petroleum_consumption.csv,3358,VALID
product-198fc08108a024c9da45,ATF,ATF,2020-21,2020,2021,1,JAN,441,metric_tonnes,india_petroleum_consumption.csv,3359,VALID
product-198fc08108a024c9da45,ATF,ATF,2020-21,2020,2021,2,FEB,432,metric_tonnes,india_petroleum_consumption.csv,3360,VALID
product-198fc08108a024c9da45,ATF,ATF,2020-21,2020,2021,3,MAR,474,metric_tonnes,india_petroleum_consumption.csv,3361,VALID
product-cdf634489bfbff660916,SKO,SKO,2020-21,2020,2020,4,APR,129,metric_tonnes,india_petroleum_consumption.csv,3362,VALID
product-cdf634489bfbff660916,SKO,SKO,2020-21,2020,2020,5,MAY,181,metric_tonnes,india_petroleum_consumption.csv,3363,VALID
product-cdf634489bfbff660916,SKO,SKO,2020-21,2020,2020,6,JUN,161,metric_tonnes,india_petroleum_consumption.csv,3364,VALID
product-cdf634489bfbff660916,SKO,SKO,2020-21,2020,2020,7,JUL,161,metric_tonnes,india_petroleum_consumption.csv,3365,VALID
product-cdf634489bfbff660916,SKO,SKO,2020-21,2020,2020,8,AUG,132,metric_tonnes,india_petroleum_consumption.csv,3366,VALID
product-cdf634489bfbff660916,SKO,SKO,2020-21,2020,2020,9,SEP,167,metric_tonnes,india_petroleum_consumption.csv,3367,VALID
product-cdf634489bfbff660916,SKO,SKO,2020-21,2020,2020,10,OCT,139,metric_tonnes,india_petroleum_consumption.csv,3368,VALID
product-cdf634489bfbff660916,SKO,SKO,2020-21,2020,2020,11,NOV,155,metric_tonnes,india_petroleum_consumption.csv,3369,VALID
product-cdf634489bfbff660916,SKO,SKO,2020-21,2020,2020,12,DEC,135,metric_tonnes,india_petroleum_consumption.csv,3370,VALID
product-cdf634489bfbff660916,SKO,SKO,2020-21,2020,2021,1,JAN,146,metric_tonnes,india_petroleum_consumption.csv,3371,VALID
product-cdf634489bfbff660916,SKO,SKO,2020-21,2020,2021,2,FEB,137,metric_tonnes,india_petroleum_consumption.csv,3372,VALID
product-cdf634489bfbff660916,SKO,SKO,2020-21,2020,2021,3,MAR,155,metric_tonnes,india_petroleum_consumption.csv,3373,VALID
product-a81277714f19fd11a0e0,HSD,HSD,2020-21,2020,2020,4,APR,3252,metric_tonnes,india_petroleum_consumption.csv,3374,VALID
product-a81277714f19fd11a0e0,HSD,HSD,2020-21,2020,2020,5,MAY,5494,metric_tonnes,india_petroleum_consumption.csv,3375,VALID
product-a81277714f19fd11a0e0,HSD,HSD,2020-21,2020,2020,6,JUN,6299,metric_tonnes,india_petroleum_consumption.csv,3376,VALID
product-a81277714f19fd11a0e0,HSD,HSD,2020-21,2020,2020,7,JUL,5506,metric_tonnes,india_petroleum_consumption.csv,3377,VALID
product-a81277714f19fd11a0e0,HSD,HSD,2020-21,2020,2020,8,AUG,4843,metric_tonnes,india_petroleum_consumption.csv,3378,VALID
product-a81277714f19fd11a0e0,HSD,HSD,2020-21,2020,2020,9,SEP,5487,metric_tonnes,india_petroleum_consumption.csv,3379,VALID
product-a81277714f19fd11a0e0,HSD,HSD,2020-21,2020,2020,10,OCT,7001,metric_tonnes,india_petroleum_consumption.csv,3380,VALID
product-a81277714f19fd11a0e0,HSD,HSD,2020-21,2020,2020,11,NOV,7039,metric_tonnes,india_petroleum_consumption.csv,3381,VALID
product-a81277714f19fd11a0e0,HSD,HSD,2020-21,2020,2020,12,DEC,7192,metric_tonnes,india_petroleum_consumption.csv,3382,VALID
product-a81277714f19fd11a0e0,HSD,HSD,2020-21,2020,2021,1,JAN,6806,metric_tonnes,india_petroleum_consumption.csv,3383,VALID
product-a81277714f19fd11a0e0,HSD,HSD,2020-21,2020,2021,2,FEB,6569,metric_tonnes,india_petroleum_consumption.csv,3384,VALID
product-a81277714f19fd11a0e0,HSD,HSD,2020-21,2020,2021,3,MAR,7225,metric_tonnes,india_petroleum_consumption.csv,3385,VALID
product-1fe5626b86832387d536,LDO,LDO,2020-21,2020,2020,4,APR,28,metric_tonnes,india_petroleum_consumption.csv,3386,VALID
product-1fe5626b86832387d536,LDO,LDO,2020-21,2020,2020,5,MAY,71,metric_tonnes,india_petroleum_consumption.csv,3387,VALID
product-1fe5626b86832387d536,LDO,LDO,2020-21,2020,2020,6,JUN,63,metric_tonnes,india_petroleum_consumption.csv,3388,VALID
product-1fe5626b86832387d536,LDO,LDO,2020-21,2020,2020,7,JUL,62,metric_tonnes,india_petroleum_consumption.csv,3389,VALID
product-1fe5626b86832387d536,LDO,LDO,2020-21,2020,2020,8,AUG,62,metric_tonnes,india_petroleum_consumption.csv,3390,VALID
product-1fe5626b86832387d536,LDO,LDO,2020-21,2020,2020,9,SEP,65,metric_tonnes,india_petroleum_consumption.csv,3391,VALID
product-1fe5626b86832387d536,LDO,LDO,2020-21,2020,2020,10,OCT,69,metric_tonnes,india_petroleum_consumption.csv,3392,VALID
product-1fe5626b86832387d536,LDO,LDO,2020-21,2020,2020,11,NOV,69,metric_tonnes,india_petroleum_consumption.csv,3393,VALID
product-1fe5626b86832387d536,LDO,LDO,2020-21,2020,2020,12,DEC,88,metric_tonnes,india_petroleum_consumption.csv,3394,VALID
product-1fe5626b86832387d536,LDO,LDO,2020-21,2020,2021,1,JAN,87,metric_tonnes,india_petroleum_consumption.csv,3395,VALID
product-1fe5626b86832387d536,LDO,LDO,2020-21,2020,2021,2,FEB,80,metric_tonnes,india_petroleum_consumption.csv,3396,VALID
product-1fe5626b86832387d536,LDO,LDO,2020-21,2020,2021,3,MAR,112,metric_tonnes,india_petroleum_consumption.csv,3397,VALID
product-95702a7f9ab5e32d6bf4,Lubricants & Greases,Lubricants & Greases,2020-21,2020,2020,4,APR,168,metric_tonnes,india_petroleum_consumption.csv,3398,VALID
product-95702a7f9ab5e32d6bf4,Lubricants & Greases,Lubricants & Greases,2020-21,2020,2020,5,MAY,148,metric_tonnes,india_petroleum_consumption.csv,3399,VALID
product-95702a7f9ab5e32d6bf4,Lubricants & Greases,Lubricants & Greases,2020-21,2020,2020,6,JUN,244,metric_tonnes,india_petroleum_consumption.csv,3400,VALID
product-95702a7f9ab5e32d6bf4,Lubricants & Greases,Lubricants & Greases,2020-21,2020,2020,7,JUL,346,metric_tonnes,india_petroleum_consumption.csv,3401,VALID
product-95702a7f9ab5e32d6bf4,Lubricants & Greases,Lubricants & Greases,2020-21,2020,2020,8,AUG,366,metric_tonnes,india_petroleum_consumption.csv,3402,VALID
product-95702a7f9ab5e32d6bf4,Lubricants & Greases,Lubricants & Greases,2020-21,2020,2020,9,SEP,396,metric_tonnes,india_petroleum_consumption.csv,3403,VALID
product-95702a7f9ab5e32d6bf4,Lubricants & Greases,Lubricants & Greases,2020-21,2020,2020,10,OCT,391,metric_tonnes,india_petroleum_consumption.csv,3404,VALID
product-95702a7f9ab5e32d6bf4,Lubricants & Greases,Lubricants & Greases,2020-21,2020,2020,11,NOV,421,metric_tonnes,india_petroleum_consumption.csv,3405,VALID
product-95702a7f9ab5e32d6bf4,Lubricants & Greases,Lubricants & Greases,2020-21,2020,2020,12,DEC,439,metric_tonnes,india_petroleum_consumption.csv,3406,VALID
product-95702a7f9ab5e32d6bf4,Lubricants & Greases,Lubricants & Greases,2020-21,2020,2021,1,JAN,392,metric_tonnes,india_petroleum_consumption.csv,3407,VALID
product-95702a7f9ab5e32d6bf4,Lubricants & Greases,Lubricants & Greases,2020-21,2020,2021,2,FEB,388,metric_tonnes,india_petroleum_consumption.csv,3408,VALID
product-95702a7f9ab5e32d6bf4,Lubricants & Greases,Lubricants & Greases,2020-21,2020,2021,3,MAR,398,metric_tonnes,india_petroleum_consumption.csv,3409,VALID
product-795922ede07e28180caa,FO & LSHS,FO & LSHS,2020-21,2020,2020,4,APR,283,metric_tonnes,india_petroleum_consumption.csv,3410,VALID
product-795922ede07e28180caa,FO & LSHS,FO & LSHS,2020-21,2020,2020,5,MAY,469,metric_tonnes,india_petroleum_consumption.csv,3411,VALID
product-795922ede07e28180caa,FO & LSHS,FO & LSHS,2020-21,2020,2020,6,JUN,466,metric_tonnes,india_petroleum_consumption.csv,3412,VALID
product-795922ede07e28180caa,FO & LSHS,FO & LSHS,2020-21,2020,2020,7,JUL,469,metric_tonnes,india_petroleum_consumption.csv,3413,VALID
product-795922ede07e28180caa,FO & LSHS,FO & LSHS,2020-21,2020,2020,8,AUG,458,metric_tonnes,india_petroleum_consumption.csv,3414,VALID
product-795922ede07e28180caa,FO & LSHS,FO & LSHS,2020-21,2020,2020,9,SEP,452,metric_tonnes,india_petroleum_consumption.csv,3415,VALID
product-795922ede07e28180caa,FO & LSHS,FO & LSHS,2020-21,2020,2020,10,OCT,480,metric_tonnes,india_petroleum_consumption.csv,3416,VALID
product-795922ede07e28180caa,FO & LSHS,FO & LSHS,2020-21,2020,2020,11,NOV,483,metric_tonnes,india_petroleum_consumption.csv,3417,VALID
product-795922ede07e28180caa,FO & LSHS,FO & LSHS,2020-21,2020,2020,12,DEC,529,metric_tonnes,india_petroleum_consumption.csv,3418,VALID
product-795922ede07e28180caa,FO & LSHS,FO & LSHS,2020-21,2020,2021,1,JAN,516,metric_tonnes,india_petroleum_consumption.csv,3419,VALID
product-795922ede07e28180caa,FO & LSHS,FO & LSHS,2020-21,2020,2021,2,FEB,476,metric_tonnes,india_petroleum_consumption.csv,3420,VALID
product-795922ede07e28180caa,FO & LSHS,FO & LSHS,2020-21,2020,2021,3,MAR,507,metric_tonnes,india_petroleum_consumption.csv,3421,VALID
product-790810d5c5602dbecaf2,Bitumen,Bitumen,2020-21,2020,2020,4,APR,187,metric_tonnes,india_petroleum_consumption.csv,3422,VALID
product-790810d5c5602dbecaf2,Bitumen,Bitumen,2020-21,2020,2020,5,MAY,590,metric_tonnes,india_petroleum_consumption.csv,3423,VALID
product-790810d5c5602dbecaf2,Bitumen,Bitumen,2020-21,2020,2020,6,JUN,751,metric_tonnes,india_petroleum_consumption.csv,3424,VALID
product-790810d5c5602dbecaf2,Bitumen,Bitumen,2020-21,2020,2020,7,JUL,414,metric_tonnes,india_petroleum_consumption.csv,3425,VALID
product-790810d5c5602dbecaf2,Bitumen,Bitumen,2020-21,2020,2020,8,AUG,270,metric_tonnes,india_petroleum_consumption.csv,3426,VALID
product-790810d5c5602dbecaf2,Bitumen,Bitumen,2020-21,2020,2020,9,SEP,415,metric_tonnes,india_petroleum_consumption.csv,3427,VALID
product-790810d5c5602dbecaf2,Bitumen,Bitumen,2020-21,2020,2020,10,OCT,640,metric_tonnes,india_petroleum_consumption.csv,3428,VALID
product-790810d5c5602dbecaf2,Bitumen,Bitumen,2020-21,2020,2020,11,NOV,717,metric_tonnes,india_petroleum_consumption.csv,3429,VALID
product-790810d5c5602dbecaf2,Bitumen,Bitumen,2020-21,2020,2020,12,DEC,856,metric_tonnes,india_petroleum_consumption.csv,3430,VALID
product-790810d5c5602dbecaf2,Bitumen,Bitumen,2020-21,2020,2021,1,JAN,821,metric_tonnes,india_petroleum_consumption.csv,3431,VALID
product-790810d5c5602dbecaf2,Bitumen,Bitumen,2020-21,2020,2021,2,FEB,853,metric_tonnes,india_petroleum_consumption.csv,3432,VALID
product-790810d5c5602dbecaf2,Bitumen,Bitumen,2020-21,2020,2021,3,MAR,1012,metric_tonnes,india_petroleum_consumption.csv,3433,VALID
product-64fce74e71066b7ec4cf,Petroleum coke,Petroleum coke,2020-21,2020,2020,4,APR,775,metric_tonnes,india_petroleum_consumption.csv,3434,VALID
product-64fce74e71066b7ec4cf,Petroleum coke,Petroleum coke,2020-21,2020,2020,5,MAY,2500,metric_tonnes,india_petroleum_consumption.csv,3435,VALID
product-64fce74e71066b7ec4cf,Petroleum coke,Petroleum coke,2020-21,2020,2020,6,JUN,1409,metric_tonnes,india_petroleum_consumption.csv,3436,VALID
product-64fce74e71066b7ec4cf,Petroleum coke,Petroleum coke,2020-21,2020,2020,7,JUL,1648,metric_tonnes,india_petroleum_consumption.csv,3437,VALID
product-64fce74e71066b7ec4cf,Petroleum coke,Petroleum coke,2020-21,2020,2020,8,AUG,1408,metric_tonnes,india_petroleum_consumption.csv,3438,VALID
product-64fce74e71066b7ec4cf,Petroleum coke,Petroleum coke,2020-21,2020,2020,9,SEP,1108,metric_tonnes,india_petroleum_consumption.csv,3439,VALID
product-64fce74e71066b7ec4cf,Petroleum coke,Petroleum coke,2020-21,2020,2020,10,OCT,1287,metric_tonnes,india_petroleum_consumption.csv,3440,VALID
product-64fce74e71066b7ec4cf,Petroleum coke,Petroleum coke,2020-21,2020,2020,11,NOV,1145,metric_tonnes,india_petroleum_consumption.csv,3441,VALID
product-64fce74e71066b7ec4cf,Petroleum coke,Petroleum coke,2020-21,2020,2020,12,DEC,1244,metric_tonnes,india_petroleum_consumption.csv,3442,VALID
product-64fce74e71066b7ec4cf,Petroleum coke,Petroleum coke,2020-21,2020,2021,1,JAN,1004,metric_tonnes,india_petroleum_consumption.csv,3443,VALID
product-64fce74e71066b7ec4cf,Petroleum coke,Petroleum coke,2020-21,2020,2021,2,FEB,794,metric_tonnes,india_petroleum_consumption.csv,3444,VALID
product-64fce74e71066b7ec4cf,Petroleum coke,Petroleum coke,2020-21,2020,2021,3,MAR,1283,metric_tonnes,india_petroleum_consumption.csv,3445,VALID
product-896a0734e71eaafd55e7,Others,Others,2020-21,2020,2020,4,APR,680,metric_tonnes,india_petroleum_consumption.csv,3446,VALID
product-896a0734e71eaafd55e7,Others,Others,2020-21,2020,2020,5,MAY,769,metric_tonnes,india_petroleum_consumption.csv,3447,VALID
product-896a0734e71eaafd55e7,Others,Others,2020-21,2020,2020,6,JUN,880,metric_tonnes,india_petroleum_consumption.csv,3448,VALID
product-896a0734e71eaafd55e7,Others,Others,2020-21,2020,2020,7,JUL,932,metric_tonnes,india_petroleum_consumption.csv,3449,VALID
product-896a0734e71eaafd55e7,Others,Others,2020-21,2020,2020,8,AUG,876,metric_tonnes,india_petroleum_consumption.csv,3450,VALID
product-896a0734e71eaafd55e7,Others,Others,2020-21,2020,2020,9,SEP,894,metric_tonnes,india_petroleum_consumption.csv,3451,VALID
product-896a0734e71eaafd55e7,Others,Others,2020-21,2020,2020,10,OCT,937,metric_tonnes,india_petroleum_consumption.csv,3452,VALID
product-896a0734e71eaafd55e7,Others,Others,2020-21,2020,2020,11,NOV,2516,metric_tonnes,india_petroleum_consumption.csv,3453,VALID
product-896a0734e71eaafd55e7,Others,Others,2020-21,2020,2020,12,DEC,1009,metric_tonnes,india_petroleum_consumption.csv,3454,VALID
product-896a0734e71eaafd55e7,Others,Others,2020-21,2020,2021,1,JAN,1119,metric_tonnes,india_petroleum_consumption.csv,3455,VALID
product-896a0734e71eaafd55e7,Others,Others,2020-21,2020,2021,2,FEB,993,metric_tonnes,india_petroleum_consumption.csv,3456,VALID
product-896a0734e71eaafd55e7,Others,Others,2020-21,2020,2021,3,MAR,1186,metric_tonnes,india_petroleum_consumption.csv,3457,VALID
product-5575ab85b7b20e8c4793,LPG,LPG,2021-22,2021,2021,4,APR,2102,metric_tonnes,india_petroleum_consumption.csv,3458,VALID
product-5575ab85b7b20e8c4793,LPG,LPG,2021-22,2021,2021,5,MAY,2156,metric_tonnes,india_petroleum_consumption.csv,3459,VALID
product-5575ab85b7b20e8c4793,LPG,LPG,2021-22,2021,2021,6,JUN,2251,metric_tonnes,india_petroleum_consumption.csv,3460,VALID
product-5575ab85b7b20e8c4793,LPG,LPG,2021-22,2021,2021,7,JUL,2357,metric_tonnes,india_petroleum_consumption.csv,3461,VALID
product-5575ab85b7b20e8c4793,LPG,LPG,2021-22,2021,2021,8,AUG,2317,metric_tonnes,india_petroleum_consumption.csv,3462,VALID
product-5575ab85b7b20e8c4793,LPG,LPG,2021-22,2021,2021,9,SEP,2356,metric_tonnes,india_petroleum_consumption.csv,3463,VALID
product-5575ab85b7b20e8c4793,LPG,LPG,2021-22,2021,2021,10,OCT,2481,metric_tonnes,india_petroleum_consumption.csv,3464,VALID
product-5575ab85b7b20e8c4793,LPG,LPG,2021-22,2021,2021,11,NOV,2336,metric_tonnes,india_petroleum_consumption.csv,3465,VALID
product-5575ab85b7b20e8c4793,LPG,LPG,2021-22,2021,2021,12,DEC,2469,metric_tonnes,india_petroleum_consumption.csv,3466,VALID
product-5575ab85b7b20e8c4793,LPG,LPG,2021-22,2021,2022,1,JAN,2562,metric_tonnes,india_petroleum_consumption.csv,3467,VALID
product-5575ab85b7b20e8c4793,LPG,LPG,2021-22,2021,2022,2,FEB,2393,metric_tonnes,india_petroleum_consumption.csv,3468,VALID
product-5575ab85b7b20e8c4793,LPG,LPG,2021-22,2021,2022,3,MAR,2472,metric_tonnes,india_petroleum_consumption.csv,3469,VALID
product-352b4599428c13efa359,Naphtha,Naphtha,2021-22,2021,2021,4,APR,1164,metric_tonnes,india_petroleum_consumption.csv,3470,VALID
product-352b4599428c13efa359,Naphtha,Naphtha,2021-22,2021,2021,5,MAY,1171,metric_tonnes,india_petroleum_consumption.csv,3471,VALID
product-352b4599428c13efa359,Naphtha,Naphtha,2021-22,2021,2021,6,JUN,1088,metric_tonnes,india_petroleum_consumption.csv,3472,VALID
product-352b4599428c13efa359,Naphtha,Naphtha,2021-22,2021,2021,7,JUL,1116,metric_tonnes,india_petroleum_consumption.csv,3473,VALID
product-352b4599428c13efa359,Naphtha,Naphtha,2021-22,2021,2021,8,AUG,920,metric_tonnes,india_petroleum_consumption.csv,3474,VALID
product-352b4599428c13efa359,Naphtha,Naphtha,2021-22,2021,2021,9,SEP,1016,metric_tonnes,india_petroleum_consumption.csv,3475,VALID
product-352b4599428c13efa359,Naphtha,Naphtha,2021-22,2021,2021,10,OCT,1180,metric_tonnes,india_petroleum_consumption.csv,3476,VALID
product-352b4599428c13efa359,Naphtha,Naphtha,2021-22,2021,2021,11,NOV,1066,metric_tonnes,india_petroleum_consumption.csv,3477,VALID
product-352b4599428c13efa359,Naphtha,Naphtha,2021-22,2021,2021,12,DEC,1099,metric_tonnes,india_petroleum_consumption.csv,3478,VALID
product-352b4599428c13efa359,Naphtha,Naphtha,2021-22,2021,2022,1,JAN,1196,metric_tonnes,india_petroleum_consumption.csv,3479,VALID
product-352b4599428c13efa359,Naphtha,Naphtha,2021-22,2021,2022,2,FEB,1100,metric_tonnes,india_petroleum_consumption.csv,3480,VALID
product-352b4599428c13efa359,Naphtha,Naphtha,2021-22,2021,2022,3,MAR,1132,metric_tonnes,india_petroleum_consumption.csv,3481,VALID
product-8d171ab9b604e34124ea,MS,MS,2021-22,2021,2021,4,APR,2386,metric_tonnes,india_petroleum_consumption.csv,3482,VALID
product-8d171ab9b604e34124ea,MS,MS,2021-22,2021,2021,5,MAY,1991,metric_tonnes,india_petroleum_consumption.csv,3483,VALID
product-8d171ab9b604e34124ea,MS,MS,2021-22,2021,2021,6,JUN,2409,metric_tonnes,india_petroleum_consumption.csv,3484,VALID
product-8d171ab9b604e34124ea,MS,MS,2021-22,2021,2021,7,JUL,2630,metric_tonnes,india_petroleum_consumption.csv,3485,VALID
product-8d171ab9b604e34124ea,MS,MS,2021-22,2021,2021,8,AUG,2692,metric_tonnes,india_petroleum_consumption.csv,3486,VALID
product-8d171ab9b604e34124ea,MS,MS,2021-22,2021,2021,9,SEP,2598,metric_tonnes,india_petroleum_consumption.csv,3487,VALID
product-8d171ab9b604e34124ea,MS,MS,2021-22,2021,2021,10,OCT,2750,metric_tonnes,india_petroleum_consumption.csv,3488,VALID
product-8d171ab9b604e34124ea,MS,MS,2021-22,2021,2021,11,NOV,2645,metric_tonnes,india_petroleum_consumption.csv,3489,VALID
product-8d171ab9b604e34124ea,MS,MS,2021-22,2021,2021,12,DEC,2816,metric_tonnes,india_petroleum_consumption.csv,3490,VALID
product-8d171ab9b604e34124ea,MS,MS,2021-22,2021,2022,1,JAN,2473,metric_tonnes,india_petroleum_consumption.csv,3491,VALID
product-8d171ab9b604e34124ea,MS,MS,2021-22,2021,2022,2,FEB,2550,metric_tonnes,india_petroleum_consumption.csv,3492,VALID
product-8d171ab9b604e34124ea,MS,MS,2021-22,2021,2022,3,MAR,2908,metric_tonnes,india_petroleum_consumption.csv,3493,VALID
product-198fc08108a024c9da45,ATF,ATF,2021-22,2021,2021,4,APR,412,metric_tonnes,india_petroleum_consumption.csv,3494,VALID
product-198fc08108a024c9da45,ATF,ATF,2021-22,2021,2021,5,MAY,268,metric_tonnes,india_petroleum_consumption.csv,3495,VALID
product-198fc08108a024c9da45,ATF,ATF,2021-22,2021,2021,6,JUN,257,metric_tonnes,india_petroleum_consumption.csv,3496,VALID
product-198fc08108a024c9da45,ATF,ATF,2021-22,2021,2021,7,JUL,315,metric_tonnes,india_petroleum_consumption.csv,3497,VALID
product-198fc08108a024c9da45,ATF,ATF,2021-22,2021,2021,8,AUG,379,metric_tonnes,india_petroleum_consumption.csv,3498,VALID
product-198fc08108a024c9da45,ATF,ATF,2021-22,2021,2021,9,SEP,409,metric_tonnes,india_petroleum_consumption.csv,3499,VALID
product-198fc08108a024c9da45,ATF,ATF,2021-22,2021,2021,10,OCT,479,metric_tonnes,india_petroleum_consumption.csv,3500,VALID
product-198fc08108a024c9da45,ATF,ATF,2021-22,2021,2021,11,NOV,504,metric_tonnes,india_petroleum_consumption.csv,3501,VALID
product-198fc08108a024c9da45,ATF,ATF,2021-22,2021,2021,12,DEC,552,metric_tonnes,india_petroleum_consumption.csv,3502,VALID
product-198fc08108a024c9da45,ATF,ATF,2021-22,2021,2022,1,JAN,456,metric_tonnes,india_petroleum_consumption.csv,3503,VALID
product-198fc08108a024c9da45,ATF,ATF,2021-22,2021,2022,2,FEB,435,metric_tonnes,india_petroleum_consumption.csv,3504,VALID
product-198fc08108a024c9da45,ATF,ATF,2021-22,2021,2022,3,MAR,543,metric_tonnes,india_petroleum_consumption.csv,3505,VALID
product-cdf634489bfbff660916,SKO,SKO,2021-22,2021,2021,4,APR,105,metric_tonnes,india_petroleum_consumption.csv,3506,VALID
product-cdf634489bfbff660916,SKO,SKO,2021-22,2021,2021,5,MAY,136,metric_tonnes,india_petroleum_consumption.csv,3507,VALID
product-cdf634489bfbff660916,SKO,SKO,2021-22,2021,2021,6,JUN,136,metric_tonnes,india_petroleum_consumption.csv,3508,VALID
product-cdf634489bfbff660916,SKO,SKO,2021-22,2021,2021,7,JUL,130,metric_tonnes,india_petroleum_consumption.csv,3509,VALID
product-cdf634489bfbff660916,SKO,SKO,2021-22,2021,2021,8,AUG,129,metric_tonnes,india_petroleum_consumption.csv,3510,VALID
product-cdf634489bfbff660916,SKO,SKO,2021-22,2021,2021,9,SEP,132,metric_tonnes,india_petroleum_consumption.csv,3511,VALID
product-cdf634489bfbff660916,SKO,SKO,2021-22,2021,2021,10,OCT,125,metric_tonnes,india_petroleum_consumption.csv,3512,VALID
product-cdf634489bfbff660916,SKO,SKO,2021-22,2021,2021,11,NOV,123,metric_tonnes,india_petroleum_consumption.csv,3513,VALID
product-cdf634489bfbff660916,SKO,SKO,2021-22,2021,2021,12,DEC,119,metric_tonnes,india_petroleum_consumption.csv,3514,VALID
product-cdf634489bfbff660916,SKO,SKO,2021-22,2021,2022,1,JAN,126,metric_tonnes,india_petroleum_consumption.csv,3515,VALID
product-cdf634489bfbff660916,SKO,SKO,2021-22,2021,2022,2,FEB,117,metric_tonnes,india_petroleum_consumption.csv,3516,VALID
product-cdf634489bfbff660916,SKO,SKO,2021-22,2021,2022,3,MAR,114,metric_tonnes,india_petroleum_consumption.csv,3517,VALID
product-a81277714f19fd11a0e0,HSD,HSD,2021-22,2021,2021,4,APR,6676,metric_tonnes,india_petroleum_consumption.csv,3518,VALID
product-a81277714f19fd11a0e0,HSD,HSD,2021-22,2021,2021,5,MAY,5532,metric_tonnes,india_petroleum_consumption.csv,3519,VALID
product-a81277714f19fd11a0e0,HSD,HSD,2021-22,2021,2021,6,JUN,6195,metric_tonnes,india_petroleum_consumption.csv,3520,VALID
product-a81277714f19fd11a0e0,HSD,HSD,2021-22,2021,2021,7,JUL,6134,metric_tonnes,india_petroleum_consumption.csv,3521,VALID
product-a81277714f19fd11a0e0,HSD,HSD,2021-22,2021,2021,8,AUG,5603,metric_tonnes,india_petroleum_consumption.csv,3522,VALID
product-a81277714f19fd11a0e0,HSD,HSD,2021-22,2021,2021,9,SEP,5513,metric_tonnes,india_petroleum_consumption.csv,3523,VALID
product-a81277714f19fd11a0e0,HSD,HSD,2021-22,2021,2021,10,OCT,6616,metric_tonnes,india_petroleum_consumption.csv,3524,VALID
product-a81277714f19fd11a0e0,HSD,HSD,2021-22,2021,2021,11,NOV,6506,metric_tonnes,india_petroleum_consumption.csv,3525,VALID
product-a81277714f19fd11a0e0,HSD,HSD,2021-22,2021,2021,12,DEC,7302,metric_tonnes,india_petroleum_consumption.csv,3526,VALID
product-a81277714f19fd11a0e0,HSD,HSD,2021-22,2021,2022,1,JAN,6366,metric_tonnes,india_petroleum_consumption.csv,3527,VALID
product-a81277714f19fd11a0e0,HSD,HSD,2021-22,2021,2022,2,FEB,6511,metric_tonnes,india_petroleum_consumption.csv,3528,VALID
product-a81277714f19fd11a0e0,HSD,HSD,2021-22,2021,2022,3,MAR,7704,metric_tonnes,india_petroleum_consumption.csv,3529,VALID
product-1fe5626b86832387d536,LDO,LDO,2021-22,2021,2021,4,APR,96,metric_tonnes,india_petroleum_consumption.csv,3530,VALID
product-1fe5626b86832387d536,LDO,LDO,2021-22,2021,2021,5,MAY,77,metric_tonnes,india_petroleum_consumption.csv,3531,VALID
product-1fe5626b86832387d536,LDO,LDO,2021-22,2021,2021,6,JUN,94,metric_tonnes,india_petroleum_consumption.csv,3532,VALID
product-1fe5626b86832387d536,LDO,LDO,2021-22,2021,2021,7,JUL,77,metric_tonnes,india_petroleum_consumption.csv,3533,VALID
product-1fe5626b86832387d536,LDO,LDO,2021-22,2021,2021,8,AUG,82,metric_tonnes,india_petroleum_consumption.csv,3534,VALID
product-1fe5626b86832387d536,LDO,LDO,2021-22,2021,2021,9,SEP,85,metric_tonnes,india_petroleum_consumption.csv,3535,VALID
product-1fe5626b86832387d536,LDO,LDO,2021-22,2021,2021,10,OCT,90,metric_tonnes,india_petroleum_consumption.csv,3536,VALID
product-1fe5626b86832387d536,LDO,LDO,2021-22,2021,2021,11,NOV,65,metric_tonnes,india_petroleum_consumption.csv,3537,VALID
product-1fe5626b86832387d536,LDO,LDO,2021-22,2021,2021,12,DEC,93,metric_tonnes,india_petroleum_consumption.csv,3538,VALID
product-1fe5626b86832387d536,LDO,LDO,2021-22,2021,2022,1,JAN,92,metric_tonnes,india_petroleum_consumption.csv,3539,VALID
product-1fe5626b86832387d536,LDO,LDO,2021-22,2021,2022,2,FEB,85,metric_tonnes,india_petroleum_consumption.csv,3540,VALID
product-1fe5626b86832387d536,LDO,LDO,2021-22,2021,2022,3,MAR,82,metric_tonnes,india_petroleum_consumption.csv,3541,VALID
product-95702a7f9ab5e32d6bf4,Lubricants & Greases,Lubricants & Greases,2021-22,2021,2021,4,APR,355,metric_tonnes,india_petroleum_consumption.csv,3542,VALID
product-95702a7f9ab5e32d6bf4,Lubricants & Greases,Lubricants & Greases,2021-22,2021,2021,5,MAY,318,metric_tonnes,india_petroleum_consumption.csv,3543,VALID
product-95702a7f9ab5e32d6bf4,Lubricants & Greases,Lubricants & Greases,2021-22,2021,2021,6,JUN,316,metric_tonnes,india_petroleum_consumption.csv,3544,VALID
product-95702a7f9ab5e32d6bf4,Lubricants & Greases,Lubricants & Greases,2021-22,2021,2021,7,JUL,319,metric_tonnes,india_petroleum_consumption.csv,3545,VALID
product-95702a7f9ab5e32d6bf4,Lubricants & Greases,Lubricants & Greases,2021-22,2021,2021,8,AUG,364,metric_tonnes,india_petroleum_consumption.csv,3546,VALID
product-95702a7f9ab5e32d6bf4,Lubricants & Greases,Lubricants & Greases,2021-22,2021,2021,9,SEP,377,metric_tonnes,india_petroleum_consumption.csv,3547,VALID
product-95702a7f9ab5e32d6bf4,Lubricants & Greases,Lubricants & Greases,2021-22,2021,2021,10,OCT,458,metric_tonnes,india_petroleum_consumption.csv,3548,VALID
product-95702a7f9ab5e32d6bf4,Lubricants & Greases,Lubricants & Greases,2021-22,2021,2021,11,NOV,354,metric_tonnes,india_petroleum_consumption.csv,3549,VALID
product-95702a7f9ab5e32d6bf4,Lubricants & Greases,Lubricants & Greases,2021-22,2021,2021,12,DEC,450,metric_tonnes,india_petroleum_consumption.csv,3550,VALID
product-95702a7f9ab5e32d6bf4,Lubricants & Greases,Lubricants & Greases,2021-22,2021,2022,1,JAN,310,metric_tonnes,india_petroleum_consumption.csv,3551,VALID
product-95702a7f9ab5e32d6bf4,Lubricants & Greases,Lubricants & Greases,2021-22,2021,2022,2,FEB,380,metric_tonnes,india_petroleum_consumption.csv,3552,VALID
product-95702a7f9ab5e32d6bf4,Lubricants & Greases,Lubricants & Greases,2021-22,2021,2022,3,MAR,538,metric_tonnes,india_petroleum_consumption.csv,3553,VALID
product-795922ede07e28180caa,FO & LSHS,FO & LSHS,2021-22,2021,2021,4,APR,517,metric_tonnes,india_petroleum_consumption.csv,3554,VALID
product-795922ede07e28180caa,FO & LSHS,FO & LSHS,2021-22,2021,2021,5,MAY,422,metric_tonnes,india_petroleum_consumption.csv,3555,VALID
product-795922ede07e28180caa,FO & LSHS,FO & LSHS,2021-22,2021,2021,6,JUN,504,metric_tonnes,india_petroleum_consumption.csv,3556,VALID
product-795922ede07e28180caa,FO & LSHS,FO & LSHS,2021-22,2021,2021,7,JUL,470,metric_tonnes,india_petroleum_consumption.csv,3557,VALID
product-795922ede07e28180caa,FO & LSHS,FO & LSHS,2021-22,2021,2021,8,AUG,517,metric_tonnes,india_petroleum_consumption.csv,3558,VALID
product-795922ede07e28180caa,FO & LSHS,FO & LSHS,2021-22,2021,2021,9,SEP,543,metric_tonnes,india_petroleum_consumption.csv,3559,VALID
product-795922ede07e28180caa,FO & LSHS,FO & LSHS,2021-22,2021,2021,10,OCT,559,metric_tonnes,india_petroleum_consumption.csv,3560,VALID
product-795922ede07e28180caa,FO & LSHS,FO & LSHS,2021-22,2021,2021,11,NOV,500,metric_tonnes,india_petroleum_consumption.csv,3561,VALID
product-795922ede07e28180caa,FO & LSHS,FO & LSHS,2021-22,2021,2021,12,DEC,566,metric_tonnes,india_petroleum_consumption.csv,3562,VALID
product-795922ede07e28180caa,FO & LSHS,FO & LSHS,2021-22,2021,2022,1,JAN,543,metric_tonnes,india_petroleum_consumption.csv,3563,VALID
product-795922ede07e28180caa,FO & LSHS,FO & LSHS,2021-22,2021,2022,2,FEB,530,metric_tonnes,india_petroleum_consumption.csv,3564,VALID
product-795922ede07e28180caa,FO & LSHS,FO & LSHS,2021-22,2021,2022,3,MAR,590,metric_tonnes,india_petroleum_consumption.csv,3565,VALID
product-790810d5c5602dbecaf2,Bitumen,Bitumen,2021-22,2021,2021,4,APR,818,metric_tonnes,india_petroleum_consumption.csv,3566,VALID
product-790810d5c5602dbecaf2,Bitumen,Bitumen,2021-22,2021,2021,5,MAY,653,metric_tonnes,india_petroleum_consumption.csv,3567,VALID
product-790810d5c5602dbecaf2,Bitumen,Bitumen,2021-22,2021,2021,6,JUN,570,metric_tonnes,india_petroleum_consumption.csv,3568,VALID
product-790810d5c5602dbecaf2,Bitumen,Bitumen,2021-22,2021,2021,7,JUL,435,metric_tonnes,india_petroleum_consumption.csv,3569,VALID
product-790810d5c5602dbecaf2,Bitumen,Bitumen,2021-22,2021,2021,8,AUG,312,metric_tonnes,india_petroleum_consumption.csv,3570,VALID
product-790810d5c5602dbecaf2,Bitumen,Bitumen,2021-22,2021,2021,9,SEP,397,metric_tonnes,india_petroleum_consumption.csv,3571,VALID
product-790810d5c5602dbecaf2,Bitumen,Bitumen,2021-22,2021,2021,10,OCT,660,metric_tonnes,india_petroleum_consumption.csv,3572,VALID
product-790810d5c5602dbecaf2,Bitumen,Bitumen,2021-22,2021,2021,11,NOV,547,metric_tonnes,india_petroleum_consumption.csv,3573,VALID
product-790810d5c5602dbecaf2,Bitumen,Bitumen,2021-22,2021,2021,12,DEC,772,metric_tonnes,india_petroleum_consumption.csv,3574,VALID
product-790810d5c5602dbecaf2,Bitumen,Bitumen,2021-22,2021,2022,1,JAN,826,metric_tonnes,india_petroleum_consumption.csv,3575,VALID
product-790810d5c5602dbecaf2,Bitumen,Bitumen,2021-22,2021,2022,2,FEB,884,metric_tonnes,india_petroleum_consumption.csv,3576,VALID
product-790810d5c5602dbecaf2,Bitumen,Bitumen,2021-22,2021,2022,3,MAR,943,metric_tonnes,india_petroleum_consumption.csv,3577,VALID
product-64fce74e71066b7ec4cf,Petroleum coke,Petroleum coke,2021-22,2021,2021,4,APR,797,metric_tonnes,india_petroleum_consumption.csv,3578,VALID
product-64fce74e71066b7ec4cf,Petroleum coke,Petroleum coke,2021-22,2021,2021,5,MAY,981,metric_tonnes,india_petroleum_consumption.csv,3579,VALID
product-64fce74e71066b7ec4cf,Petroleum coke,Petroleum coke,2021-22,2021,2021,6,JUN,1004,metric_tonnes,india_petroleum_consumption.csv,3580,VALID
product-64fce74e71066b7ec4cf,Petroleum coke,Petroleum coke,2021-22,2021,2021,7,JUL,1168,metric_tonnes,india_petroleum_consumption.csv,3581,VALID
product-64fce74e71066b7ec4cf,Petroleum coke,Petroleum coke,2021-22,2021,2021,8,AUG,928,metric_tonnes,india_petroleum_consumption.csv,3582,VALID
product-64fce74e71066b7ec4cf,Petroleum coke,Petroleum coke,2021-22,2021,2021,9,SEP,891,metric_tonnes,india_petroleum_consumption.csv,3583,VALID
product-64fce74e71066b7ec4cf,Petroleum coke,Petroleum coke,2021-22,2021,2021,10,OCT,1202,metric_tonnes,india_petroleum_consumption.csv,3584,VALID
product-64fce74e71066b7ec4cf,Petroleum coke,Petroleum coke,2021-22,2021,2021,11,NOV,926,metric_tonnes,india_petroleum_consumption.csv,3585,VALID
product-64fce74e71066b7ec4cf,Petroleum coke,Petroleum coke,2021-22,2021,2021,12,DEC,1683,metric_tonnes,india_petroleum_consumption.csv,3586,VALID
product-64fce74e71066b7ec4cf,Petroleum coke,Petroleum coke,2021-22,2021,2022,1,JAN,1782,metric_tonnes,india_petroleum_consumption.csv,3587,VALID
product-64fce74e71066b7ec4cf,Petroleum coke,Petroleum coke,2021-22,2021,2022,2,FEB,1520,metric_tonnes,india_petroleum_consumption.csv,3588,VALID
product-64fce74e71066b7ec4cf,Petroleum coke,Petroleum coke,2021-22,2021,2022,3,MAR,1373,metric_tonnes,india_petroleum_consumption.csv,3589,VALID
product-896a0734e71eaafd55e7,Others,Others,2021-22,2021,2021,4,APR,895,metric_tonnes,india_petroleum_consumption.csv,3590,VALID
product-896a0734e71eaafd55e7,Others,Others,2021-22,2021,2021,5,MAY,873,metric_tonnes,india_petroleum_consumption.csv,3591,VALID
product-896a0734e71eaafd55e7,Others,Others,2021-22,2021,2021,6,JUN,866,metric_tonnes,india_petroleum_consumption.csv,3592,VALID
product-896a0734e71eaafd55e7,Others,Others,2021-22,2021,2021,7,JUL,1185,metric_tonnes,india_petroleum_consumption.csv,3593,VALID
product-896a0734e71eaafd55e7,Others,Others,2021-22,2021,2021,8,AUG,968,metric_tonnes,india_petroleum_consumption.csv,3594,VALID
product-896a0734e71eaafd55e7,Others,Others,2021-22,2021,2021,9,SEP,1282,metric_tonnes,india_petroleum_consumption.csv,3595,VALID
product-896a0734e71eaafd55e7,Others,Others,2021-22,2021,2021,10,OCT,978,metric_tonnes,india_petroleum_consumption.csv,3596,VALID
product-896a0734e71eaafd55e7,Others,Others,2021-22,2021,2021,11,NOV,1143,metric_tonnes,india_petroleum_consumption.csv,3597,VALID
product-896a0734e71eaafd55e7,Others,Others,2021-22,2021,2021,12,DEC,981,metric_tonnes,india_petroleum_consumption.csv,3598,VALID
product-896a0734e71eaafd55e7,Others,Others,2021-22,2021,2022,1,JAN,1017,metric_tonnes,india_petroleum_consumption.csv,3599,VALID
product-896a0734e71eaafd55e7,Others,Others,2021-22,2021,2022,2,FEB,992,metric_tonnes,india_petroleum_consumption.csv,3600,VALID
product-896a0734e71eaafd55e7,Others,Others,2021-22,2021,2022,3,MAR,1116,metric_tonnes,india_petroleum_consumption.csv,3601,VALID
product-5575ab85b7b20e8c4793,LPG,LPG,2022-23,2022,2022,4,APR,2157,metric_tonnes,india_petroleum_consumption.csv,3602,VALID
product-5575ab85b7b20e8c4793,LPG,LPG,2022-23,2022,2022,5,MAY,2159,metric_tonnes,india_petroleum_consumption.csv,3603,VALID
product-5575ab85b7b20e8c4793,LPG,LPG,2022-23,2022,2022,6,JUN,2225,metric_tonnes,india_petroleum_consumption.csv,3604,VALID
product-5575ab85b7b20e8c4793,LPG,LPG,2022-23,2022,2022,7,JUL,2404,metric_tonnes,india_petroleum_consumption.csv,3605,VALID
product-5575ab85b7b20e8c4793,LPG,LPG,2022-23,2022,2022,8,AUG,2388,metric_tonnes,india_petroleum_consumption.csv,3606,VALID
product-5575ab85b7b20e8c4793,LPG,LPG,2022-23,2022,2022,9,SEP,2441,metric_tonnes,india_petroleum_consumption.csv,3607,VALID
product-5575ab85b7b20e8c4793,LPG,LPG,2022-23,2022,2022,10,OCT,2394,metric_tonnes,india_petroleum_consumption.csv,3608,VALID
product-5575ab85b7b20e8c4793,LPG,LPG,2022-23,2022,2022,11,NOV,2461,metric_tonnes,india_petroleum_consumption.csv,3609,VALID
product-5575ab85b7b20e8c4793,LPG,LPG,2022-23,2022,2022,12,DEC,2570,metric_tonnes,india_petroleum_consumption.csv,3610,VALID
product-5575ab85b7b20e8c4793,LPG,LPG,2022-23,2022,2023,1,JAN,2507,metric_tonnes,india_petroleum_consumption.csv,3611,VALID
product-5575ab85b7b20e8c4793,LPG,LPG,2022-23,2022,2023,2,FEB,2391,metric_tonnes,india_petroleum_consumption.csv,3612,VALID
product-5575ab85b7b20e8c4793,LPG,LPG,2022-23,2022,2023,3,MAR,2406,metric_tonnes,india_petroleum_consumption.csv,3613,VALID
product-352b4599428c13efa359,Naphtha,Naphtha,2022-23,2022,2022,4,APR,974,metric_tonnes,india_petroleum_consumption.csv,3614,VALID
product-352b4599428c13efa359,Naphtha,Naphtha,2022-23,2022,2022,5,MAY,828,metric_tonnes,india_petroleum_consumption.csv,3615,VALID
product-352b4599428c13efa359,Naphtha,Naphtha,2022-23,2022,2022,6,JUN,948,metric_tonnes,india_petroleum_consumption.csv,3616,VALID
product-352b4599428c13efa359,Naphtha,Naphtha,2022-23,2022,2022,7,JUL,1151,metric_tonnes,india_petroleum_consumption.csv,3617,VALID
product-352b4599428c13efa359,Naphtha,Naphtha,2022-23,2022,2022,8,AUG,1089,metric_tonnes,india_petroleum_consumption.csv,3618,VALID
product-352b4599428c13efa359,Naphtha,Naphtha,2022-23,2022,2022,9,SEP,977,metric_tonnes,india_petroleum_consumption.csv,3619,VALID
product-352b4599428c13efa359,Naphtha,Naphtha,2022-23,2022,2022,10,OCT,861,metric_tonnes,india_petroleum_consumption.csv,3620,VALID
product-352b4599428c13efa359,Naphtha,Naphtha,2022-23,2022,2022,11,NOV,931,metric_tonnes,india_petroleum_consumption.csv,3621,VALID
product-352b4599428c13efa359,Naphtha,Naphtha,2022-23,2022,2022,12,DEC,1040,metric_tonnes,india_petroleum_consumption.csv,3622,VALID
product-352b4599428c13efa359,Naphtha,Naphtha,2022-23,2022,2023,1,JAN,1133,metric_tonnes,india_petroleum_consumption.csv,3623,VALID
product-352b4599428c13efa359,Naphtha,Naphtha,2022-23,2022,2023,2,FEB,1067,metric_tonnes,india_petroleum_consumption.csv,3624,VALID
product-352b4599428c13efa359,Naphtha,Naphtha,2022-23,2022,2023,3,MAR,1129,metric_tonnes,india_petroleum_consumption.csv,3625,VALID
product-8d171ab9b604e34124ea,MS,MS,2022-23,2022,2022,4,APR,2797,metric_tonnes,india_petroleum_consumption.csv,3626,VALID
product-8d171ab9b604e34124ea,MS,MS,2022-23,2022,2022,5,MAY,3017,metric_tonnes,india_petroleum_consumption.csv,3627,VALID
product-8d171ab9b604e34124ea,MS,MS,2022-23,2022,2022,6,JUN,2968,metric_tonnes,india_petroleum_consumption.csv,3628,VALID
product-8d171ab9b604e34124ea,MS,MS,2022-23,2022,2022,7,JUL,2808,metric_tonnes,india_petroleum_consumption.csv,3629,VALID
product-8d171ab9b604e34124ea,MS,MS,2022-23,2022,2022,8,AUG,3006,metric_tonnes,india_petroleum_consumption.csv,3630,VALID
product-8d171ab9b604e34124ea,MS,MS,2022-23,2022,2022,9,SEP,2827,metric_tonnes,india_petroleum_consumption.csv,3631,VALID
product-8d171ab9b604e34124ea,MS,MS,2022-23,2022,2022,10,OCT,2996,metric_tonnes,india_petroleum_consumption.csv,3632,VALID
product-8d171ab9b604e34124ea,MS,MS,2022-23,2022,2022,11,NOV,2861,metric_tonnes,india_petroleum_consumption.csv,3633,VALID
product-8d171ab9b604e34124ea,MS,MS,2022-23,2022,2022,12,DEC,2984,metric_tonnes,india_petroleum_consumption.csv,3634,VALID
product-8d171ab9b604e34124ea,MS,MS,2022-23,2022,2023,1,JAN,2827,metric_tonnes,india_petroleum_consumption.csv,3635,VALID
product-8d171ab9b604e34124ea,MS,MS,2022-23,2022,2023,2,FEB,2776,metric_tonnes,india_petroleum_consumption.csv,3636,VALID
product-8d171ab9b604e34124ea,MS,MS,2022-23,2022,2023,3,MAR,3108,metric_tonnes,india_petroleum_consumption.csv,3637,VALID
product-198fc08108a024c9da45,ATF,ATF,2022-23,2022,2022,4,APR,553,metric_tonnes,india_petroleum_consumption.csv,3638,VALID
product-198fc08108a024c9da45,ATF,ATF,2022-23,2022,2022,5,MAY,596,metric_tonnes,india_petroleum_consumption.csv,3639,VALID
product-198fc08108a024c9da45,ATF,ATF,2022-23,2022,2022,6,JUN,588,metric_tonnes,india_petroleum_consumption.csv,3640,VALID
product-198fc08108a024c9da45,ATF,ATF,2022-23,2022,2022,7,JUL,579,metric_tonnes,india_petroleum_consumption.csv,3641,VALID
product-198fc08108a024c9da45,ATF,ATF,2022-23,2022,2022,8,AUG,596,metric_tonnes,india_petroleum_consumption.csv,3642,VALID
product-198fc08108a024c9da45,ATF,ATF,2022-23,2022,2022,9,SEP,592,metric_tonnes,india_petroleum_consumption.csv,3643,VALID
product-198fc08108a024c9da45,ATF,ATF,2022-23,2022,2022,10,OCT,616,metric_tonnes,india_petroleum_consumption.csv,3644,VALID
product-198fc08108a024c9da45,ATF,ATF,2022-23,2022,2022,11,NOV,618,metric_tonnes,india_petroleum_consumption.csv,3645,VALID
product-198fc08108a024c9da45,ATF,ATF,2022-23,2022,2022,12,DEC,659,metric_tonnes,india_petroleum_consumption.csv,3646,VALID
product-198fc08108a024c9da45,ATF,ATF,2022-23,2022,2023,1,JAN,668,metric_tonnes,india_petroleum_consumption.csv,3647,VALID
product-198fc08108a024c9da45,ATF,ATF,2022-23,2022,2023,2,FEB,626,metric_tonnes,india_petroleum_consumption.csv,3648,VALID
product-198fc08108a024c9da45,ATF,ATF,2022-23,2022,2023,3,MAR,688,metric_tonnes,india_petroleum_consumption.csv,3649,VALID
product-cdf634489bfbff660916,SKO,SKO,2022-23,2022,2022,4,APR,72,metric_tonnes,india_petroleum_consumption.csv,3650,VALID
product-cdf634489bfbff660916,SKO,SKO,2022-23,2022,2022,5,MAY,68,metric_tonnes,india_petroleum_consumption.csv,3651,VALID
product-cdf634489bfbff660916,SKO,SKO,2022-23,2022,2022,6,JUN,45,metric_tonnes,india_petroleum_consumption.csv,3652,VALID
product-cdf634489bfbff660916,SKO,SKO,2022-23,2022,2022,7,JUL,23,metric_tonnes,india_petroleum_consumption.csv,3653,VALID
product-cdf634489bfbff660916,SKO,SKO,2022-23,2022,2022,8,AUG,32,metric_tonnes,india_petroleum_consumption.csv,3654,VALID
product-cdf634489bfbff660916,SKO,SKO,2022-23,2022,2022,9,SEP,41,metric_tonnes,india_petroleum_consumption.csv,3655,VALID
product-cdf634489bfbff660916,SKO,SKO,2022-23,2022,2022,10,OCT,34,metric_tonnes,india_petroleum_consumption.csv,3656,VALID
product-cdf634489bfbff660916,SKO,SKO,2022-23,2022,2022,11,NOV,38,metric_tonnes,india_petroleum_consumption.csv,3657,VALID
product-cdf634489bfbff660916,SKO,SKO,2022-23,2022,2022,12,DEC,40,metric_tonnes,india_petroleum_consumption.csv,3658,VALID
product-cdf634489bfbff660916,SKO,SKO,2022-23,2022,2023,1,JAN,33,metric_tonnes,india_petroleum_consumption.csv,3659,VALID
product-cdf634489bfbff660916,SKO,SKO,2022-23,2022,2023,2,FEB,33,metric_tonnes,india_petroleum_consumption.csv,3660,VALID
product-cdf634489bfbff660916,SKO,SKO,2022-23,2022,2023,3,MAR,30,metric_tonnes,india_petroleum_consumption.csv,3661,VALID
product-a81277714f19fd11a0e0,HSD,HSD,2022-23,2022,2022,4,APR,7199,metric_tonnes,india_petroleum_consumption.csv,3662,VALID
product-a81277714f19fd11a0e0,HSD,HSD,2022-23,2022,2022,5,MAY,7287,metric_tonnes,india_petroleum_consumption.csv,3663,VALID
product-a81277714f19fd11a0e0,HSD,HSD,2022-23,2022,2022,6,JUN,7674,metric_tonnes,india_petroleum_consumption.csv,3664,VALID
product-a81277714f19fd11a0e0,HSD,HSD,2022-23,2022,2022,7,JUL,6633,metric_tonnes,india_petroleum_consumption.csv,3665,VALID
product-a81277714f19fd11a0e0,HSD,HSD,2022-23,2022,2022,8,AUG,6343,metric_tonnes,india_petroleum_consumption.csv,3666,VALID
product-a81277714f19fd11a0e0,HSD,HSD,2022-23,2022,2022,9,SEP,6253,metric_tonnes,india_petroleum_consumption.csv,3667,VALID
product-a81277714f19fd11a0e0,HSD,HSD,2022-23,2022,2022,10,OCT,6986,metric_tonnes,india_petroleum_consumption.csv,3668,VALID
product-a81277714f19fd11a0e0,HSD,HSD,2022-23,2022,2022,11,NOV,7763,metric_tonnes,india_petroleum_consumption.csv,3669,VALID
product-a81277714f19fd11a0e0,HSD,HSD,2022-23,2022,2022,12,DEC,7787,metric_tonnes,india_petroleum_consumption.csv,3670,VALID
product-a81277714f19fd11a0e0,HSD,HSD,2022-23,2022,2023,1,JAN,7178,metric_tonnes,india_petroleum_consumption.csv,3671,VALID
product-a81277714f19fd11a0e0,HSD,HSD,2022-23,2022,2023,2,FEB,7003,metric_tonnes,india_petroleum_consumption.csv,3672,VALID
product-a81277714f19fd11a0e0,HSD,HSD,2022-23,2022,2023,3,MAR,7794,metric_tonnes,india_petroleum_consumption.csv,3673,VALID
product-1fe5626b86832387d536,LDO,LDO,2022-23,2022,2022,4,APR,52,metric_tonnes,india_petroleum_consumption.csv,3674,VALID
product-1fe5626b86832387d536,LDO,LDO,2022-23,2022,2022,5,MAY,55,metric_tonnes,india_petroleum_consumption.csv,3675,VALID
product-1fe5626b86832387d536,LDO,LDO,2022-23,2022,2022,6,JUN,57,metric_tonnes,india_petroleum_consumption.csv,3676,VALID
product-1fe5626b86832387d536,LDO,LDO,2022-23,2022,2022,7,JUL,60,metric_tonnes,india_petroleum_consumption.csv,3677,VALID
product-1fe5626b86832387d536,LDO,LDO,2022-23,2022,2022,8,AUG,66,metric_tonnes,india_petroleum_consumption.csv,3678,VALID
product-1fe5626b86832387d536,LDO,LDO,2022-23,2022,2022,9,SEP,62,metric_tonnes,india_petroleum_consumption.csv,3679,VALID
product-1fe5626b86832387d536,LDO,LDO,2022-23,2022,2022,10,OCT,66,metric_tonnes,india_petroleum_consumption.csv,3680,VALID
product-1fe5626b86832387d536,LDO,LDO,2022-23,2022,2022,11,NOV,57,metric_tonnes,india_petroleum_consumption.csv,3681,VALID
product-1fe5626b86832387d536,LDO,LDO,2022-23,2022,2022,12,DEC,65,metric_tonnes,india_petroleum_consumption.csv,3682,VALID
product-1fe5626b86832387d536,LDO,LDO,2022-23,2022,2023,1,JAN,50,metric_tonnes,india_petroleum_consumption.csv,3683,VALID
product-1fe5626b86832387d536,LDO,LDO,2022-23,2022,2023,2,FEB,56,metric_tonnes,india_petroleum_consumption.csv,3684,VALID
product-1fe5626b86832387d536,LDO,LDO,2022-23,2022,2023,3,MAR,79,metric_tonnes,india_petroleum_consumption.csv,3685,VALID
product-95702a7f9ab5e32d6bf4,Lubricants & Greases,Lubricants & Greases,2022-23,2022,2022,4,APR,318,metric_tonnes,india_petroleum_consumption.csv,3686,VALID
product-95702a7f9ab5e32d6bf4,Lubricants & Greases,Lubricants & Greases,2022-23,2022,2022,5,MAY,300,metric_tonnes,india_petroleum_consumption.csv,3687,VALID
product-95702a7f9ab5e32d6bf4,Lubricants & Greases,Lubricants & Greases,2022-23,2022,2022,6,JUN,290,metric_tonnes,india_petroleum_consumption.csv,3688,VALID
product-95702a7f9ab5e32d6bf4,Lubricants & Greases,Lubricants & Greases,2022-23,2022,2022,7,JUL,311,metric_tonnes,india_petroleum_consumption.csv,3689,VALID
product-95702a7f9ab5e32d6bf4,Lubricants & Greases,Lubricants & Greases,2022-23,2022,2022,8,AUG,243,metric_tonnes,india_petroleum_consumption.csv,3690,VALID
product-95702a7f9ab5e32d6bf4,Lubricants & Greases,Lubricants & Greases,2022-23,2022,2022,9,SEP,266,metric_tonnes,india_petroleum_consumption.csv,3691,VALID
product-95702a7f9ab5e32d6bf4,Lubricants & Greases,Lubricants & Greases,2022-23,2022,2022,10,OCT,355,metric_tonnes,india_petroleum_consumption.csv,3692,VALID
product-95702a7f9ab5e32d6bf4,Lubricants & Greases,Lubricants & Greases,2022-23,2022,2022,11,NOV,302,metric_tonnes,india_petroleum_consumption.csv,3693,VALID
product-95702a7f9ab5e32d6bf4,Lubricants & Greases,Lubricants & Greases,2022-23,2022,2022,12,DEC,297,metric_tonnes,india_petroleum_consumption.csv,3694,VALID
product-95702a7f9ab5e32d6bf4,Lubricants & Greases,Lubricants & Greases,2022-23,2022,2023,1,JAN,302,metric_tonnes,india_petroleum_consumption.csv,3695,VALID
product-95702a7f9ab5e32d6bf4,Lubricants & Greases,Lubricants & Greases,2022-23,2022,2023,2,FEB,333,metric_tonnes,india_petroleum_consumption.csv,3696,VALID
product-95702a7f9ab5e32d6bf4,Lubricants & Greases,Lubricants & Greases,2022-23,2022,2023,3,MAR,420,metric_tonnes,india_petroleum_consumption.csv,3697,VALID
product-795922ede07e28180caa,FO & LSHS,FO & LSHS,2022-23,2022,2022,4,APR,522,metric_tonnes,india_petroleum_consumption.csv,3698,VALID
product-795922ede07e28180caa,FO & LSHS,FO & LSHS,2022-23,2022,2022,5,MAY,548,metric_tonnes,india_petroleum_consumption.csv,3699,VALID
product-795922ede07e28180caa,FO & LSHS,FO & LSHS,2022-23,2022,2022,6,JUN,550,metric_tonnes,india_petroleum_consumption.csv,3700,VALID
product-795922ede07e28180caa,FO & LSHS,FO & LSHS,2022-23,2022,2022,7,JUL,558,metric_tonnes,india_petroleum_consumption.csv,3701,VALID
product-795922ede07e28180caa,FO & LSHS,FO & LSHS,2022-23,2022,2022,8,AUG,617,metric_tonnes,india_petroleum_consumption.csv,3702,VALID
product-795922ede07e28180caa,FO & LSHS,FO & LSHS,2022-23,2022,2022,9,SEP,604,metric_tonnes,india_petroleum_consumption.csv,3703,VALID
product-795922ede07e28180caa,FO & LSHS,FO & LSHS,2022-23,2022,2022,10,OCT,592,metric_tonnes,india_petroleum_consumption.csv,3704,VALID
product-795922ede07e28180caa,FO & LSHS,FO & LSHS,2022-23,2022,2022,11,NOV,582,metric_tonnes,india_petroleum_consumption.csv,3705,VALID
product-795922ede07e28180caa,FO & LSHS,FO & LSHS,2022-23,2022,2022,12,DEC,622,metric_tonnes,india_petroleum_consumption.csv,3706,VALID
product-795922ede07e28180caa,FO & LSHS,FO & LSHS,2022-23,2022,2023,1,JAN,595,metric_tonnes,india_petroleum_consumption.csv,3707,VALID
product-795922ede07e28180caa,FO & LSHS,FO & LSHS,2022-23,2022,2023,2,FEB,576,metric_tonnes,india_petroleum_consumption.csv,3708,VALID
product-795922ede07e28180caa,FO & LSHS,FO & LSHS,2022-23,2022,2023,3,MAR,591,metric_tonnes,india_petroleum_consumption.csv,3709,VALID
product-790810d5c5602dbecaf2,Bitumen,Bitumen,2022-23,2022,2022,4,APR,801,metric_tonnes,india_petroleum_consumption.csv,3710,VALID
product-790810d5c5602dbecaf2,Bitumen,Bitumen,2022-23,2022,2022,5,MAY,734,metric_tonnes,india_petroleum_consumption.csv,3711,VALID
product-790810d5c5602dbecaf2,Bitumen,Bitumen,2022-23,2022,2022,6,JUN,690,metric_tonnes,india_petroleum_consumption.csv,3712,VALID
product-790810d5c5602dbecaf2,Bitumen,Bitumen,2022-23,2022,2022,7,JUL,341,metric_tonnes,india_petroleum_consumption.csv,3713,VALID
product-790810d5c5602dbecaf2,Bitumen,Bitumen,2022-23,2022,2022,8,AUG,316,metric_tonnes,india_petroleum_consumption.csv,3714,VALID
product-790810d5c5602dbecaf2,Bitumen,Bitumen,2022-23,2022,2022,9,SEP,363,metric_tonnes,india_petroleum_consumption.csv,3715,VALID
product-790810d5c5602dbecaf2,Bitumen,Bitumen,2022-23,2022,2022,10,OCT,590,metric_tonnes,india_petroleum_consumption.csv,3716,VALID
product-790810d5c5602dbecaf2,Bitumen,Bitumen,2022-23,2022,2022,11,NOV,845,metric_tonnes,india_petroleum_consumption.csv,3717,VALID
product-790810d5c5602dbecaf2,Bitumen,Bitumen,2022-23,2022,2022,12,DEC,717,metric_tonnes,india_petroleum_consumption.csv,3718,VALID
product-790810d5c5602dbecaf2,Bitumen,Bitumen,2022-23,2022,2023,1,JAN,708,metric_tonnes,india_petroleum_consumption.csv,3719,VALID
product-790810d5c5602dbecaf2,Bitumen,Bitumen,2022-23,2022,2023,2,FEB,874,metric_tonnes,india_petroleum_consumption.csv,3720,VALID
product-790810d5c5602dbecaf2,Bitumen,Bitumen,2022-23,2022,2023,3,MAR,1062,metric_tonnes,india_petroleum_consumption.csv,3721,VALID
product-64fce74e71066b7ec4cf,Petroleum coke,Petroleum coke,2022-23,2022,2022,4,APR,1726,metric_tonnes,india_petroleum_consumption.csv,3722,VALID
product-64fce74e71066b7ec4cf,Petroleum coke,Petroleum coke,2022-23,2022,2022,5,MAY,1472,metric_tonnes,india_petroleum_consumption.csv,3723,VALID
product-64fce74e71066b7ec4cf,Petroleum coke,Petroleum coke,2022-23,2022,2022,6,JUN,1297,metric_tonnes,india_petroleum_consumption.csv,3724,VALID
product-64fce74e71066b7ec4cf,Petroleum coke,Petroleum coke,2022-23,2022,2022,7,JUL,1669,metric_tonnes,india_petroleum_consumption.csv,3725,VALID
product-64fce74e71066b7ec4cf,Petroleum coke,Petroleum coke,2022-23,2022,2022,8,AUG,1230,metric_tonnes,india_petroleum_consumption.csv,3726,VALID
product-64fce74e71066b7ec4cf,Petroleum coke,Petroleum coke,2022-23,2022,2022,9,SEP,1382,metric_tonnes,india_petroleum_consumption.csv,3727,VALID
product-64fce74e71066b7ec4cf,Petroleum coke,Petroleum coke,2022-23,2022,2022,10,OCT,1722,metric_tonnes,india_petroleum_consumption.csv,3728,VALID
product-64fce74e71066b7ec4cf,Petroleum coke,Petroleum coke,2022-23,2022,2022,11,NOV,1515,metric_tonnes,india_petroleum_consumption.csv,3729,VALID
product-64fce74e71066b7ec4cf,Petroleum coke,Petroleum coke,2022-23,2022,2022,12,DEC,1419,metric_tonnes,india_petroleum_consumption.csv,3730,VALID
product-64fce74e71066b7ec4cf,Petroleum coke,Petroleum coke,2022-23,2022,2023,1,JAN,1382,metric_tonnes,india_petroleum_consumption.csv,3731,VALID
product-64fce74e71066b7ec4cf,Petroleum coke,Petroleum coke,2022-23,2022,2023,2,FEB,1568,metric_tonnes,india_petroleum_consumption.csv,3732,VALID
product-64fce74e71066b7ec4cf,Petroleum coke,Petroleum coke,2022-23,2022,2023,3,MAR,1960,metric_tonnes,india_petroleum_consumption.csv,3733,VALID
product-896a0734e71eaafd55e7,Others,Others,2022-23,2022,2022,4,APR,1283,metric_tonnes,india_petroleum_consumption.csv,3734,VALID
product-896a0734e71eaafd55e7,Others,Others,2022-23,2022,2022,5,MAY,1305,metric_tonnes,india_petroleum_consumption.csv,3735,VALID
product-896a0734e71eaafd55e7,Others,Others,2022-23,2022,2022,6,JUN,1191,metric_tonnes,india_petroleum_consumption.csv,3736,VALID
product-896a0734e71eaafd55e7,Others,Others,2022-23,2022,2022,7,JUL,1213,metric_tonnes,india_petroleum_consumption.csv,3737,VALID
product-896a0734e71eaafd55e7,Others,Others,2022-23,2022,2022,8,AUG,1516,metric_tonnes,india_petroleum_consumption.csv,3738,VALID
product-896a0734e71eaafd55e7,Others,Others,2022-23,2022,2022,9,SEP,1065,metric_tonnes,india_petroleum_consumption.csv,3739,VALID
product-896a0734e71eaafd55e7,Others,Others,2022-23,2022,2022,10,OCT,1367,metric_tonnes,india_petroleum_consumption.csv,3740,VALID
product-896a0734e71eaafd55e7,Others,Others,2022-23,2022,2022,11,NOV,1128,metric_tonnes,india_petroleum_consumption.csv,3741,VALID
product-896a0734e71eaafd55e7,Others,Others,2022-23,2022,2022,12,DEC,1340,metric_tonnes,india_petroleum_consumption.csv,3742,VALID
product-896a0734e71eaafd55e7,Others,Others,2022-23,2022,2023,1,JAN,1127,metric_tonnes,india_petroleum_consumption.csv,3743,VALID
product-896a0734e71eaafd55e7,Others,Others,2022-23,2022,2023,2,FEB,1354,metric_tonnes,india_petroleum_consumption.csv,3744,VALID
product-896a0734e71eaafd55e7,Others,Others,2022-23,2022,2023,3,MAR,1953,metric_tonnes,india_petroleum_consumption.csv,3745,VALID
product-5575ab85b7b20e8c4793,LPG,LPG,2023-24,2023,2023,4,APR,2154,metric_tonnes,india_petroleum_consumption.csv,3746,VALID
product-5575ab85b7b20e8c4793,LPG,LPG,2023-24,2023,2023,5,MAY,2347,metric_tonnes,india_petroleum_consumption.csv,3747,VALID
product-5575ab85b7b20e8c4793,LPG,LPG,2023-24,2023,2023,6,JUN,2233,metric_tonnes,india_petroleum_consumption.csv,3748,VALID
product-5575ab85b7b20e8c4793,LPG,LPG,2023-24,2023,2023,7,JUL,2390,metric_tonnes,india_petroleum_consumption.csv,3749,VALID
product-5575ab85b7b20e8c4793,LPG,LPG,2023-24,2023,2023,8,AUG,2460,metric_tonnes,india_petroleum_consumption.csv,3750,VALID
product-5575ab85b7b20e8c4793,LPG,LPG,2023-24,2023,2023,9,SEP,2551,metric_tonnes,india_petroleum_consumption.csv,3751,VALID
product-5575ab85b7b20e8c4793,LPG,LPG,2023-24,2023,2023,10,OCT,2496,metric_tonnes,india_petroleum_consumption.csv,3752,VALID
product-5575ab85b7b20e8c4793,LPG,LPG,2023-24,2023,2023,11,NOV,2487,metric_tonnes,india_petroleum_consumption.csv,3753,VALID
product-5575ab85b7b20e8c4793,LPG,LPG,2023-24,2023,2023,12,DEC,2628,metric_tonnes,india_petroleum_consumption.csv,3754,VALID
product-5575ab85b7b20e8c4793,LPG,LPG,2023-24,2023,2024,1,JAN,2698,metric_tonnes,india_petroleum_consumption.csv,3755,VALID
product-5575ab85b7b20e8c4793,LPG,LPG,2023-24,2023,2024,2,FEB,2608,metric_tonnes,india_petroleum_consumption.csv,3756,VALID
product-5575ab85b7b20e8c4793,LPG,LPG,2023-24,2023,2024,3,MAR,2612,metric_tonnes,india_petroleum_consumption.csv,3757,VALID
product-352b4599428c13efa359,Naphtha,Naphtha,2023-24,2023,2023,4,APR,1113,metric_tonnes,india_petroleum_consumption.csv,3758,VALID
product-352b4599428c13efa359,Naphtha,Naphtha,2023-24,2023,2023,5,MAY,1157,metric_tonnes,india_petroleum_consumption.csv,3759,VALID
product-352b4599428c13efa359,Naphtha,Naphtha,2023-24,2023,2023,6,JUN,1057,metric_tonnes,india_petroleum_consumption.csv,3760,VALID
product-352b4599428c13efa359,Naphtha,Naphtha,2023-24,2023,2023,7,JUL,1044,metric_tonnes,india_petroleum_consumption.csv,3761,VALID
product-352b4599428c13efa359,Naphtha,Naphtha,2023-24,2023,2023,8,AUG,1206,metric_tonnes,india_petroleum_consumption.csv,3762,VALID
product-352b4599428c13efa359,Naphtha,Naphtha,2023-24,2023,2023,9,SEP,1027,metric_tonnes,india_petroleum_consumption.csv,3763,VALID
product-352b4599428c13efa359,Naphtha,Naphtha,2023-24,2023,2023,10,OCT,1188,metric_tonnes,india_petroleum_consumption.csv,3764,VALID
product-352b4599428c13efa359,Naphtha,Naphtha,2023-24,2023,2023,11,NOV,1047,metric_tonnes,india_petroleum_consumption.csv,3765,VALID
product-352b4599428c13efa359,Naphtha,Naphtha,2023-24,2023,2023,12,DEC,1385,metric_tonnes,india_petroleum_consumption.csv,3766,VALID
product-352b4599428c13efa359,Naphtha,Naphtha,2023-24,2023,2024,1,JAN,1312,metric_tonnes,india_petroleum_consumption.csv,3767,VALID
product-352b4599428c13efa359,Naphtha,Naphtha,2023-24,2023,2024,2,FEB,1142,metric_tonnes,india_petroleum_consumption.csv,3768,VALID
product-352b4599428c13efa359,Naphtha,Naphtha,2023-24,2023,2024,3,MAR,1135,metric_tonnes,india_petroleum_consumption.csv,3769,VALID
product-8d171ab9b604e34124ea,MS,MS,2023-24,2023,2023,4,APR,2877,metric_tonnes,india_petroleum_consumption.csv,3770,VALID
product-8d171ab9b604e34124ea,MS,MS,2023-24,2023,2023,5,MAY,3350,metric_tonnes,india_petroleum_consumption.csv,3771,VALID
product-8d171ab9b604e34124ea,MS,MS,2023-24,2023,2023,6,JUN,3152,metric_tonnes,india_petroleum_consumption.csv,3772,VALID
product-8d171ab9b604e34124ea,MS,MS,2023-24,2023,2023,7,JUL,2984,metric_tonnes,india_petroleum_consumption.csv,3773,VALID
product-8d171ab9b604e34124ea,MS,MS,2023-24,2023,2023,8,AUG,3093,metric_tonnes,india_petroleum_consumption.csv,3774,VALID
product-8d171ab9b604e34124ea,MS,MS,2023-24,2023,2023,9,SEP,3058,metric_tonnes,india_petroleum_consumption.csv,3775,VALID
product-8d171ab9b604e34124ea,MS,MS,2023-24,2023,2023,10,OCT,3140,metric_tonnes,india_petroleum_consumption.csv,3776,VALID
product-8d171ab9b604e34124ea,MS,MS,2023-24,2023,2023,11,NOV,3129,metric_tonnes,india_petroleum_consumption.csv,3777,VALID
product-8d171ab9b604e34124ea,MS,MS,2023-24,2023,2023,12,DEC,2990,metric_tonnes,india_petroleum_consumption.csv,3778,VALID
product-8d171ab9b604e34124ea,MS,MS,2023-24,2023,2024,1,JAN,3100,metric_tonnes,india_petroleum_consumption.csv,3779,VALID
product-8d171ab9b604e34124ea,MS,MS,2023-24,2023,2024,2,FEB,3023,metric_tonnes,india_petroleum_consumption.csv,3780,VALID
product-8d171ab9b604e34124ea,MS,MS,2023-24,2023,2024,3,MAR,3324,metric_tonnes,india_petroleum_consumption.csv,3781,VALID
product-198fc08108a024c9da45,ATF,ATF,2023-24,2023,2023,4,APR,656,metric_tonnes,india_petroleum_consumption.csv,3782,VALID
product-198fc08108a024c9da45,ATF,ATF,2023-24,2023,2023,5,MAY,671,metric_tonnes,india_petroleum_consumption.csv,3783,VALID
product-198fc08108a024c9da45,ATF,ATF,2023-24,2023,2023,6,JUN,642,metric_tonnes,india_petroleum_consumption.csv,3784,VALID
product-198fc08108a024c9da45,ATF,ATF,2023-24,2023,2023,7,JUL,663,metric_tonnes,india_petroleum_consumption.csv,3785,VALID
product-198fc08108a024c9da45,ATF,ATF,2023-24,2023,2023,8,AUG,677,metric_tonnes,india_petroleum_consumption.csv,3786,VALID
product-198fc08108a024c9da45,ATF,ATF,2023-24,2023,2023,9,SEP,657,metric_tonnes,india_petroleum_consumption.csv,3787,VALID
product-198fc08108a024c9da45,ATF,ATF,2023-24,2023,2023,10,OCT,692,metric_tonnes,india_petroleum_consumption.csv,3788,VALID
product-198fc08108a024c9da45,ATF,ATF,2023-24,2023,2023,11,NOV,690,metric_tonnes,india_petroleum_consumption.csv,3789,VALID
product-198fc08108a024c9da45,ATF,ATF,2023-24,2023,2023,12,DEC,720,metric_tonnes,india_petroleum_consumption.csv,3790,VALID
product-198fc08108a024c9da45,ATF,ATF,2023-24,2023,2024,1,JAN,717,metric_tonnes,india_petroleum_consumption.csv,3791,VALID
product-198fc08108a024c9da45,ATF,ATF,2023-24,2023,2024,2,FEB,705,metric_tonnes,india_petroleum_consumption.csv,3792,VALID
product-198fc08108a024c9da45,ATF,ATF,2023-24,2023,2024,3,MAR,758,metric_tonnes,india_petroleum_consumption.csv,3793,VALID
product-cdf634489bfbff660916,SKO,SKO,2023-24,2023,2023,4,APR,30,metric_tonnes,india_petroleum_consumption.csv,3794,VALID
product-cdf634489bfbff660916,SKO,SKO,2023-24,2023,2023,5,MAY,42,metric_tonnes,india_petroleum_consumption.csv,3795,VALID
product-cdf634489bfbff660916,SKO,SKO,2023-24,2023,2023,6,JUN,51,metric_tonnes,india_petroleum_consumption.csv,3796,VALID
product-cdf634489bfbff660916,SKO,SKO,2023-24,2023,2023,7,JUL,50,metric_tonnes,india_petroleum_consumption.csv,3797,VALID
product-cdf634489bfbff660916,SKO,SKO,2023-24,2023,2023,8,AUG,52,metric_tonnes,india_petroleum_consumption.csv,3798,VALID
product-cdf634489bfbff660916,SKO,SKO,2023-24,2023,2023,9,SEP,32,metric_tonnes,india_petroleum_consumption.csv,3799,VALID
product-cdf634489bfbff660916,SKO,SKO,2023-24,2023,2023,10,OCT,34,metric_tonnes,india_petroleum_consumption.csv,3800,VALID
product-cdf634489bfbff660916,SKO,SKO,2023-24,2023,2023,11,NOV,45,metric_tonnes,india_petroleum_consumption.csv,3801,VALID
product-cdf634489bfbff660916,SKO,SKO,2023-24,2023,2023,12,DEC,41,metric_tonnes,india_petroleum_consumption.csv,3802,VALID
product-cdf634489bfbff660916,SKO,SKO,2023-24,2023,2024,1,JAN,36,metric_tonnes,india_petroleum_consumption.csv,3803,VALID
product-cdf634489bfbff660916,SKO,SKO,2023-24,2023,2024,2,FEB,36,metric_tonnes,india_petroleum_consumption.csv,3804,VALID
product-cdf634489bfbff660916,SKO,SKO,2023-24,2023,2024,3,MAR,32,metric_tonnes,india_petroleum_consumption.csv,3805,VALID
product-a81277714f19fd11a0e0,HSD,HSD,2023-24,2023,2023,4,APR,7818,metric_tonnes,india_petroleum_consumption.csv,3806,VALID
product-a81277714f19fd11a0e0,HSD,HSD,2023-24,2023,2023,5,MAY,8217,metric_tonnes,india_petroleum_consumption.csv,3807,VALID
product-a81277714f19fd11a0e0,HSD,HSD,2023-24,2023,2023,6,JUN,7906,metric_tonnes,india_petroleum_consumption.csv,3808,VALID
product-a81277714f19fd11a0e0,HSD,HSD,2023-24,2023,2023,7,JUL,6885,metric_tonnes,india_petroleum_consumption.csv,3809,VALID
product-a81277714f19fd11a0e0,HSD,HSD,2023-24,2023,2023,8,AUG,6670,metric_tonnes,india_petroleum_consumption.csv,3810,VALID
product-a81277714f19fd11a0e0,HSD,HSD,2023-24,2023,2023,9,SEP,6493,metric_tonnes,india_petroleum_consumption.csv,3811,VALID
product-a81277714f19fd11a0e0,HSD,HSD,2023-24,2023,2023,10,OCT,7634,metric_tonnes,india_petroleum_consumption.csv,3812,VALID
product-a81277714f19fd11a0e0,HSD,HSD,2023-24,2023,2023,11,NOV,7525,metric_tonnes,india_petroleum_consumption.csv,3813,VALID
product-a81277714f19fd11a0e0,HSD,HSD,2023-24,2023,2023,12,DEC,7603,metric_tonnes,india_petroleum_consumption.csv,3814,VALID
product-a81277714f19fd11a0e0,HSD,HSD,2023-24,2023,2024,1,JAN,7424,metric_tonnes,india_petroleum_consumption.csv,3815,VALID
product-a81277714f19fd11a0e0,HSD,HSD,2023-24,2023,2024,2,FEB,7443,metric_tonnes,india_petroleum_consumption.csv,3816,VALID
product-a81277714f19fd11a0e0,HSD,HSD,2023-24,2023,2024,3,MAR,8007,metric_tonnes,india_petroleum_consumption.csv,3817,VALID
product-1fe5626b86832387d536,LDO,LDO,2023-24,2023,2023,4,APR,61,metric_tonnes,india_petroleum_consumption.csv,3818,VALID
product-1fe5626b86832387d536,LDO,LDO,2023-24,2023,2023,5,MAY,69,metric_tonnes,india_petroleum_consumption.csv,3819,VALID
product-1fe5626b86832387d536,LDO,LDO,2023-24,2023,2023,6,JUN,66,metric_tonnes,india_petroleum_consumption.csv,3820,VALID
product-1fe5626b86832387d536,LDO,LDO,2023-24,2023,2023,7,JUL,63,metric_tonnes,india_petroleum_consumption.csv,3821,VALID
product-1fe5626b86832387d536,LDO,LDO,2023-24,2023,2023,8,AUG,75,metric_tonnes,india_petroleum_consumption.csv,3822,VALID
product-1fe5626b86832387d536,LDO,LDO,2023-24,2023,2023,9,SEP,63,metric_tonnes,india_petroleum_consumption.csv,3823,VALID
product-1fe5626b86832387d536,LDO,LDO,2023-24,2023,2023,10,OCT,67,metric_tonnes,india_petroleum_consumption.csv,3824,VALID
product-1fe5626b86832387d536,LDO,LDO,2023-24,2023,2023,11,NOV,54,metric_tonnes,india_petroleum_consumption.csv,3825,VALID
product-1fe5626b86832387d536,LDO,LDO,2023-24,2023,2023,12,DEC,66,metric_tonnes,india_petroleum_consumption.csv,3826,VALID
product-1fe5626b86832387d536,LDO,LDO,2023-24,2023,2024,1,JAN,68,metric_tonnes,india_petroleum_consumption.csv,3827,VALID
product-1fe5626b86832387d536,LDO,LDO,2023-24,2023,2024,2,FEB,63,metric_tonnes,india_petroleum_consumption.csv,3828,VALID
product-1fe5626b86832387d536,LDO,LDO,2023-24,2023,2024,3,MAR,67,metric_tonnes,india_petroleum_consumption.csv,3829,VALID
product-95702a7f9ab5e32d6bf4,Lubricants & Greases,Lubricants & Greases,2023-24,2023,2023,4,APR,274,metric_tonnes,india_petroleum_consumption.csv,3830,VALID
product-95702a7f9ab5e32d6bf4,Lubricants & Greases,Lubricants & Greases,2023-24,2023,2023,5,MAY,323,metric_tonnes,india_petroleum_consumption.csv,3831,VALID
product-95702a7f9ab5e32d6bf4,Lubricants & Greases,Lubricants & Greases,2023-24,2023,2023,6,JUN,319,metric_tonnes,india_petroleum_consumption.csv,3832,VALID
product-95702a7f9ab5e32d6bf4,Lubricants & Greases,Lubricants & Greases,2023-24,2023,2023,7,JUL,410,metric_tonnes,india_petroleum_consumption.csv,3833,VALID
product-95702a7f9ab5e32d6bf4,Lubricants & Greases,Lubricants & Greases,2023-24,2023,2023,8,AUG,326,metric_tonnes,india_petroleum_consumption.csv,3834,VALID
product-95702a7f9ab5e32d6bf4,Lubricants & Greases,Lubricants & Greases,2023-24,2023,2023,9,SEP,340,metric_tonnes,india_petroleum_consumption.csv,3835,VALID
product-95702a7f9ab5e32d6bf4,Lubricants & Greases,Lubricants & Greases,2023-24,2023,2023,10,OCT,320,metric_tonnes,india_petroleum_consumption.csv,3836,VALID
product-95702a7f9ab5e32d6bf4,Lubricants & Greases,Lubricants & Greases,2023-24,2023,2023,11,NOV,353,metric_tonnes,india_petroleum_consumption.csv,3837,VALID
product-95702a7f9ab5e32d6bf4,Lubricants & Greases,Lubricants & Greases,2023-24,2023,2023,12,DEC,390,metric_tonnes,india_petroleum_consumption.csv,3838,VALID
product-95702a7f9ab5e32d6bf4,Lubricants & Greases,Lubricants & Greases,2023-24,2023,2024,1,JAN,321,metric_tonnes,india_petroleum_consumption.csv,3839,VALID
product-95702a7f9ab5e32d6bf4,Lubricants & Greases,Lubricants & Greases,2023-24,2023,2024,2,FEB,336,metric_tonnes,india_petroleum_consumption.csv,3840,VALID
product-95702a7f9ab5e32d6bf4,Lubricants & Greases,Lubricants & Greases,2023-24,2023,2024,3,MAR,376,metric_tonnes,india_petroleum_consumption.csv,3841,VALID
product-795922ede07e28180caa,FO & LSHS,FO & LSHS,2023-24,2023,2023,4,APR,585,metric_tonnes,india_petroleum_consumption.csv,3842,VALID
product-795922ede07e28180caa,FO & LSHS,FO & LSHS,2023-24,2023,2023,5,MAY,600,metric_tonnes,india_petroleum_consumption.csv,3843,VALID
product-795922ede07e28180caa,FO & LSHS,FO & LSHS,2023-24,2023,2023,6,JUN,511,metric_tonnes,india_petroleum_consumption.csv,3844,VALID
product-795922ede07e28180caa,FO & LSHS,FO & LSHS,2023-24,2023,2023,7,JUL,562,metric_tonnes,india_petroleum_consumption.csv,3845,VALID
product-795922ede07e28180caa,FO & LSHS,FO & LSHS,2023-24,2023,2023,8,AUG,509,metric_tonnes,india_petroleum_consumption.csv,3846,VALID
product-795922ede07e28180caa,FO & LSHS,FO & LSHS,2023-24,2023,2023,9,SEP,538,metric_tonnes,india_petroleum_consumption.csv,3847,VALID
product-795922ede07e28180caa,FO & LSHS,FO & LSHS,2023-24,2023,2023,10,OCT,525,metric_tonnes,india_petroleum_consumption.csv,3848,VALID
product-795922ede07e28180caa,FO & LSHS,FO & LSHS,2023-24,2023,2023,11,NOV,513,metric_tonnes,india_petroleum_consumption.csv,3849,VALID
product-795922ede07e28180caa,FO & LSHS,FO & LSHS,2023-24,2023,2023,12,DEC,565,metric_tonnes,india_petroleum_consumption.csv,3850,VALID
product-795922ede07e28180caa,FO & LSHS,FO & LSHS,2023-24,2023,2024,1,JAN,562,metric_tonnes,india_petroleum_consumption.csv,3851,VALID
product-795922ede07e28180caa,FO & LSHS,FO & LSHS,2023-24,2023,2024,2,FEB,523,metric_tonnes,india_petroleum_consumption.csv,3852,VALID
product-795922ede07e28180caa,FO & LSHS,FO & LSHS,2023-24,2023,2024,3,MAR,527,metric_tonnes,india_petroleum_consumption.csv,3853,VALID
product-790810d5c5602dbecaf2,Bitumen,Bitumen,2023-24,2023,2023,4,APR,878,metric_tonnes,india_petroleum_consumption.csv,3854,VALID
product-790810d5c5602dbecaf2,Bitumen,Bitumen,2023-24,2023,2023,5,MAY,864,metric_tonnes,india_petroleum_consumption.csv,3855,VALID
product-790810d5c5602dbecaf2,Bitumen,Bitumen,2023-24,2023,2023,6,JUN,752,metric_tonnes,india_petroleum_consumption.csv,3856,VALID
product-790810d5c5602dbecaf2,Bitumen,Bitumen,2023-24,2023,2023,7,JUL,514,metric_tonnes,india_petroleum_consumption.csv,3857,VALID
product-790810d5c5602dbecaf2,Bitumen,Bitumen,2023-24,2023,2023,8,AUG,501,metric_tonnes,india_petroleum_consumption.csv,3858,VALID
product-790810d5c5602dbecaf2,Bitumen,Bitumen,2023-24,2023,2023,9,SEP,499,metric_tonnes,india_petroleum_consumption.csv,3859,VALID
product-790810d5c5602dbecaf2,Bitumen,Bitumen,2023-24,2023,2023,10,OCT,747,metric_tonnes,india_petroleum_consumption.csv,3860,VALID
product-790810d5c5602dbecaf2,Bitumen,Bitumen,2023-24,2023,2023,11,NOV,624,metric_tonnes,india_petroleum_consumption.csv,3861,VALID
product-790810d5c5602dbecaf2,Bitumen,Bitumen,2023-24,2023,2023,12,DEC,743,metric_tonnes,india_petroleum_consumption.csv,3862,VALID
product-790810d5c5602dbecaf2,Bitumen,Bitumen,2023-24,2023,2024,1,JAN,754,metric_tonnes,india_petroleum_consumption.csv,3863,VALID
product-790810d5c5602dbecaf2,Bitumen,Bitumen,2023-24,2023,2024,2,FEB,882,metric_tonnes,india_petroleum_consumption.csv,3864,VALID
product-790810d5c5602dbecaf2,Bitumen,Bitumen,2023-24,2023,2024,3,MAR,1051,metric_tonnes,india_petroleum_consumption.csv,3865,VALID
product-64fce74e71066b7ec4cf,Petroleum coke,Petroleum coke,2023-24,2023,2023,4,APR,1379,metric_tonnes,india_petroleum_consumption.csv,3866,VALID
product-64fce74e71066b7ec4cf,Petroleum coke,Petroleum coke,2023-24,2023,2023,5,MAY,1812,metric_tonnes,india_petroleum_consumption.csv,3867,VALID
product-64fce74e71066b7ec4cf,Petroleum coke,Petroleum coke,2023-24,2023,2023,6,JUN,1596,metric_tonnes,india_petroleum_consumption.csv,3868,VALID
product-64fce74e71066b7ec4cf,Petroleum coke,Petroleum coke,2023-24,2023,2023,7,JUL,1660,metric_tonnes,india_petroleum_consumption.csv,3869,VALID
product-64fce74e71066b7ec4cf,Petroleum coke,Petroleum coke,2023-24,2023,2023,8,AUG,1759,metric_tonnes,india_petroleum_consumption.csv,3870,VALID
product-64fce74e71066b7ec4cf,Petroleum coke,Petroleum coke,2023-24,2023,2023,9,SEP,1500,metric_tonnes,india_petroleum_consumption.csv,3871,VALID
product-64fce74e71066b7ec4cf,Petroleum coke,Petroleum coke,2023-24,2023,2023,10,OCT,1643,metric_tonnes,india_petroleum_consumption.csv,3872,VALID
product-64fce74e71066b7ec4cf,Petroleum coke,Petroleum coke,2023-24,2023,2023,11,NOV,1333,metric_tonnes,india_petroleum_consumption.csv,3873,VALID
product-64fce74e71066b7ec4cf,Petroleum coke,Petroleum coke,2023-24,2023,2023,12,DEC,1722,metric_tonnes,india_petroleum_consumption.csv,3874,VALID
product-64fce74e71066b7ec4cf,Petroleum coke,Petroleum coke,2023-24,2023,2024,1,JAN,1591,metric_tonnes,india_petroleum_consumption.csv,3875,VALID
product-64fce74e71066b7ec4cf,Petroleum coke,Petroleum coke,2023-24,2023,2024,2,FEB,2081,metric_tonnes,india_petroleum_consumption.csv,3876,VALID
product-64fce74e71066b7ec4cf,Petroleum coke,Petroleum coke,2023-24,2023,2024,3,MAR,2242,metric_tonnes,india_petroleum_consumption.csv,3877,VALID
product-896a0734e71eaafd55e7,Others,Others,2023-24,2023,2023,4,APR,883,metric_tonnes,india_petroleum_consumption.csv,3878,VALID
product-896a0734e71eaafd55e7,Others,Others,2023-24,2023,2023,5,MAY,1238,metric_tonnes,india_petroleum_consumption.csv,3879,VALID
product-896a0734e71eaafd55e7,Others,Others,2023-24,2023,2023,6,JUN,1198,metric_tonnes,india_petroleum_consumption.csv,3880,VALID
product-896a0734e71eaafd55e7,Others,Others,2023-24,2023,2023,7,JUL,1067,metric_tonnes,india_petroleum_consumption.csv,3881,VALID
product-896a0734e71eaafd55e7,Others,Others,2023-24,2023,2023,8,AUG,1516,metric_tonnes,india_petroleum_consumption.csv,3882,VALID
product-896a0734e71eaafd55e7,Others,Others,2023-24,2023,2023,9,SEP,1455,metric_tonnes,india_petroleum_consumption.csv,3883,VALID
product-896a0734e71eaafd55e7,Others,Others,2023-24,2023,2023,10,OCT,980,metric_tonnes,india_petroleum_consumption.csv,3884,VALID
product-896a0734e71eaafd55e7,Others,Others,2023-24,2023,2023,11,NOV,884,metric_tonnes,india_petroleum_consumption.csv,3885,VALID
product-896a0734e71eaafd55e7,Others,Others,2023-24,2023,2023,12,DEC,1400,metric_tonnes,india_petroleum_consumption.csv,3886,VALID
product-896a0734e71eaafd55e7,Others,Others,2023-24,2023,2024,1,JAN,1282,metric_tonnes,india_petroleum_consumption.csv,3887,VALID
product-896a0734e71eaafd55e7,Others,Others,2023-24,2023,2024,2,FEB,1351,metric_tonnes,india_petroleum_consumption.csv,3888,VALID
product-896a0734e71eaafd55e7,Others,Others,2023-24,2023,2024,3,MAR,1442,metric_tonnes,india_petroleum_consumption.csv,3889,VALID
