product,financial_year,calendar_year,month_number,month_name,consumption_metric_tonnes
LPG,2024-25,2024,4,APR,2373
LPG,2024-25,2024,5,MAY,2410
LPG,2024-25,2024,6,JUN,2320
LPG,2024-25,2024,7,JUL,2649
LPG,2024-25,2024,8,AUG,2664
LPG,2024-25,2024,9,SEP,2610
LPG,2024-25,2024,10,OCT,2721
LPG,2024-25,2024,11,NOV,2665
LPG,2024-25,2024,12,DEC,2772
LPG,2024-25,2025,1,JAN,2844
LPG,2024-25,2025,2,FEB,2573
LPG,2024-25,2025,3,MAR,2722
Naphtha,2024-25,2024,4,APR,1217
Naphtha,2024-25,2024,5,MAY,1090
Naphtha,2024-25,2024,6,JUN,1014
Naphtha,2024-25,2024,7,JUL,1224
Naphtha,2024-25,2024,8,AUG,1156
Naphtha,2024-25,2024,9,SEP,1018
Naphtha,2024-25,2024,10,OCT,1164
Naphtha,2024-25,2024,11,NOV,1098
Naphtha,2024-25,2024,12,DEC,1010
Naphtha,2024-25,2025,1,JAN,1140
Naphtha,2024-25,2025,2,FEB,945
Naphtha,2024-25,2025,3,MAR,1078
MS,2024-25,2024,4,APR,3285
MS,2024-25,2024,5,MAY,3463
MS,2024-25,2024,6,JUN,3296
MS,2024-25,2024,7,JUL,3297
MS,2024-25,2024,8,AUG,3360
MS,2024-25,2024,9,SEP,3149
MS,2024-25,2024,10,OCT,3412
MS,2024-25,2024,11,NOV,3428
MS,2024-25,2024,12,DEC,3320
MS,2024-25,2025,1,JAN,3308
MS,2024-25,2025,2,FEB,3174
MS,2024-25,2025,3,MAR,3512
ATF,2024-25,2024,4,APR,742
ATF,2024-25,2024,5,MAY,744
ATF,2024-25,2024,6,JUN,707
ATF,2024-25,2024,7,JUL,727
ATF,2024-25,2024,8,AUG,732
ATF,2024-25,2024,9,SEP,726
ATF,2024-25,2024,10,OCT,757
ATF,2024-25,2024,11,NOV,748
ATF,2024-25,2024,12,DEC,782
ATF,2024-25,2025,1,JAN,784
ATF,2024-25,2025,2,FEB,735
ATF,2024-25,2025,3,MAR,801
SKO,2024-25,2024,4,APR,27
SKO,2024-25,2024,5,MAY,30
SKO,2024-25,2024,6,JUN,36
SKO,2024-25,2024,7,JUL,41
SKO,2024-25,2024,8,AUG,35
SKO,2024-25,2024,9,SEP,36
SKO,2024-25,2024,10,OCT,33
SKO,2024-25,2024,11,NOV,36
SKO,2024-25,2024,12,DEC,35
SKO,2024-25,2025,1,JAN,35
SKO,2024-25,2025,2,FEB,32
SKO,2024-25,2025,3,MAR,33
HSD,2024-25,2024,4,APR,7925
HSD,2024-25,2024,5,MAY,8412
HSD,2024-25,2024,6,JUN,7982
HSD,2024-25,2024,7,JUL,7193
HSD,2024-25,2024,8,AUG,6501
HSD,2024-25,2024,9,SEP,6369
HSD,2024-25,2024,10,OCT,7645
HSD,2024-25,2024,11,NOV,8166
HSD,2024-25,2024,12,DEC,8054
HSD,2024-25,2025,1,JAN,7739
HSD,2024-25,2025,2,FEB,7343
HSD,2024-25,2025,3,MAR,8077
LDO,2024-25,2024,4,APR,51
LDO,2024-25,2024,5,MAY,62
LDO,2024-25,2024,6,JUN,65
LDO,2024-25,2024,7,JUL,61
LDO,2024-25,2024,8,AUG,80
LDO,2024-25,2024,9,SEP,71
LDO,2024-25,2024,10,OCT,69
LDO,2024-25,2024,11,NOV,80
LDO,2024-25,2024,12,DEC,70
LDO,2024-25,2025,1,JAN,76
LDO,2024-25,2025,2,FEB,62
LDO,2024-25,2025,3,MAR,91
Lubricants & Greases,2024-25,2024,4,APR,375
Lubricants & Greases,2024-25,2024,5,MAY,471
Lubricants & Greases,2024-25,2024,6,JUN,436
Lubricants & Greases,2024-25,2024,7,JUL,318
Lubricants & Greases,2024-25,2024,8,AUG,341
Lubricants & Greases,2024-25,2024,9,SEP,382
Lubricants & Greases,2024-25,2024,10,OCT,346
Lubricants & Greases,2024-25,2024,11,NOV,351
Lubricants & Greases,2024-25,2024,12,DEC,362
Lubricants & Greases,2024-25,2025,1,JAN,395
Lubricants & Greases,2024-25,2025,2,FEB,354
Lubricants & Greases,2024-25,2025,3,MAR,458
FO & LSHS,2024-25,2024,4,APR,527
FO & LSHS,2024-25,2024,5,MAY,617
FO & LSHS,2024-25,2024,6,JUN,575
FO & LSHS,2024-25,2024,7,JUL,506
FO & LSHS,2024-25,2024,8,AUG,491
FO & LSHS,2024-25,2024,9,SEP,556
FO & LSHS,2024-25,2024,10,OCT,623
FO & LSHS,2024-25,2024,11,NOV,500
FO & LSHS,2024-25,2024,12,DEC,555
FO & LSHS,2024-25,2025,1,JAN,549
FO & LSHS,2024-25,2025,2,FEB,476
FO & LSHS,2024-25,2025,3,MAR,483
Bitumen,2024-25,2024,4,APR,835
Bitumen,2024-25,2024,5,MAY,940
Bitumen,2024-25,2024,6,JUN,744
Bitumen,2024-25,2024,7,JUL,408
Bitumen,2024-25,2024,8,AUG,286
Bitumen,2024-25,2024,9,SEP,416
Bitumen,2024-25,2024,10,OCT,638
Bitumen,2024-25,2024,11,NOV,708
Bitumen,2024-25,2024,12,DEC,771
Bitumen,2024-25,2025,1,JAN,765
Bitumen,2024-25,2025,2,FEB,833
Bitumen,2024-25,2025,3,MAR,986
Petroleum coke,2024-25,2024,4,APR,1805
Petroleum coke,2024-25,2024,5,MAY,1723
Petroleum coke,2024-25,2024,6,JUN,1532
Petroleum coke,2024-25,2024,7,JUL,2368
Petroleum coke,2024-25,2024,8,AUG,1725
Petroleum coke,2024-25,2024,9,SEP,1213
Petroleum coke,2024-25,2024,10,OCT,2035
Petroleum coke,2024-25,2024,11,NOV,2057
Petroleum coke,2024-25,2024,12,DEC,1954
Petroleum coke,2024-25,2025,1,JAN,1911
Petroleum coke,2024-25,2025,2,FEB,1854
Petroleum coke,2024-25,2025,3,MAR,1887
Others,2024-25,2024,4,APR,1001
Others,2024-25,2024,5,MAY,1119
Others,2024-25,2024,6,JUN,1230
Others,2024-25,2024,7,JUL,1449
Others,2024-25,2024,8,AUG,892
Others,2024-25,2024,9,SEP,865
Others,2024-25,2024,10,OCT,811
Others,2024-25,2024,11,NOV,818
Others,2024-25,2024,12,DEC,969
Others,2024-25,2025,1,JAN,921
Others,2024-25,2025,2,FEB,756
Others,2024-25,2025,3,MAR,783
LPG,1998-99,1998,4,APR,394
LPG,1998-99,1998,5,MAY,393
LPG,1998-99,1998,6,JUN,381
LPG,1998-99,1998,7,JUL,438
LPG,1998-99,1998,8,AUG,415
LPG,1998-99,1998,9,SEP,440
LPG,1998-99,1998,10,OCT,447
LPG,1998-99,1998,11,NOV,464
LPG,1998-99,1998,12,DEC,483
LPG,1998-99,1999,1,JAN,502
LPG,1998-99,1999,2,FEB,489
LPG,1998-99,1999,3,MAR,506
Naphtha,1998-99,1998,4,APR,596
Naphtha,1998-99,1998,5,MAY,709
Naphtha,1998-99,1998,6,JUN,628
Naphtha,1998-99,1998,7,JUL,807
Naphtha,1998-99,1998,8,AUG,751
Naphtha,1998-99,1998,9,SEP,749
Naphtha,1998-99,1998,10,OCT,793
Naphtha,1998-99,1998,11,NOV,793
Naphtha,1998-99,1998,12,DEC,729
Naphtha,1998-99,1999,1,JAN,891
Naphtha,1998-99,1999,2,FEB,980
Naphtha,1998-99,1999,3,MAR,796
MS,1998-99,1998,4,APR,448
MS,1998-99,1998,5,MAY,490
MS,1998-99,1998,6,JUN,462
MS,1998-99,1998,7,JUL,451
MS,1998-99,1998,8,AUG,450
MS,1998-99,1998,9,SEP,452
MS,1998-99,1998,10,OCT,460
MS,1998-99,1998,11,NOV,440
MS,1998-99,1998,12,DEC,465
MS,1998-99,1999,1,JAN,448
MS,1998-99,1999,2,FEB,452
MS,1998-99,1999,3,MAR,490
ATF,1998-99,1998,4,APR,178
ATF,1998-99,1998,5,MAY,178
ATF,1998-99,1998,6,JUN,165
ATF,1998-99,1998,7,JUL,169
ATF,1998-99,1998,8,AUG,170
ATF,1998-99,1998,9,SEP,171
ATF,1998-99,1998,10,OCT,179
ATF,1998-99,1998,11,NOV,183
ATF,1998-99,1998,12,DEC,181
ATF,1998-99,1999,1,JAN,171
ATF,1998-99,1999,2,FEB,174
ATF,1998-99,1999,3,MAR,195
SKO,1998-99,1998,4,APR,1022
SKO,1998-99,1998,5,MAY,1128
SKO,1998-99,1998,6,JUN,1001
SKO,1998-99,1998,7,JUL,934
SKO,1998-99,1998,8,AUG,970
SKO,1998-99,1998,9,SEP,980
SKO,1998-99,1998,10,OCT,1015
SKO,1998-99,1998,11,NOV,962
SKO,1998-99,1998,12,DEC,1015
SKO,1998-99,1999,1,JAN,1036
SKO,1998-99,1999,2,FEB,1081
SKO,1998-99,1999,3,MAR,1098
HSD,1998-99,1998,4,APR,3193
HSD,1998-99,1998,5,MAY,3274
HSD,1998-99,1998,6,JUN,3193
HSD,1998-99,1998,7,JUL,2921
HSD,1998-99,1998,8,AUG,2625
HSD,1998-99,1998,9,SEP,2713
HSD,1998-99,1998,10,OCT,3073
HSD,1998-99,1998,11,NOV,3250
HSD,1998-99,1998,12,DEC,3245
HSD,1998-99,1999,1,JAN,3191
HSD,1998-99,1999,2,FEB,3115
HSD,1998-99,1999,3,MAR,3423
LDO,1998-99,1998,4,APR,89
LDO,1998-99,1998,5,MAY,100
LDO,1998-99,1998,6,JUN,100
LDO,1998-99,1998,7,JUL,109
LDO,1998-99,1998,8,AUG,111
LDO,1998-99,1998,9,SEP,115
LDO,1998-99,1998,10,OCT,103
LDO,1998-99,1998,11,NOV,105
LDO,1998-99,1998,12,DEC,114
LDO,1998-99,1999,1,JAN,106
LDO,1998-99,1999,2,FEB,106
LDO,1998-99,1999,3,MAR,120
Lubricants & Greases,1998-99,1998,4,APR,56
Lubricants & Greases,1998-99,1998,5,MAY,78
Lubricants & Greases,1998-99,1998,6,JUN,93
Lubricants & Greases,1998-99,1998,7,JUL,77
Lubricants & Greases,1998-99,1998,8,AUG,88
Lubricants & Greases,1998-99,1998,9,SEP,83
Lubricants & Greases,1998-99,1998,10,OCT,89
Lubricants & Greases,1998-99,1998,11,NOV,94
Lubricants & Greases,1998-99,1998,12,DEC,86
Lubricants & Greases,1998-99,1999,1,JAN,100
Lubricants & Greases,1998-99,1999,2,FEB,101
Lubricants & Greases,1998-99,1999,3,MAR,149
FO & LSHS,1998-99,1998,4,APR,836
FO & LSHS,1998-99,1998,5,MAY,952
FO & LSHS,1998-99,1998,6,JUN,931
FO & LSHS,1998-99,1998,7,JUL,1090
FO & LSHS,1998-99,1998,8,AUG,1061
FO & LSHS,1998-99,1998,9,SEP,1159
FO & LSHS,1998-99,1998,10,OCT,1014
FO & LSHS,1998-99,1998,11,NOV,1146
FO & LSHS,1998-99,1998,12,DEC,1042
FO & LSHS,1998-99,1999,1,JAN,1069
FO & LSHS,1998-99,1999,2,FEB,1023
FO & LSHS,1998-99,1999,3,MAR,1188
Bitumen,1998-99,1998,4,APR,230
Bitumen,1998-99,1998,5,MAY,246
Bitumen,1998-99,1998,6,JUN,208
Bitumen,1998-99,1998,7,JUL,155
Bitumen,1998-99,1998,8,AUG,98
Bitumen,1998-99,1998,9,SEP,97
Bitumen,1998-99,1998,10,OCT,162
Bitumen,1998-99,1998,11,NOV,212
Bitumen,1998-99,1998,12,DEC,228
Bitumen,1998-99,1999,1,JAN,220
Bitumen,1998-99,1999,2,FEB,227
Bitumen,1998-99,1999,3,MAR,328
Petroleum coke,1998-99,1998,4,APR,15
Petroleum coke,1998-99,1998,5,MAY,26
Petroleum coke,1998-99,1998,6,JUN,31
Petroleum coke,1998-99,1998,7,JUL,19
Petroleum coke,1998-99,1998,8,AUG,39
Petroleum coke,1998-99,1998,9,SEP,23
Petroleum coke,1998-99,1998,10,OCT,53
Petroleum coke,1998-99,1998,11,NOV,40
Petroleum coke,1998-99,1998,12,DEC,43
Petroleum coke,1998-99,1999,1,JAN,19
Petroleum coke,1998-99,1999,2,FEB,27
Petroleum coke,1998-99,1999,3,MAR,26
Others,1998-99,1998,4,APR,122
Others,1998-99,1998,5,MAY,95
Others,1998-99,1998,6,JUN,94
Others,1998-99,1998,7,JUL,111
Others,1998-99,1998,8,AUG,90
Others,1998-99,1998,9,SEP,138
Others,1998-99,1998,10,OCT,89
Others,1998-99,1998,11,NOV,105
Others,1998-99,1998,12,DEC,103
Others,1998-99,1999,1,JAN,98
Others,1998-99,1999,2,FEB,92
Others,1998-99,1999,3,MAR,115
LPG,1999-00,1999,4,APR,445
LPG,1999-00,1999,5,MAY,458
LPG,1999-00,1999,6,JUN,461
LPG,1999-00,1999,7,JUL,500
LPG,1999-00,1999,8,AUG,496
LPG,1999-00,1999,9,SEP,509
LPG,1999-00,1999,10,OCT,539
LPG,1999-00,1999,11,NOV,535
LPG,1999-00,1999,12,DEC,590
LPG,1999-00,2000,1,JAN,595
LPG,1999-00,2000,2,FEB,654
LPG,1999-00,2000,3,MAR,640
Naphtha,1999-00,1999,4,APR,846
Naphtha,1999-00,1999,5,MAY,858
Naphtha,1999-00,1999,6,JUN,805
Naphtha,1999-00,1999,7,JUL,928
Naphtha,1999-00,1999,8,AUG,925
Naphtha,1999-00,1999,9,SEP,1002
Naphtha,1999-00,1999,10,OCT,1021
Naphtha,1999-00,1999,11,NOV,967
Naphtha,1999-00,1999,12,DEC,877
Naphtha,1999-00,2000,1,JAN,866
Naphtha,1999-00,2000,2,FEB,926
Naphtha,1999-00,2000,3,MAR,871
MS,1999-00,1999,4,APR,467
MS,1999-00,1999,5,MAY,491
MS,1999-00,1999,6,JUN,484
MS,1999-00,1999,7,JUL,486
MS,1999-00,1999,8,AUG,477
MS,1999-00,1999,9,SEP,474
MS,1999-00,1999,10,OCT,485
MS,1999-00,1999,11,NOV,494
MS,1999-00,1999,12,DEC,527
MS,1999-00,2000,1,JAN,478
MS,1999-00,2000,2,FEB,512
MS,1999-00,2000,3,MAR,533
ATF,1999-00,1999,4,APR,199
ATF,1999-00,1999,5,MAY,179
ATF,1999-00,1999,6,JUN,169
ATF,1999-00,1999,7,JUL,171
ATF,1999-00,1999,8,AUG,172
ATF,1999-00,1999,9,SEP,172
ATF,1999-00,1999,10,OCT,178
ATF,1999-00,1999,11,NOV,185
ATF,1999-00,1999,12,DEC,187
ATF,1999-00,2000,1,JAN,183
ATF,1999-00,2000,2,FEB,199
ATF,1999-00,2000,3,MAR,205
SKO,1999-00,1999,4,APR,982
SKO,1999-00,1999,5,MAY,1014
SKO,1999-00,1999,6,JUN,1051
SKO,1999-00,1999,7,JUL,973
SKO,1999-00,1999,8,AUG,959
SKO,1999-00,1999,9,SEP,982
SKO,1999-00,1999,10,OCT,1009
SKO,1999-00,1999,11,NOV,1030
SKO,1999-00,1999,12,DEC,1009
SKO,1999-00,2000,1,JAN,974
SKO,1999-00,2000,2,FEB,956
SKO,1999-00,2000,3,MAR,959
HSD,1999-00,1999,4,APR,3538
HSD,1999-00,1999,5,MAY,3470
HSD,1999-00,1999,6,JUN,3445
HSD,1999-00,1999,7,JUL,3265
HSD,1999-00,1999,8,AUG,2936
HSD,1999-00,1999,9,SEP,2991
HSD,1999-00,1999,10,OCT,2956
HSD,1999-00,1999,11,NOV,3420
HSD,1999-00,1999,12,DEC,3547
HSD,1999-00,2000,1,JAN,3157
HSD,1999-00,2000,2,FEB,3182
HSD,1999-00,2000,3,MAR,3388
LDO,1999-00,1999,4,APR,109
LDO,1999-00,1999,5,MAY,113
LDO,1999-00,1999,6,JUN,115
LDO,1999-00,1999,7,JUL,130
LDO,1999-00,1999,8,AUG,125
LDO,1999-00,1999,9,SEP,128
LDO,1999-00,1999,10,OCT,135
LDO,1999-00,1999,11,NOV,124
LDO,1999-00,1999,12,DEC,150
LDO,1999-00,2000,1,JAN,129
LDO,1999-00,2000,2,FEB,125
LDO,1999-00,2000,3,MAR,129
Lubricants & Greases,1999-00,1999,4,APR,81
Lubricants & Greases,1999-00,1999,5,MAY,90
Lubricants & Greases,1999-00,1999,6,JUN,84
Lubricants & Greases,1999-00,1999,7,JUL,104
Lubricants & Greases,1999-00,1999,8,AUG,97
Lubricants & Greases,1999-00,1999,9,SEP,92
Lubricants & Greases,1999-00,1999,10,OCT,131
Lubricants & Greases,1999-00,1999,11,NOV,94
Lubricants & Greases,1999-00,1999,12,DEC,138
Lubricants & Greases,1999-00,2000,1,JAN,100
Lubricants & Greases,1999-00,2000,2,FEB,112
Lubricants & Greases,1999-00,2000,3,MAR,121
FO & LSHS,1999-00,1999,4,APR,931
FO & LSHS,1999-00,1999,5,MAY,1001
FO & LSHS,1999-00,1999,6,JUN,1079
FO & LSHS,1999-00,1999,7,JUL,1154
FO & LSHS,1999-00,1999,8,AUG,1128
FO & LSHS,1999-00,1999,9,SEP,1094
FO & LSHS,1999-00,1999,10,OCT,1044
FO & LSHS,1999-00,1999,11,NOV,1017
FO & LSHS,1999-00,1999,12,DEC,1034
FO & LSHS,1999-00,2000,1,JAN,992
FO & LSHS,1999-00,2000,2,FEB,947
FO & LSHS,1999-00,2000,3,MAR,1032
Bitumen,1999-00,1999,4,APR,280
Bitumen,1999-00,1999,5,MAY,280
Bitumen,1999-00,1999,6,JUN,225
Bitumen,1999-00,1999,7,JUL,153
Bitumen,1999-00,1999,8,AUG,152
Bitumen,1999-00,1999,9,SEP,170
Bitumen,1999-00,1999,10,OCT,154
Bitumen,1999-00,1999,11,NOV,216
Bitumen,1999-00,1999,12,DEC,301
Bitumen,1999-00,2000,1,JAN,240
Bitumen,1999-00,2000,2,FEB,305
Bitumen,1999-00,2000,3,MAR,402
Petroleum coke,1999-00,1999,4,APR,16
Petroleum coke,1999-00,1999,5,MAY,31
Petroleum coke,1999-00,1999,6,JUN,29
Petroleum coke,1999-00,1999,7,JUL,21
Petroleum coke,1999-00,1999,8,AUG,33
Petroleum coke,1999-00,1999,9,SEP,29
Petroleum coke,1999-00,1999,10,OCT,27
Petroleum coke,1999-00,1999,11,NOV,24
Petroleum coke,1999-00,1999,12,DEC,35
Petroleum coke,1999-00,2000,1,JAN,21
Petroleum coke,1999-00,2000,2,FEB,32
Petroleum coke,1999-00,2000,3,MAR,32
Others,1999-00,1999,4,APR,99
Others,1999-00,1999,5,MAY,109
Others,1999-00,1999,6,JUN,103
Others,1999-00,1999,7,JUL,105
Others,1999-00,1999,8,AUG,115
Others,1999-00,1999,9,SEP,123
Others,1999-00,1999,10,OCT,153
Others,1999-00,1999,11,NOV,207
Others,1999-00,1999,12,DEC,267
Others,1999-00,2000,1,JAN,265
Others,1999-00,2000,2,FEB,261
Others,1999-00,2000,3,MAR,247
LPG,2000-01,2000,4,APR,508
LPG,2000-01,2000,5,MAY,539
LPG,2000-01,2000,6,JUN,534
LPG,2000-01,2000,7,JUL,554
LPG,2000-01,2000,8,AUG,596
LPG,2000-01,2000,9,SEP,613
LPG,2000-01,2000,10,OCT,551
LPG,2000-01,2000,11,NOV,575
LPG,2000-01,2000,12,DEC,645
LPG,2000-01,2001,1,JAN,661
LPG,2000-01,2001,2,FEB,595
LPG,2000-01,2001,3,MAR,644
Naphtha,2000-01,2000,4,APR,911
Naphtha,2000-01,2000,5,MAY,1027
Naphtha,2000-01,2000,6,JUN,817
Naphtha,2000-01,2000,7,JUL,1017
Naphtha,2000-01,2000,8,AUG,1097
Naphtha,2000-01,2000,9,SEP,1051
Naphtha,2000-01,2000,10,OCT,934
Naphtha,2000-01,2000,11,NOV,1036
Naphtha,2000-01,2000,12,DEC,984
Naphtha,2000-01,2001,1,JAN,1046
Naphtha,2000-01,2001,2,FEB,855
Naphtha,2000-01,2001,3,MAR,904
MS,2000-01,2000,4,APR,522
MS,2000-01,2000,5,MAY,554
MS,2000-01,2000,6,JUN,546
MS,2000-01,2000,7,JUL,538
MS,2000-01,2000,8,AUG,558
MS,2000-01,2000,9,SEP,578
MS,2000-01,2000,10,OCT,511
MS,2000-01,2000,11,NOV,548
MS,2000-01,2000,12,DEC,560
MS,2000-01,2001,1,JAN,555
MS,2000-01,2001,2,FEB,540
MS,2000-01,2001,3,MAR,603
ATF,2000-01,2000,4,APR,191
ATF,2000-01,2000,5,MAY,182
ATF,2000-01,2000,6,JUN,173
ATF,2000-01,2000,7,JUL,179
ATF,2000-01,2000,8,AUG,174
ATF,2000-01,2000,9,SEP,185
ATF,2000-01,2000,10,OCT,187
ATF,2000-01,2000,11,NOV,193
ATF,2000-01,2000,12,DEC,186
ATF,2000-01,2001,1,JAN,193
ATF,2000-01,2001,2,FEB,201
ATF,2000-01,2001,3,MAR,206
SKO,2000-01,2000,4,APR,933
SKO,2000-01,2000,5,MAY,975
SKO,2000-01,2000,6,JUN,959
SKO,2000-01,2000,7,JUL,984
SKO,2000-01,2000,8,AUG,954
SKO,2000-01,2000,9,SEP,948
SKO,2000-01,2000,10,OCT,973
SKO,2000-01,2000,11,NOV,893
SKO,2000-01,2000,12,DEC,911
SKO,2000-01,2001,1,JAN,946
SKO,2000-01,2001,2,FEB,910
SKO,2000-01,2001,3,MAR,922
HSD,2000-01,2000,4,APR,3305
HSD,2000-01,2000,5,MAY,3561
HSD,2000-01,2000,6,JUN,3286
HSD,2000-01,2000,7,JUL,3066
HSD,2000-01,2000,8,AUG,2896
HSD,2000-01,2000,9,SEP,3303
HSD,2000-01,2000,10,OCT,2696
HSD,2000-01,2000,11,NOV,3316
HSD,2000-01,2000,12,DEC,3174
HSD,2000-01,2001,1,JAN,3102
HSD,2000-01,2001,2,FEB,2973
HSD,2000-01,2001,3,MAR,3279
LDO,2000-01,2000,4,APR,116
LDO,2000-01,2000,5,MAY,132
LDO,2000-01,2000,6,JUN,113
LDO,2000-01,2000,7,JUL,118
LDO,2000-01,2000,8,AUG,127
LDO,2000-01,2000,9,SEP,137
LDO,2000-01,2000,10,OCT,104
LDO,2000-01,2000,11,NOV,117
LDO,2000-01,2000,12,DEC,114
LDO,2000-01,2001,1,JAN,112
LDO,2000-01,2001,2,FEB,104
LDO,2000-01,2001,3,MAR,106
Lubricants & Greases,2000-01,2000,4,APR,56
Lubricants & Greases,2000-01,2000,5,MAY,68
Lubricants & Greases,2000-01,2000,6,JUN,66
Lubricants & Greases,2000-01,2000,7,JUL,72
Lubricants & Greases,2000-01,2000,8,AUG,69
Lubricants & Greases,2000-01,2000,9,SEP,107
Lubricants & Greases,2000-01,2000,10,OCT,95
Lubricants & Greases,2000-01,2000,11,NOV,73
Lubricants & Greases,2000-01,2000,12,DEC,99
Lubricants & Greases,2000-01,2001,1,JAN,87
Lubricants & Greases,2000-01,2001,2,FEB,94
Lubricants & Greases,2000-01,2001,3,MAR,159
FO & LSHS,2000-01,2000,4,APR,926
FO & LSHS,2000-01,2000,5,MAY,1037
FO & LSHS,2000-01,2000,6,JUN,1002
FO & LSHS,2000-01,2000,7,JUL,1001
FO & LSHS,2000-01,2000,8,AUG,1246
FO & LSHS,2000-01,2000,9,SEP,1157
FO & LSHS,2000-01,2000,10,OCT,1028
FO & LSHS,2000-01,2000,11,NOV,943
FO & LSHS,2000-01,2000,12,DEC,1030
FO & LSHS,2000-01,2001,1,JAN,1219
FO & LSHS,2000-01,2001,2,FEB,932
FO & LSHS,2000-01,2001,3,MAR,1132
Bitumen,2000-01,2000,4,APR,275
Bitumen,2000-01,2000,5,MAY,287
Bitumen,2000-01,2000,6,JUN,225
Bitumen,2000-01,2000,7,JUL,148
Bitumen,2000-01,2000,8,AUG,130
Bitumen,2000-01,2000,9,SEP,145
Bitumen,2000-01,2000,10,OCT,159
Bitumen,2000-01,2000,11,NOV,231
Bitumen,2000-01,2000,12,DEC,260
Bitumen,2000-01,2001,1,JAN,230
Bitumen,2000-01,2001,2,FEB,243
Bitumen,2000-01,2001,3,MAR,381
Petroleum coke,2000-01,2000,4,APR,34
Petroleum coke,2000-01,2000,5,MAY,53
Petroleum coke,2000-01,2000,6,JUN,62
Petroleum coke,2000-01,2000,7,JUL,21
Petroleum coke,2000-01,2000,8,AUG,25
Petroleum coke,2000-01,2000,9,SEP,32
Petroleum coke,2000-01,2000,10,OCT,17
Petroleum coke,2000-01,2000,11,NOV,26
Petroleum coke,2000-01,2000,12,DEC,28
Petroleum coke,2000-01,2001,1,JAN,53
Petroleum coke,2000-01,2001,2,FEB,39
Petroleum coke,2000-01,2001,3,MAR,55
Others,2000-01,2000,4,APR,446
Others,2000-01,2000,5,MAY,432
Others,2000-01,2000,6,JUN,399
Others,2000-01,2000,7,JUL,439
Others,2000-01,2000,8,AUG,431
Others,2000-01,2000,9,SEP,441
Others,2000-01,2000,10,OCT,396
Others,2000-01,2000,11,NOV,420
Others,2000-01,2000,12,DEC,448
Others,2000-01,2001,1,JAN,330
Others,2000-01,2001,2,FEB,344
Others,2000-01,2001,3,MAR,468
LPG,2001-02,2001,4,APR,551
LPG,2001-02,2001,5,MAY,597
LPG,2001-02,2001,6,JUN,600
LPG,2001-02,2001,7,JUL,622
LPG,2001-02,2001,8,AUG,639
LPG,2001-02,2001,9,SEP,648
LPG,2001-02,2001,10,OCT,652
LPG,2001-02,2001,11,NOV,656
LPG,2001-02,2001,12,DEC,703
LPG,2001-02,2002,1,JAN,743
LPG,2001-02,2002,2,FEB,668
LPG,2001-02,2002,3,MAR,649
Naphtha,2001-02,2001,4,APR,987
Naphtha,2001-02,2001,5,MAY,1038
Naphtha,2001-02,2001,6,JUN,1006
Naphtha,2001-02,2001,7,JUL,871
Naphtha,2001-02,2001,8,AUG,1051
Naphtha,2001-02,2001,9,SEP,1170
Naphtha,2001-02,2001,10,OCT,922
Naphtha,2001-02,2001,11,NOV,956
Naphtha,2001-02,2001,12,DEC,1007
Naphtha,2001-02,2002,1,JAN,972
Naphtha,2001-02,2002,2,FEB,895
Naphtha,2001-02,2002,3,MAR,880
MS,2001-02,2001,4,APR,553
MS,2001-02,2001,5,MAY,623
MS,2001-02,2001,6,JUN,586
MS,2001-02,2001,7,JUL,562
MS,2001-02,2001,8,AUG,584
MS,2001-02,2001,9,SEP,566
MS,2001-02,2001,10,OCT,582
MS,2001-02,2001,11,NOV,588
MS,2001-02,2001,12,DEC,599
MS,2001-02,2002,1,JAN,581
MS,2001-02,2002,2,FEB,545
MS,2001-02,2002,3,MAR,643
ATF,2001-02,2001,4,APR,189
ATF,2001-02,2001,5,MAY,192
ATF,2001-02,2001,6,JUN,182
ATF,2001-02,2001,7,JUL,186
ATF,2001-02,2001,8,AUG,189
ATF,2001-02,2001,9,SEP,184
ATF,2001-02,2001,10,OCT,179
ATF,2001-02,2001,11,NOV,186
ATF,2001-02,2001,12,DEC,191
ATF,2001-02,2002,1,JAN,196
ATF,2001-02,2002,2,FEB,183
ATF,2001-02,2002,3,MAR,206
SKO,2001-02,2001,4,APR,890
SKO,2001-02,2001,5,MAY,858
SKO,2001-02,2001,6,JUN,849
SKO,2001-02,2001,7,JUL,853
SKO,2001-02,2001,8,AUG,872
SKO,2001-02,2001,9,SEP,848
SKO,2001-02,2001,10,OCT,851
SKO,2001-02,2001,11,NOV,859
SKO,2001-02,2001,12,DEC,864
SKO,2001-02,2002,1,JAN,898
SKO,2001-02,2002,2,FEB,915
SKO,2001-02,2002,3,MAR,876
HSD,2001-02,2001,4,APR,3186
HSD,2001-02,2001,5,MAY,3384
HSD,2001-02,2001,6,JUN,3209
HSD,2001-02,2001,7,JUL,2818
HSD,2001-02,2001,8,AUG,2704
HSD,2001-02,2001,9,SEP,2932
HSD,2001-02,2001,10,OCT,3019
HSD,2001-02,2001,11,NOV,3126
HSD,2001-02,2001,12,DEC,3189
HSD,2001-02,2002,1,JAN,3021
HSD,2001-02,2002,2,FEB,2731
HSD,2001-02,2002,3,MAR,3227
LDO,2001-02,2001,4,APR,98
LDO,2001-02,2001,5,MAY,103
LDO,2001-02,2001,6,JUN,118
LDO,2001-02,2001,7,JUL,113
LDO,2001-02,2001,8,AUG,136
LDO,2001-02,2001,9,SEP,126
LDO,2001-02,2001,10,OCT,148
LDO,2001-02,2001,11,NOV,132
LDO,2001-02,2001,12,DEC,157
LDO,2001-02,2002,1,JAN,145
LDO,2001-02,2002,2,FEB,138
LDO,2001-02,2002,3,MAR,178
Lubricants & Greases,2001-02,2001,4,APR,61
Lubricants & Greases,2001-02,2001,5,MAY,71
Lubricants & Greases,2001-02,2001,6,JUN,106
Lubricants & Greases,2001-02,2001,7,JUL,102
Lubricants & Greases,2001-02,2001,8,AUG,85
Lubricants & Greases,2001-02,2001,9,SEP,104
Lubricants & Greases,2001-02,2001,10,OCT,76
Lubricants & Greases,2001-02,2001,11,NOV,91
Lubricants & Greases,2001-02,2001,12,DEC,101
Lubricants & Greases,2001-02,2002,1,JAN,87
Lubricants & Greases,2001-02,2002,2,FEB,94
Lubricants & Greases,2001-02,2002,3,MAR,160
FO & LSHS,2001-02,2001,4,APR,986
FO & LSHS,2001-02,2001,5,MAY,1137
FO & LSHS,2001-02,2001,6,JUN,1127
FO & LSHS,2001-02,2001,7,JUL,1108
FO & LSHS,2001-02,2001,8,AUG,1164
FO & LSHS,2001-02,2001,9,SEP,1098
FO & LSHS,2001-02,2001,10,OCT,1011
FO & LSHS,2001-02,2001,11,NOV,1129
FO & LSHS,2001-02,2001,12,DEC,1080
FO & LSHS,2001-02,2002,1,JAN,1088
FO & LSHS,2001-02,2002,2,FEB,954
FO & LSHS,2001-02,2002,3,MAR,1100
Bitumen,2001-02,2001,4,APR,259
Bitumen,2001-02,2001,5,MAY,295
Bitumen,2001-02,2001,6,JUN,199
Bitumen,2001-02,2001,7,JUL,111
Bitumen,2001-02,2001,8,AUG,96
Bitumen,2001-02,2001,9,SEP,142
Bitumen,2001-02,2001,10,OCT,178
Bitumen,2001-02,2001,11,NOV,198
Bitumen,2001-02,2001,12,DEC,236
Bitumen,2001-02,2002,1,JAN,241
Bitumen,2001-02,2002,2,FEB,264
Bitumen,2001-02,2002,3,MAR,367
Petroleum coke,2001-02,2001,4,APR,144
Petroleum coke,2001-02,2001,5,MAY,151
Petroleum coke,2001-02,2001,6,JUN,158
Petroleum coke,2001-02,2001,7,JUL,147
Petroleum coke,2001-02,2001,8,AUG,133
Petroleum coke,2001-02,2001,9,SEP,152
Petroleum coke,2001-02,2001,10,OCT,160
Petroleum coke,2001-02,2001,11,NOV,156
Petroleum coke,2001-02,2001,12,DEC,153
Petroleum coke,2001-02,2002,1,JAN,149
Petroleum coke,2001-02,2002,2,FEB,143
Petroleum coke,2001-02,2002,3,MAR,151
Others,2001-02,2001,4,APR,367
Others,2001-02,2001,5,MAY,369
Others,2001-02,2001,6,JUN,383
Others,2001-02,2001,7,JUL,371
Others,2001-02,2001,8,AUG,433
Others,2001-02,2001,9,SEP,378
Others,2001-02,2001,10,OCT,425
Others,2001-02,2001,11,NOV,362
Others,2001-02,2001,12,DEC,378
Others,2001-02,2002,1,JAN,381
Others,2001-02,2002,2,FEB,375
Others,2001-02,2002,3,MAR,382
LPG,2002-03,2002,4,APR,612
LPG,2002-03,2002,5,MAY,630
LPG,2002-03,2002,6,JUN,613
LPG,2002-03,2002,7,JUL,661
LPG,2002-03,2002,8,AUG,701
LPG,2002-03,2002,9,SEP,671
LPG,2002-03,2002,10,OCT,733
LPG,2002-03,2002,11,NOV,714
LPG,2002-03,2002,12,DEC,727
LPG,2002-03,2003,1,JAN,803
LPG,2002-03,2003,2,FEB,755
LPG,2002-03,2003,3,MAR,731
Naphtha,2002-03,2002,4,APR,955
Naphtha,2002-03,2002,5,MAY,1053
Naphtha,2002-03,2002,6,JUN,867
Naphtha,2002-03,2002,7,JUL,1073
Naphtha,2002-03,2002,8,AUG,958
Naphtha,2002-03,2002,9,SEP,1061
Naphtha,2002-03,2002,10,OCT,976
Naphtha,2002-03,2002,11,NOV,1086
Naphtha,2002-03,2002,12,DEC,1066
Naphtha,2002-03,2003,1,JAN,1070
Naphtha,2002-03,2003,2,FEB,896
Naphtha,2002-03,2003,3,MAR,900
MS,2002-03,2002,4,APR,624
MS,2002-03,2002,5,MAY,709
MS,2002-03,2002,6,JUN,611
MS,2002-03,2002,7,JUL,640
MS,2002-03,2002,8,AUG,635
MS,2002-03,2002,9,SEP,608
MS,2002-03,2002,10,OCT,619
MS,2002-03,2002,11,NOV,606
MS,2002-03,2002,12,DEC,666
MS,2002-03,2003,1,JAN,613
MS,2002-03,2003,2,FEB,603
MS,2002-03,2003,3,MAR,637
ATF,2002-03,2002,4,APR,192
ATF,2002-03,2002,5,MAY,193
ATF,2002-03,2002,6,JUN,172
ATF,2002-03,2002,7,JUL,178
ATF,2002-03,2002,8,AUG,183
ATF,2002-03,2002,9,SEP,179
ATF,2002-03,2002,10,OCT,189
ATF,2002-03,2002,11,NOV,188
ATF,2002-03,2002,12,DEC,201
ATF,2002-03,2003,1,JAN,193
ATF,2002-03,2003,2,FEB,193
ATF,2002-03,2003,3,MAR,210
SKO,2002-03,2002,4,APR,843
SKO,2002-03,2002,5,MAY,822
SKO,2002-03,2002,6,JUN,867
SKO,2002-03,2002,7,JUL,886
SKO,2002-03,2002,8,AUG,872
SKO,2002-03,2002,9,SEP,883
SKO,2002-03,2002,10,OCT,889
SKO,2002-03,2002,11,NOV,905
SKO,2002-03,2002,12,DEC,891
SKO,2002-03,2003,1,JAN,867
SKO,2002-03,2003,2,FEB,837
SKO,2002-03,2003,3,MAR,843
HSD,2002-03,2002,4,APR,3266
HSD,2002-03,2002,5,MAY,3432
HSD,2002-03,2002,6,JUN,3073
HSD,2002-03,2002,7,JUL,3083
HSD,2002-03,2002,8,AUG,2744
HSD,2002-03,2002,9,SEP,2693
HSD,2002-03,2002,10,OCT,3057
HSD,2002-03,2002,11,NOV,3035
HSD,2002-03,2002,12,DEC,3337
HSD,2002-03,2003,1,JAN,2991
HSD,2002-03,2003,2,FEB,2846
HSD,2002-03,2003,3,MAR,3089
LDO,2002-03,2002,4,APR,152
LDO,2002-03,2002,5,MAY,170
LDO,2002-03,2002,6,JUN,154
LDO,2002-03,2002,7,JUL,179
LDO,2002-03,2002,8,AUG,176
LDO,2002-03,2002,9,SEP,172
LDO,2002-03,2002,10,OCT,182
LDO,2002-03,2002,11,NOV,171
LDO,2002-03,2002,12,DEC,195
LDO,2002-03,2003,1,JAN,186
LDO,2002-03,2003,2,FEB,176
LDO,2002-03,2003,3,MAR,151
Lubricants & Greases,2002-03,2002,4,APR,83
Lubricants & Greases,2002-03,2002,5,MAY,118
Lubricants & Greases,2002-03,2002,6,JUN,106
Lubricants & Greases,2002-03,2002,7,JUL,127
Lubricants & Greases,2002-03,2002,8,AUG,104
Lubricants & Greases,2002-03,2002,9,SEP,111
Lubricants & Greases,2002-03,2002,10,OCT,91
Lubricants & Greases,2002-03,2002,11,NOV,102
Lubricants & Greases,2002-03,2002,12,DEC,104
Lubricants & Greases,2002-03,2003,1,JAN,106
Lubricants & Greases,2002-03,2003,2,FEB,79
Lubricants & Greases,2002-03,2003,3,MAR,121
FO & LSHS,2002-03,2002,4,APR,1022
FO & LSHS,2002-03,2002,5,MAY,1266
FO & LSHS,2002-03,2002,6,JUN,992
FO & LSHS,2002-03,2002,7,JUL,1079
FO & LSHS,2002-03,2002,8,AUG,1125
FO & LSHS,2002-03,2002,9,SEP,1045
FO & LSHS,2002-03,2002,10,OCT,1049
FO & LSHS,2002-03,2002,11,NOV,1078
FO & LSHS,2002-03,2002,12,DEC,1170
FO & LSHS,2002-03,2003,1,JAN,1046
FO & LSHS,2002-03,2003,2,FEB,897
FO & LSHS,2002-03,2003,3,MAR,970
Bitumen,2002-03,2002,4,APR,291
Bitumen,2002-03,2002,5,MAY,316
Bitumen,2002-03,2002,6,JUN,230
Bitumen,2002-03,2002,7,JUL,180
Bitumen,2002-03,2002,8,AUG,107
Bitumen,2002-03,2002,9,SEP,129
Bitumen,2002-03,2002,10,OCT,211
Bitumen,2002-03,2002,11,NOV,228
Bitumen,2002-03,2002,12,DEC,296
Bitumen,2002-03,2003,1,JAN,301
Bitumen,2002-03,2003,2,FEB,312
Bitumen,2002-03,2003,3,MAR,388
Petroleum coke,2002-03,2002,4,APR,180
Petroleum coke,2002-03,2002,5,MAY,245
Petroleum coke,2002-03,2002,6,JUN,167
Petroleum coke,2002-03,2002,7,JUL,177
Petroleum coke,2002-03,2002,8,AUG,207
Petroleum coke,2002-03,2002,9,SEP,184
Petroleum coke,2002-03,2002,10,OCT,217
Petroleum coke,2002-03,2002,11,NOV,273
Petroleum coke,2002-03,2002,12,DEC,225
Petroleum coke,2002-03,2003,1,JAN,236
Petroleum coke,2002-03,2003,2,FEB,224
Petroleum coke,2002-03,2003,3,MAR,228
Others,2002-03,2002,4,APR,383
Others,2002-03,2002,5,MAY,398
Others,2002-03,2002,6,JUN,418
Others,2002-03,2002,7,JUL,382
Others,2002-03,2002,8,AUG,434
Others,2002-03,2002,9,SEP,461
Others,2002-03,2002,10,OCT,505
Others,2002-03,2002,11,NOV,454
Others,2002-03,2002,12,DEC,424
Others,2002-03,2003,1,JAN,533
Others,2002-03,2003,2,FEB,480
Others,2002-03,2003,3,MAR,449
LPG,2003-04,2003,4,APR,670
LPG,2003-04,2003,5,MAY,679
LPG,2003-04,2003,6,JUN,673
LPG,2003-04,2003,7,JUL,774
LPG,2003-04,2003,8,AUG,738
LPG,2003-04,2003,9,SEP,776
LPG,2003-04,2003,10,OCT,790
LPG,2003-04,2003,11,NOV,782
LPG,2003-04,2003,12,DEC,874
LPG,2003-04,2004,1,JAN,884
LPG,2003-04,2004,2,FEB,831
LPG,2003-04,2004,3,MAR,835
Naphtha,2003-04,2003,4,APR,848
Naphtha,2003-04,2003,5,MAY,903
Naphtha,2003-04,2003,6,JUN,933
Naphtha,2003-04,2003,7,JUL,1115
Naphtha,2003-04,2003,8,AUG,938
Naphtha,2003-04,2003,9,SEP,972
Naphtha,2003-04,2003,10,OCT,1043
Naphtha,2003-04,2003,11,NOV,929
Naphtha,2003-04,2003,12,DEC,1053
Naphtha,2003-04,2004,1,JAN,1126
Naphtha,2003-04,2004,2,FEB,1026
Naphtha,2003-04,2004,3,MAR,983
MS,2003-04,2003,4,APR,607
MS,2003-04,2003,5,MAY,670
MS,2003-04,2003,6,JUN,691
MS,2003-04,2003,7,JUL,667
MS,2003-04,2003,8,AUG,665
MS,2003-04,2003,9,SEP,625
MS,2003-04,2003,10,OCT,662
MS,2003-04,2003,11,NOV,648
MS,2003-04,2003,12,DEC,671
MS,2003-04,2004,1,JAN,626
MS,2003-04,2004,2,FEB,642
MS,2003-04,2004,3,MAR,724
ATF,2003-04,2003,4,APR,188
ATF,2003-04,2003,5,MAY,194
ATF,2003-04,2003,6,JUN,194
ATF,2003-04,2003,7,JUL,199
ATF,2003-04,2003,8,AUG,193
ATF,2003-04,2003,9,SEP,195
ATF,2003-04,2003,10,OCT,208
ATF,2003-04,2003,11,NOV,212
ATF,2003-04,2003,12,DEC,217
ATF,2003-04,2004,1,JAN,229
ATF,2003-04,2004,2,FEB,224
ATF,2003-04,2004,3,MAR,231
SKO,2003-04,2003,4,APR,890
SKO,2003-04,2003,5,MAY,875
SKO,2003-04,2003,6,JUN,893
SKO,2003-04,2003,7,JUL,882
SKO,2003-04,2003,8,AUG,892
SKO,2003-04,2003,9,SEP,878
SKO,2003-04,2003,10,OCT,848
SKO,2003-04,2003,11,NOV,925
SKO,2003-04,2003,12,DEC,786
SKO,2003-04,2004,1,JAN,788
SKO,2003-04,2004,2,FEB,784
SKO,2003-04,2004,3,MAR,789
HSD,2003-04,2003,4,APR,2783
HSD,2003-04,2003,5,MAY,3117
HSD,2003-04,2003,6,JUN,3286
HSD,2003-04,2003,7,JUL,3013
HSD,2003-04,2003,8,AUG,2746
HSD,2003-04,2003,9,SEP,2623
HSD,2003-04,2003,10,OCT,3064
HSD,2003-04,2003,11,NOV,3309
HSD,2003-04,2003,12,DEC,3435
HSD,2003-04,2004,1,JAN,3059
HSD,2003-04,2004,2,FEB,3116
HSD,2003-04,2004,3,MAR,3525
LDO,2003-04,2003,4,APR,116
LDO,2003-04,2003,5,MAY,135
LDO,2003-04,2003,6,JUN,137
LDO,2003-04,2003,7,JUL,133
LDO,2003-04,2003,8,AUG,132
LDO,2003-04,2003,9,SEP,129
LDO,2003-04,2003,10,OCT,119
LDO,2003-04,2003,11,NOV,138
LDO,2003-04,2003,12,DEC,151
LDO,2003-04,2004,1,JAN,148
LDO,2003-04,2004,2,FEB,135
LDO,2003-04,2004,3,MAR,146
Lubricants & Greases,2003-04,2003,4,APR,56
Lubricants & Greases,2003-04,2003,5,MAY,83
Lubricants & Greases,2003-04,2003,6,JUN,101
Lubricants & Greases,2003-04,2003,7,JUL,122
Lubricants & Greases,2003-04,2003,8,AUG,118
Lubricants & Greases,2003-04,2003,9,SEP,117
Lubricants & Greases,2003-04,2003,10,OCT,115
Lubricants & Greases,2003-04,2003,11,NOV,133
Lubricants & Greases,2003-04,2003,12,DEC,132
Lubricants & Greases,2003-04,2004,1,JAN,130
Lubricants & Greases,2003-04,2004,2,FEB,138
Lubricants & Greases,2003-04,2004,3,MAR,180
FO & LSHS,2003-04,2003,4,APR,968
FO & LSHS,2003-04,2003,5,MAY,1096
FO & LSHS,2003-04,2003,6,JUN,1051
FO & LSHS,2003-04,2003,7,JUL,1114
FO & LSHS,2003-04,2003,8,AUG,1056
FO & LSHS,2003-04,2003,9,SEP,1071
FO & LSHS,2003-04,2003,10,OCT,1068
FO & LSHS,2003-04,2003,11,NOV,1067
FO & LSHS,2003-04,2003,12,DEC,1174
FO & LSHS,2003-04,2004,1,JAN,1127
FO & LSHS,2003-04,2004,2,FEB,989
FO & LSHS,2003-04,2004,3,MAR,1163
Bitumen,2003-04,2003,4,APR,308
Bitumen,2003-04,2003,5,MAY,358
Bitumen,2003-04,2003,6,JUN,293
Bitumen,2003-04,2003,7,JUL,140
Bitumen,2003-04,2003,8,AUG,119
Bitumen,2003-04,2003,9,SEP,167
Bitumen,2003-04,2003,10,OCT,220
Bitumen,2003-04,2003,11,NOV,296
Bitumen,2003-04,2003,12,DEC,352
Bitumen,2003-04,2004,1,JAN,301
Bitumen,2003-04,2004,2,FEB,352
Bitumen,2003-04,2004,3,MAR,466
Petroleum coke,2003-04,2003,4,APR,177
Petroleum coke,2003-04,2003,5,MAY,247
Petroleum coke,2003-04,2003,6,JUN,267
Petroleum coke,2003-04,2003,7,JUL,265
Petroleum coke,2003-04,2003,8,AUG,168
Petroleum coke,2003-04,2003,9,SEP,240
Petroleum coke,2003-04,2003,10,OCT,242
Petroleum coke,2003-04,2003,11,NOV,280
Petroleum coke,2003-04,2003,12,DEC,200
Petroleum coke,2003-04,2004,1,JAN,260
Petroleum coke,2003-04,2004,2,FEB,272
Petroleum coke,2003-04,2004,3,MAR,260
Others,2003-04,2003,4,APR,261
Others,2003-04,2003,5,MAY,465
Others,2003-04,2003,6,JUN,578
Others,2003-04,2003,7,JUL,601
Others,2003-04,2003,8,AUG,581
Others,2003-04,2003,9,SEP,602
Others,2003-04,2003,10,OCT,570
Others,2003-04,2003,11,NOV,556
Others,2003-04,2003,12,DEC,589
Others,2003-04,2004,1,JAN,670
Others,2003-04,2004,2,FEB,572
Others,2003-04,2004,3,MAR,608
LPG,2004-05,2004,4,APR,786
LPG,2004-05,2004,5,MAY,820
LPG,2004-05,2004,6,JUN,777
LPG,2004-05,2004,7,JUL,840
LPG,2004-05,2004,8,AUG,828
LPG,2004-05,2004,9,SEP,847
LPG,2004-05,2004,10,OCT,869
LPG,2004-05,2004,11,NOV,871
LPG,2004-05,2004,12,DEC,923
LPG,2004-05,2005,1,JAN,916
LPG,2004-05,2005,2,FEB,884
LPG,2004-05,2005,3,MAR,885
Naphtha,2004-05,2004,4,APR,1103
Naphtha,2004-05,2004,5,MAY,1212
Naphtha,2004-05,2004,6,JUN,1170
Naphtha,2004-05,2004,7,JUL,1206
Naphtha,2004-05,2004,8,AUG,1114
Naphtha,2004-05,2004,9,SEP,1147
Naphtha,2004-05,2004,10,OCT,1054
Naphtha,2004-05,2004,11,NOV,1137
Naphtha,2004-05,2004,12,DEC,1238
Naphtha,2004-05,2005,1,JAN,1322
Naphtha,2004-05,2005,2,FEB,1192
Naphtha,2004-05,2005,3,MAR,1096
MS,2004-05,2004,4,APR,675
MS,2004-05,2004,5,MAY,734
MS,2004-05,2004,6,JUN,687
MS,2004-05,2004,7,JUL,700
MS,2004-05,2004,8,AUG,632
MS,2004-05,2004,9,SEP,679
MS,2004-05,2004,10,OCT,693
MS,2004-05,2004,11,NOV,632
MS,2004-05,2004,12,DEC,704
MS,2004-05,2005,1,JAN,687
MS,2004-05,2005,2,FEB,664
MS,2004-05,2005,3,MAR,764
ATF,2004-05,2004,4,APR,218
ATF,2004-05,2004,5,MAY,217
ATF,2004-05,2004,6,JUN,212
ATF,2004-05,2004,7,JUL,211
ATF,2004-05,2004,8,AUG,219
ATF,2004-05,2004,9,SEP,217
ATF,2004-05,2004,10,OCT,237
ATF,2004-05,2004,11,NOV,241
ATF,2004-05,2004,12,DEC,262
ATF,2004-05,2005,1,JAN,267
ATF,2004-05,2005,2,FEB,246
ATF,2004-05,2005,3,MAR,267
SKO,2004-05,2004,4,APR,768
SKO,2004-05,2004,5,MAY,770
SKO,2004-05,2004,6,JUN,772
SKO,2004-05,2004,7,JUL,771
SKO,2004-05,2004,8,AUG,776
SKO,2004-05,2004,9,SEP,768
SKO,2004-05,2004,10,OCT,771
SKO,2004-05,2004,11,NOV,770
SKO,2004-05,2004,12,DEC,776
SKO,2004-05,2005,1,JAN,768
SKO,2004-05,2005,2,FEB,818
SKO,2004-05,2005,3,MAR,867
HSD,2004-05,2004,4,APR,3514
HSD,2004-05,2004,5,MAY,3552
HSD,2004-05,2004,6,JUN,3303
HSD,2004-05,2004,7,JUL,3408
HSD,2004-05,2004,8,AUG,2565
HSD,2004-05,2004,9,SEP,3141
HSD,2004-05,2004,10,OCT,3503
HSD,2004-05,2004,11,NOV,3047
HSD,2004-05,2004,12,DEC,3567
HSD,2004-05,2005,1,JAN,3310
HSD,2004-05,2005,2,FEB,3087
HSD,2004-05,2005,3,MAR,3655
LDO,2004-05,2004,4,APR,141
LDO,2004-05,2004,5,MAY,149
LDO,2004-05,2004,6,JUN,135
LDO,2004-05,2004,7,JUL,147
LDO,2004-05,2004,8,AUG,117
LDO,2004-05,2004,9,SEP,122
LDO,2004-05,2004,10,OCT,114
LDO,2004-05,2004,11,NOV,108
LDO,2004-05,2004,12,DEC,123
LDO,2004-05,2005,1,JAN,114
LDO,2004-05,2005,2,FEB,103
LDO,2004-05,2005,3,MAR,104
Lubricants & Greases,2004-05,2004,4,APR,103
Lubricants & Greases,2004-05,2004,5,MAY,90
Lubricants & Greases,2004-05,2004,6,JUN,100
Lubricants & Greases,2004-05,2004,7,JUL,95
Lubricants & Greases,2004-05,2004,8,AUG,91
Lubricants & Greases,2004-05,2004,9,SEP,105
Lubricants & Greases,2004-05,2004,10,OCT,98
Lubricants & Greases,2004-05,2004,11,NOV,110
Lubricants & Greases,2004-05,2004,12,DEC,117
Lubricants & Greases,2004-05,2005,1,JAN,137
Lubricants & Greases,2004-05,2005,2,FEB,131
Lubricants & Greases,2004-05,2005,3,MAR,160
FO & LSHS,2004-05,2004,4,APR,1058
FO & LSHS,2004-05,2004,5,MAY,1113
FO & LSHS,2004-05,2004,6,JUN,1092
FO & LSHS,2004-05,2004,7,JUL,1136
FO & LSHS,2004-05,2004,8,AUG,1118
FO & LSHS,2004-05,2004,9,SEP,1045
FO & LSHS,2004-05,2004,10,OCT,1148
FO & LSHS,2004-05,2004,11,NOV,1050
FO & LSHS,2004-05,2004,12,DEC,1207
FO & LSHS,2004-05,2005,1,JAN,1210
FO & LSHS,2004-05,2005,2,FEB,1092
FO & LSHS,2004-05,2005,3,MAR,1271
Bitumen,2004-05,2004,4,APR,399
Bitumen,2004-05,2004,5,MAY,357
Bitumen,2004-05,2004,6,JUN,287
Bitumen,2004-05,2004,7,JUL,179
Bitumen,2004-05,2004,8,AUG,112
Bitumen,2004-05,2004,9,SEP,160
Bitumen,2004-05,2004,10,OCT,211
Bitumen,2004-05,2004,11,NOV,262
Bitumen,2004-05,2004,12,DEC,325
Bitumen,2004-05,2005,1,JAN,307
Bitumen,2004-05,2005,2,FEB,324
Bitumen,2004-05,2005,3,MAR,417
Petroleum coke,2004-05,2004,4,APR,256
Petroleum coke,2004-05,2004,5,MAY,305
Petroleum coke,2004-05,2004,6,JUN,260
Petroleum coke,2004-05,2004,7,JUL,258
Petroleum coke,2004-05,2004,8,AUG,162
Petroleum coke,2004-05,2004,9,SEP,229
Petroleum coke,2004-05,2004,10,OCT,231
Petroleum coke,2004-05,2004,11,NOV,285
Petroleum coke,2004-05,2004,12,DEC,318
Petroleum coke,2004-05,2005,1,JAN,270
Petroleum coke,2004-05,2005,2,FEB,252
Petroleum coke,2004-05,2005,3,MAR,303
Others,2004-05,2004,4,APR,380
Others,2004-05,2004,5,MAY,342
Others,2004-05,2004,6,JUN,374
Others,2004-05,2004,7,JUL,386
Others,2004-05,2004,8,AUG,368
Others,2004-05,2004,9,SEP,380
Others,2004-05,2004,10,OCT,362
Others,2004-05,2004,11,NOV,363
Others,2004-05,2004,12,DEC,378
Others,2004-05,2005,1,JAN,351
Others,2004-05,2005,2,FEB,394
Others,2004-05,2005,3,MAR,390
LPG,2005-06,2005,4,APR,816
LPG,2005-06,2005,5,MAY,811
LPG,2005-06,2005,6,JUN,794
LPG,2005-06,2005,7,JUL,834
LPG,2005-06,2005,8,AUG,883
LPG,2005-06,2005,9,SEP,846
LPG,2005-06,2005,10,OCT,969
LPG,2005-06,2005,11,NOV,904
LPG,2005-06,2005,12,DEC,931
LPG,2005-06,2006,1,JAN,919
LPG,2005-06,2006,2,FEB,878
LPG,2005-06,2006,3,MAR,871
Naphtha,2005-06,2005,4,APR,927
Naphtha,2005-06,2005,5,MAY,1034
Naphtha,2005-06,2005,6,JUN,1031
Naphtha,2005-06,2005,7,JUL,1036
Naphtha,2005-06,2005,8,AUG,1024
Naphtha,2005-06,2005,9,SEP,1045
Naphtha,2005-06,2005,10,OCT,1012
Naphtha,2005-06,2005,11,NOV,825
Naphtha,2005-06,2005,12,DEC,1078
Naphtha,2005-06,2006,1,JAN,1072
Naphtha,2005-06,2006,2,FEB,1068
Naphtha,2005-06,2006,3,MAR,1044
MS,2005-06,2005,4,APR,671
MS,2005-06,2005,5,MAY,796
MS,2005-06,2005,6,JUN,722
MS,2005-06,2005,7,JUL,701
MS,2005-06,2005,8,AUG,756
MS,2005-06,2005,9,SEP,661
MS,2005-06,2005,10,OCT,714
MS,2005-06,2005,11,NOV,700
MS,2005-06,2005,12,DEC,733
MS,2005-06,2006,1,JAN,713
MS,2005-06,2006,2,FEB,718
MS,2005-06,2006,3,MAR,764
ATF,2005-06,2005,4,APR,243
ATF,2005-06,2005,5,MAY,248
ATF,2005-06,2005,6,JUN,241
ATF,2005-06,2005,7,JUL,241
ATF,2005-06,2005,8,AUG,255
ATF,2005-06,2005,9,SEP,256
ATF,2005-06,2005,10,OCT,269
ATF,2005-06,2005,11,NOV,284
ATF,2005-06,2005,12,DEC,313
ATF,2005-06,2006,1,JAN,326
ATF,2005-06,2006,2,FEB,296
ATF,2005-06,2006,3,MAR,326
SKO,2005-06,2005,4,APR,792
SKO,2005-06,2005,5,MAY,808
SKO,2005-06,2005,6,JUN,823
SKO,2005-06,2005,7,JUL,825
SKO,2005-06,2005,8,AUG,813
SKO,2005-06,2005,9,SEP,789
SKO,2005-06,2005,10,OCT,774
SKO,2005-06,2005,11,NOV,773
SKO,2005-06,2005,12,DEC,791
SKO,2005-06,2006,1,JAN,792
SKO,2005-06,2006,2,FEB,779
SKO,2005-06,2006,3,MAR,782
HSD,2005-06,2005,4,APR,3357
HSD,2005-06,2005,5,MAY,3549
HSD,2005-06,2005,6,JUN,3398
HSD,2005-06,2005,7,JUL,3109
HSD,2005-06,2005,8,AUG,3170
HSD,2005-06,2005,9,SEP,2815
HSD,2005-06,2005,10,OCT,3300
HSD,2005-06,2005,11,NOV,3371
HSD,2005-06,2005,12,DEC,3685
HSD,2005-06,2006,1,JAN,3430
HSD,2005-06,2006,2,FEB,3428
HSD,2005-06,2006,3,MAR,3579
LDO,2005-06,2005,4,APR,79
LDO,2005-06,2005,5,MAY,81
LDO,2005-06,2005,6,JUN,83
LDO,2005-06,2005,7,JUL,77
LDO,2005-06,2005,8,AUG,81
LDO,2005-06,2005,9,SEP,67
LDO,2005-06,2005,10,OCT,72
LDO,2005-06,2005,11,NOV,73
LDO,2005-06,2005,12,DEC,72
LDO,2005-06,2006,1,JAN,68
LDO,2005-06,2006,2,FEB,66
LDO,2005-06,2006,3,MAR,63
Lubricants & Greases,2005-06,2005,4,APR,150
Lubricants & Greases,2005-06,2005,5,MAY,206
Lubricants & Greases,2005-06,2005,6,JUN,183
Lubricants & Greases,2005-06,2005,7,JUL,173
Lubricants & Greases,2005-06,2005,8,AUG,216
Lubricants & Greases,2005-06,2005,9,SEP,174
Lubricants & Greases,2005-06,2005,10,OCT,180
Lubricants & Greases,2005-06,2005,11,NOV,175
Lubricants & Greases,2005-06,2005,12,DEC,118
Lubricants & Greases,2005-06,2006,1,JAN,142
Lubricants & Greases,2005-06,2006,2,FEB,159
Lubricants & Greases,2005-06,2006,3,MAR,207
FO & LSHS,2005-06,2005,4,APR,1004
FO & LSHS,2005-06,2005,5,MAY,1068
FO & LSHS,2005-06,2005,6,JUN,1155
FO & LSHS,2005-06,2005,7,JUL,1049
FO & LSHS,2005-06,2005,8,AUG,1175
FO & LSHS,2005-06,2005,9,SEP,1046
FO & LSHS,2005-06,2005,10,OCT,1062
FO & LSHS,2005-06,2005,11,NOV,968
FO & LSHS,2005-06,2005,12,DEC,1121
FO & LSHS,2005-06,2006,1,JAN,1110
FO & LSHS,2005-06,2006,2,FEB,963
FO & LSHS,2005-06,2006,3,MAR,1107
Bitumen,2005-06,2005,4,APR,341
Bitumen,2005-06,2005,5,MAY,388
Bitumen,2005-06,2005,6,JUN,313
Bitumen,2005-06,2005,7,JUL,153
Bitumen,2005-06,2005,8,AUG,138
Bitumen,2005-06,2005,9,SEP,152
Bitumen,2005-06,2005,10,OCT,236
Bitumen,2005-06,2005,11,NOV,272
Bitumen,2005-06,2005,12,DEC,349
Bitumen,2005-06,2006,1,JAN,308
Bitumen,2005-06,2006,2,FEB,371
Bitumen,2005-06,2006,3,MAR,488
Petroleum coke,2005-06,2005,4,APR,296
Petroleum coke,2005-06,2005,5,MAY,371
Petroleum coke,2005-06,2005,6,JUN,325
Petroleum coke,2005-06,2005,7,JUL,482
Petroleum coke,2005-06,2005,8,AUG,457
Petroleum coke,2005-06,2005,9,SEP,491
Petroleum coke,2005-06,2005,10,OCT,435
Petroleum coke,2005-06,2005,11,NOV,373
Petroleum coke,2005-06,2005,12,DEC,476
Petroleum coke,2005-06,2006,1,JAN,362
Petroleum coke,2005-06,2006,2,FEB,346
Petroleum coke,2005-06,2006,3,MAR,516
Others,2005-06,2005,4,APR,380
Others,2005-06,2005,5,MAY,386
Others,2005-06,2005,6,JUN,353
Others,2005-06,2005,7,JUL,392
Others,2005-06,2005,8,AUG,488
Others,2005-06,2005,9,SEP,372
Others,2005-06,2005,10,OCT,277
Others,2005-06,2005,11,NOV,262
Others,2005-06,2005,12,DEC,441
Others,2005-06,2006,1,JAN,503
Others,2005-06,2006,2,FEB,327
Others,2005-06,2006,3,MAR,478
LPG,2006-07,2006,4,APR,804
LPG,2006-07,2006,5,MAY,856
LPG,2006-07,2006,6,JUN,828
LPG,2006-07,2006,7,JUL,863
LPG,2006-07,2006,8,AUG,899
LPG,2006-07,2006,9,SEP,906
LPG,2006-07,2006,10,OCT,892
LPG,2006-07,2006,11,NOV,928
LPG,2006-07,2006,12,DEC,955
LPG,2006-07,2007,1,JAN,985
LPG,2006-07,2007,2,FEB,954
LPG,2006-07,2007,3,MAR,979
Naphtha,2006-07,2006,4,APR,1011
Naphtha,2006-07,2006,5,MAY,1206
Naphtha,2006-07,2006,6,JUN,1334
Naphtha,2006-07,2006,7,JUL,1022
Naphtha,2006-07,2006,8,AUG,1045
Naphtha,2006-07,2006,9,SEP,1121
Naphtha,2006-07,2006,10,OCT,1137
Naphtha,2006-07,2006,11,NOV,1225
Naphtha,2006-07,2006,12,DEC,1181
Naphtha,2006-07,2007,1,JAN,1384
Naphtha,2006-07,2007,2,FEB,1076
Naphtha,2006-07,2007,3,MAR,1145
MS,2006-07,2006,4,APR,735
MS,2006-07,2006,5,MAY,899
MS,2006-07,2006,6,JUN,709
MS,2006-07,2006,7,JUL,729
MS,2006-07,2006,8,AUG,756
MS,2006-07,2006,9,SEP,751
MS,2006-07,2006,10,OCT,764
MS,2006-07,2006,11,NOV,737
MS,2006-07,2006,12,DEC,803
MS,2006-07,2007,1,JAN,774
MS,2006-07,2007,2,FEB,750
MS,2006-07,2007,3,MAR,880
ATF,2006-07,2006,4,APR,312
ATF,2006-07,2006,5,MAY,317
ATF,2006-07,2006,6,JUN,302
ATF,2006-07,2006,7,JUL,307
ATF,2006-07,2006,8,AUG,309
ATF,2006-07,2006,9,SEP,311
ATF,2006-07,2006,10,OCT,319
ATF,2006-07,2006,11,NOV,348
ATF,2006-07,2006,12,DEC,368
ATF,2006-07,2007,1,JAN,374
ATF,2006-07,2007,2,FEB,339
ATF,2006-07,2007,3,MAR,377
SKO,2006-07,2006,4,APR,769
SKO,2006-07,2006,5,MAY,781
SKO,2006-07,2006,6,JUN,835
SKO,2006-07,2006,7,JUL,798
SKO,2006-07,2006,8,AUG,821
SKO,2006-07,2006,9,SEP,798
SKO,2006-07,2006,10,OCT,766
SKO,2006-07,2006,11,NOV,789
SKO,2006-07,2006,12,DEC,797
SKO,2006-07,2007,1,JAN,780
SKO,2006-07,2007,2,FEB,777
SKO,2006-07,2007,3,MAR,793
HSD,2006-07,2006,4,APR,3667
HSD,2006-07,2006,5,MAY,4080
HSD,2006-07,2006,6,JUN,3277
HSD,2006-07,2006,7,JUL,3237
HSD,2006-07,2006,8,AUG,3131
HSD,2006-07,2006,9,SEP,3244
HSD,2006-07,2006,10,OCT,3410
HSD,2006-07,2006,11,NOV,3730
HSD,2006-07,2006,12,DEC,3944
HSD,2006-07,2007,1,JAN,3710
HSD,2006-07,2007,2,FEB,3481
HSD,2006-07,2007,3,MAR,3986
LDO,2006-07,2006,4,APR,56
LDO,2006-07,2006,5,MAY,68
LDO,2006-07,2006,6,JUN,62
LDO,2006-07,2006,7,JUL,64
LDO,2006-07,2006,8,AUG,62
LDO,2006-07,2006,9,SEP,61
LDO,2006-07,2006,10,OCT,55
LDO,2006-07,2006,11,NOV,59
LDO,2006-07,2006,12,DEC,60
LDO,2006-07,2007,1,JAN,57
LDO,2006-07,2007,2,FEB,53
LDO,2006-07,2007,3,MAR,65
Lubricants & Greases,2006-07,2006,4,APR,137
Lubricants & Greases,2006-07,2006,5,MAY,156
Lubricants & Greases,2006-07,2006,6,JUN,167
Lubricants & Greases,2006-07,2006,7,JUL,171
Lubricants & Greases,2006-07,2006,8,AUG,129
Lubricants & Greases,2006-07,2006,9,SEP,197
Lubricants & Greases,2006-07,2006,10,OCT,141
Lubricants & Greases,2006-07,2006,11,NOV,143
Lubricants & Greases,2006-07,2006,12,DEC,110
Lubricants & Greases,2006-07,2007,1,JAN,173
Lubricants & Greases,2006-07,2007,2,FEB,160
Lubricants & Greases,2006-07,2007,3,MAR,216
FO & LSHS,2006-07,2006,4,APR,1022
FO & LSHS,2006-07,2006,5,MAY,1093
FO & LSHS,2006-07,2006,6,JUN,1056
FO & LSHS,2006-07,2006,7,JUL,994
FO & LSHS,2006-07,2006,8,AUG,1000
FO & LSHS,2006-07,2006,9,SEP,1007
FO & LSHS,2006-07,2006,10,OCT,1045
FO & LSHS,2006-07,2006,11,NOV,1050
FO & LSHS,2006-07,2006,12,DEC,1075
FO & LSHS,2006-07,2007,1,JAN,1118
FO & LSHS,2006-07,2007,2,FEB,1005
FO & LSHS,2006-07,2007,3,MAR,1153
Bitumen,2006-07,2006,4,APR,376
Bitumen,2006-07,2006,5,MAY,413
Bitumen,2006-07,2006,6,JUN,296
Bitumen,2006-07,2006,7,JUL,161
Bitumen,2006-07,2006,8,AUG,137
Bitumen,2006-07,2006,9,SEP,195
Bitumen,2006-07,2006,10,OCT,241
Bitumen,2006-07,2006,11,NOV,338
Bitumen,2006-07,2006,12,DEC,380
Bitumen,2006-07,2007,1,JAN,376
Bitumen,2006-07,2007,2,FEB,408
Bitumen,2006-07,2007,3,MAR,514
Petroleum coke,2006-07,2006,4,APR,521
Petroleum coke,2006-07,2006,5,MAY,506
Petroleum coke,2006-07,2006,6,JUN,491
Petroleum coke,2006-07,2006,7,JUL,491
Petroleum coke,2006-07,2006,8,AUG,366
Petroleum coke,2006-07,2006,9,SEP,352
Petroleum coke,2006-07,2006,10,OCT,438
Petroleum coke,2006-07,2006,11,NOV,394
Petroleum coke,2006-07,2006,12,DEC,451
Petroleum coke,2006-07,2007,1,JAN,485
Petroleum coke,2006-07,2007,2,FEB,470
Petroleum coke,2006-07,2007,3,MAR,475
Others,2006-07,2006,4,APR,434
Others,2006-07,2006,5,MAY,522
Others,2006-07,2006,6,JUN,489
Others,2006-07,2006,7,JUL,502
Others,2006-07,2006,8,AUG,502
Others,2006-07,2006,9,SEP,502
Others,2006-07,2006,10,OCT,493
Others,2006-07,2006,11,NOV,491
Others,2006-07,2006,12,DEC,411
Others,2006-07,2007,1,JAN,523
Others,2006-07,2007,2,FEB,448
Others,2006-07,2007,3,MAR,518
LPG,2007-08,2007,4,APR,903
LPG,2007-08,2007,5,MAY,917
LPG,2007-08,2007,6,JUN,894
LPG,2007-08,2007,7,JUL,953
LPG,2007-08,2007,8,AUG,990
LPG,2007-08,2007,9,SEP,987
LPG,2007-08,2007,10,OCT,1028
LPG,2007-08,2007,11,NOV,1027
LPG,2007-08,2007,12,DEC,1054
LPG,2007-08,2008,1,JAN,1064
LPG,2007-08,2008,2,FEB,1115
LPG,2007-08,2008,3,MAR,1076
Naphtha,2007-08,2007,4,APR,1059
Naphtha,2007-08,2007,5,MAY,1074
Naphtha,2007-08,2007,6,JUN,1187
Naphtha,2007-08,2007,7,JUL,905
Naphtha,2007-08,2007,8,AUG,1047
Naphtha,2007-08,2007,9,SEP,1019
Naphtha,2007-08,2007,10,OCT,1196
Naphtha,2007-08,2007,11,NOV,1112
Naphtha,2007-08,2007,12,DEC,1037
Naphtha,2007-08,2008,1,JAN,1276
Naphtha,2007-08,2008,2,FEB,1157
Naphtha,2007-08,2008,3,MAR,1227
MS,2007-08,2007,4,APR,823
MS,2007-08,2007,5,MAY,914
MS,2007-08,2007,6,JUN,855
MS,2007-08,2007,7,JUL,859
MS,2007-08,2007,8,AUG,826
MS,2007-08,2007,9,SEP,816
MS,2007-08,2007,10,OCT,851
MS,2007-08,2007,11,NOV,864
MS,2007-08,2007,12,DEC,881
MS,2007-08,2008,1,JAN,887
MS,2007-08,2008,2,FEB,821
MS,2007-08,2008,3,MAR,936
ATF,2007-08,2007,4,APR,352
ATF,2007-08,2007,5,MAY,359
ATF,2007-08,2007,6,JUN,347
ATF,2007-08,2007,7,JUL,352
ATF,2007-08,2007,8,AUG,366
ATF,2007-08,2007,9,SEP,350
ATF,2007-08,2007,10,OCT,379
ATF,2007-08,2007,11,NOV,397
ATF,2007-08,2007,12,DEC,415
ATF,2007-08,2008,1,JAN,421
ATF,2007-08,2008,2,FEB,388
ATF,2007-08,2008,3,MAR,419
SKO,2007-08,2007,4,APR,768
SKO,2007-08,2007,5,MAY,782
SKO,2007-08,2007,6,JUN,777
SKO,2007-08,2007,7,JUL,773
SKO,2007-08,2007,8,AUG,777
SKO,2007-08,2007,9,SEP,794
SKO,2007-08,2007,10,OCT,781
SKO,2007-08,2007,11,NOV,791
SKO,2007-08,2007,12,DEC,779
SKO,2007-08,2008,1,JAN,778
SKO,2007-08,2008,2,FEB,784
SKO,2007-08,2008,3,MAR,781
HSD,2007-08,2007,4,APR,3971
HSD,2007-08,2007,5,MAY,4112
HSD,2007-08,2007,6,JUN,3928
HSD,2007-08,2007,7,JUL,3699
HSD,2007-08,2007,8,AUG,3310
HSD,2007-08,2007,9,SEP,3347
HSD,2007-08,2007,10,OCT,3988
HSD,2007-08,2007,11,NOV,4112
HSD,2007-08,2007,12,DEC,4368
HSD,2007-08,2008,1,JAN,4307
HSD,2007-08,2008,2,FEB,4119
HSD,2007-08,2008,3,MAR,4409
LDO,2007-08,2007,4,APR,50
LDO,2007-08,2007,5,MAY,47
LDO,2007-08,2007,6,JUN,55
LDO,2007-08,2007,7,JUL,55
LDO,2007-08,2007,8,AUG,56
LDO,2007-08,2007,9,SEP,49
LDO,2007-08,2007,10,OCT,63
LDO,2007-08,2007,11,NOV,59
LDO,2007-08,2007,12,DEC,62
LDO,2007-08,2008,1,JAN,61
LDO,2007-08,2008,2,FEB,54
LDO,2007-08,2008,3,MAR,57
Lubricants & Greases,2007-08,2007,4,APR,229
Lubricants & Greases,2007-08,2007,5,MAY,196
Lubricants & Greases,2007-08,2007,6,JUN,190
Lubricants & Greases,2007-08,2007,7,JUL,171
Lubricants & Greases,2007-08,2007,8,AUG,193
Lubricants & Greases,2007-08,2007,9,SEP,138
Lubricants & Greases,2007-08,2007,10,OCT,178
Lubricants & Greases,2007-08,2007,11,NOV,183
Lubricants & Greases,2007-08,2007,12,DEC,209
Lubricants & Greases,2007-08,2008,1,JAN,194
Lubricants & Greases,2007-08,2008,2,FEB,195
Lubricants & Greases,2007-08,2008,3,MAR,215
FO & LSHS,2007-08,2007,4,APR,1032
FO & LSHS,2007-08,2007,5,MAY,1143
FO & LSHS,2007-08,2007,6,JUN,1109
FO & LSHS,2007-08,2007,7,JUL,1017
FO & LSHS,2007-08,2007,8,AUG,997
FO & LSHS,2007-08,2007,9,SEP,1077
FO & LSHS,2007-08,2007,10,OCT,1118
FO & LSHS,2007-08,2007,11,NOV,928
FO & LSHS,2007-08,2007,12,DEC,1056
FO & LSHS,2007-08,2008,1,JAN,1055
FO & LSHS,2007-08,2008,2,FEB,1129
FO & LSHS,2007-08,2008,3,MAR,1058
Bitumen,2007-08,2007,4,APR,458
Bitumen,2007-08,2007,5,MAY,475
Bitumen,2007-08,2007,6,JUN,350
Bitumen,2007-08,2007,7,JUL,207
Bitumen,2007-08,2007,8,AUG,186
Bitumen,2007-08,2007,9,SEP,220
Bitumen,2007-08,2007,10,OCT,331
Bitumen,2007-08,2007,11,NOV,367
Bitumen,2007-08,2007,12,DEC,439
Bitumen,2007-08,2008,1,JAN,435
Bitumen,2007-08,2008,2,FEB,466
Bitumen,2007-08,2008,3,MAR,572
Petroleum coke,2007-08,2007,4,APR,562
Petroleum coke,2007-08,2007,5,MAY,525
Petroleum coke,2007-08,2007,6,JUN,458
Petroleum coke,2007-08,2007,7,JUL,473
Petroleum coke,2007-08,2007,8,AUG,372
Petroleum coke,2007-08,2007,9,SEP,537
Petroleum coke,2007-08,2007,10,OCT,488
Petroleum coke,2007-08,2007,11,NOV,473
Petroleum coke,2007-08,2007,12,DEC,404
Petroleum coke,2007-08,2008,1,JAN,526
Petroleum coke,2007-08,2008,2,FEB,630
Petroleum coke,2007-08,2008,3,MAR,501
Others,2007-08,2007,4,APR,405
Others,2007-08,2007,5,MAY,530
Others,2007-08,2007,6,JUN,479
Others,2007-08,2007,7,JUL,478
Others,2007-08,2007,8,AUG,506
Others,2007-08,2007,9,SEP,424
Others,2007-08,2007,10,OCT,498
Others,2007-08,2007,11,NOV,458
Others,2007-08,2007,12,DEC,418
Others,2007-08,2008,1,JAN,441
Others,2007-08,2008,2,FEB,485
Others,2007-08,2008,3,MAR,482
LPG,2008-09,2008,4,APR,999
LPG,2008-09,2008,5,MAY,1005
LPG,2008-09,2008,6,JUN,914
LPG,2008-09,2008,7,JUL,980
LPG,2008-09,2008,8,AUG,971
LPG,2008-09,2008,9,SEP,1017
LPG,2008-09,2008,10,OCT,1008
LPG,2008-09,2008,11,NOV,1016
LPG,2008-09,2008,12,DEC,1086
LPG,2008-09,2009,1,JAN,1062
LPG,2008-09,2009,2,FEB,1051
LPG,2008-09,2009,3,MAR,1081
Naphtha,2008-09,2008,4,APR,1067
Naphtha,2008-09,2008,5,MAY,1074
Naphtha,2008-09,2008,6,JUN,1087
Naphtha,2008-09,2008,7,JUL,1082
Naphtha,2008-09,2008,8,AUG,1092
Naphtha,2008-09,2008,9,SEP,1146
Naphtha,2008-09,2008,10,OCT,1072
Naphtha,2008-09,2008,11,NOV,1105
Naphtha,2008-09,2008,12,DEC,1372
Naphtha,2008-09,2009,1,JAN,1340
Naphtha,2008-09,2009,2,FEB,1302
Naphtha,2008-09,2009,3,MAR,1172
MS,2008-09,2008,4,APR,943
MS,2008-09,2008,5,MAY,1054
MS,2008-09,2008,6,JUN,803
MS,2008-09,2008,7,JUL,914
MS,2008-09,2008,8,AUG,892
MS,2008-09,2008,9,SEP,900
MS,2008-09,2008,10,OCT,937
MS,2008-09,2008,11,NOV,915
MS,2008-09,2008,12,DEC,929
MS,2008-09,2009,1,JAN,968
MS,2008-09,2009,2,FEB,944
MS,2008-09,2009,3,MAR,1060
ATF,2008-09,2008,4,APR,390
ATF,2008-09,2008,5,MAY,402
ATF,2008-09,2008,6,JUN,375
ATF,2008-09,2008,7,JUL,366
ATF,2008-09,2008,8,AUG,352
ATF,2008-09,2008,9,SEP,348
ATF,2008-09,2008,10,OCT,356
ATF,2008-09,2008,11,NOV,367
ATF,2008-09,2008,12,DEC,371
ATF,2008-09,2009,1,JAN,376
ATF,2008-09,2009,2,FEB,347
ATF,2008-09,2009,3,MAR,374
SKO,2008-09,2008,4,APR,761
SKO,2008-09,2008,5,MAY,769
SKO,2008-09,2008,6,JUN,775
SKO,2008-09,2008,7,JUL,773
SKO,2008-09,2008,8,AUG,759
SKO,2008-09,2008,9,SEP,790
SKO,2008-09,2008,10,OCT,770
SKO,2008-09,2008,11,NOV,778
SKO,2008-09,2008,12,DEC,797
SKO,2008-09,2009,1,JAN,780
SKO,2008-09,2009,2,FEB,776
SKO,2008-09,2009,3,MAR,776
HSD,2008-09,2008,4,APR,4511
HSD,2008-09,2008,5,MAY,4809
HSD,2008-09,2008,6,JUN,4067
HSD,2008-09,2008,7,JUL,4083
HSD,2008-09,2008,8,AUG,3628
HSD,2008-09,2008,9,SEP,3937
HSD,2008-09,2008,10,OCT,4241
HSD,2008-09,2008,11,NOV,4466
HSD,2008-09,2008,12,DEC,4437
HSD,2008-09,2009,1,JAN,4427
HSD,2008-09,2009,2,FEB,4296
HSD,2008-09,2009,3,MAR,4810
LDO,2008-09,2008,4,APR,56
LDO,2008-09,2008,5,MAY,52
LDO,2008-09,2008,6,JUN,49
LDO,2008-09,2008,7,JUL,56
LDO,2008-09,2008,8,AUG,52
LDO,2008-09,2008,9,SEP,48
LDO,2008-09,2008,10,OCT,43
LDO,2008-09,2008,11,NOV,41
LDO,2008-09,2008,12,DEC,43
LDO,2008-09,2009,1,JAN,36
LDO,2008-09,2009,2,FEB,34
LDO,2008-09,2009,3,MAR,42
Lubricants & Greases,2008-09,2008,4,APR,169
Lubricants & Greases,2008-09,2008,5,MAY,204
Lubricants & Greases,2008-09,2008,6,JUN,171
Lubricants & Greases,2008-09,2008,7,JUL,138
Lubricants & Greases,2008-09,2008,8,AUG,246
Lubricants & Greases,2008-09,2008,9,SEP,172
Lubricants & Greases,2008-09,2008,10,OCT,122
Lubricants & Greases,2008-09,2008,11,NOV,110
Lubricants & Greases,2008-09,2008,12,DEC,104
Lubricants & Greases,2008-09,2009,1,JAN,147
Lubricants & Greases,2008-09,2009,2,FEB,167
Lubricants & Greases,2008-09,2009,3,MAR,251
FO & LSHS,2008-09,2008,4,APR,1079
FO & LSHS,2008-09,2008,5,MAY,1000
FO & LSHS,2008-09,2008,6,JUN,1059
FO & LSHS,2008-09,2008,7,JUL,989
FO & LSHS,2008-09,2008,8,AUG,995
FO & LSHS,2008-09,2008,9,SEP,1057
FO & LSHS,2008-09,2008,10,OCT,990
FO & LSHS,2008-09,2008,11,NOV,1014
FO & LSHS,2008-09,2008,12,DEC,1100
FO & LSHS,2008-09,2009,1,JAN,1096
FO & LSHS,2008-09,2009,2,FEB,995
FO & LSHS,2008-09,2009,3,MAR,1214
Bitumen,2008-09,2008,4,APR,492
Bitumen,2008-09,2008,5,MAY,468
Bitumen,2008-09,2008,6,JUN,369
Bitumen,2008-09,2008,7,JUL,222
Bitumen,2008-09,2008,8,AUG,180
Bitumen,2008-09,2008,9,SEP,239
Bitumen,2008-09,2008,10,OCT,307
Bitumen,2008-09,2008,11,NOV,369
Bitumen,2008-09,2008,12,DEC,463
Bitumen,2008-09,2009,1,JAN,469
Bitumen,2008-09,2009,2,FEB,529
Bitumen,2008-09,2009,3,MAR,640
Petroleum coke,2008-09,2008,4,APR,509
Petroleum coke,2008-09,2008,5,MAY,400
Petroleum coke,2008-09,2008,6,JUN,444
Petroleum coke,2008-09,2008,7,JUL,532
Petroleum coke,2008-09,2008,8,AUG,491
Petroleum coke,2008-09,2008,9,SEP,521
Petroleum coke,2008-09,2008,10,OCT,419
Petroleum coke,2008-09,2008,11,NOV,423
Petroleum coke,2008-09,2008,12,DEC,543
Petroleum coke,2008-09,2009,1,JAN,627
Petroleum coke,2008-09,2009,2,FEB,608
Petroleum coke,2008-09,2009,3,MAR,649
Others,2008-09,2008,4,APR,491
Others,2008-09,2008,5,MAY,405
Others,2008-09,2008,6,JUN,446
Others,2008-09,2008,7,JUL,435
Others,2008-09,2008,8,AUG,446
Others,2008-09,2008,9,SEP,438
Others,2008-09,2008,10,OCT,332
Others,2008-09,2008,11,NOV,316
Others,2008-09,2008,12,DEC,324
Others,2008-09,2009,1,JAN,378
Others,2008-09,2009,2,FEB,360
Others,2008-09,2009,3,MAR,378
LPG,2009-10,2009,4,APR,995
LPG,2009-10,2009,5,MAY,996
LPG,2009-10,2009,6,JUN,1010
LPG,2009-10,2009,7,JUL,1079
LPG,2009-10,2009,8,AUG,1046
LPG,2009-10,2009,9,SEP,1052
LPG,2009-10,2009,10,OCT,1134
LPG,2009-10,2009,11,NOV,1099
LPG,2009-10,2009,12,DEC,1192
LPG,2009-10,2010,1,JAN,1170
LPG,2009-10,2010,2,FEB,1165
LPG,2009-10,2010,3,MAR,1199
Naphtha,2009-10,2009,4,APR,1074
Naphtha,2009-10,2009,5,MAY,749
Naphtha,2009-10,2009,6,JUN,964
Naphtha,2009-10,2009,7,JUL,859
Naphtha,2009-10,2009,8,AUG,958
Naphtha,2009-10,2009,9,SEP,907
Naphtha,2009-10,2009,10,OCT,819
Naphtha,2009-10,2009,11,NOV,772
Naphtha,2009-10,2009,12,DEC,720
Naphtha,2009-10,2010,1,JAN,858
Naphtha,2009-10,2010,2,FEB,743
Naphtha,2009-10,2010,3,MAR,711
MS,2009-10,2009,4,APR,1018
MS,2009-10,2009,5,MAY,1106
MS,2009-10,2009,6,JUN,1102
MS,2009-10,2009,7,JUL,1007
MS,2009-10,2009,8,AUG,1047
MS,2009-10,2009,9,SEP,1037
MS,2009-10,2009,10,OCT,1111
MS,2009-10,2009,11,NOV,1017
MS,2009-10,2009,12,DEC,1105
MS,2009-10,2010,1,JAN,1048
MS,2009-10,2010,2,FEB,1063
MS,2009-10,2010,3,MAR,1157
ATF,2009-10,2009,4,APR,378
ATF,2009-10,2009,5,MAY,377
ATF,2009-10,2009,6,JUN,364
ATF,2009-10,2009,7,JUL,377
ATF,2009-10,2009,8,AUG,374
ATF,2009-10,2009,9,SEP,356
ATF,2009-10,2009,10,OCT,395
ATF,2009-10,2009,11,NOV,394
ATF,2009-10,2009,12,DEC,417
ATF,2009-10,2010,1,JAN,397
ATF,2009-10,2010,2,FEB,380
ATF,2009-10,2010,3,MAR,420
SKO,2009-10,2009,4,APR,765
SKO,2009-10,2009,5,MAY,770
SKO,2009-10,2009,6,JUN,782
SKO,2009-10,2009,7,JUL,781
SKO,2009-10,2009,8,AUG,772
SKO,2009-10,2009,9,SEP,767
SKO,2009-10,2009,10,OCT,785
SKO,2009-10,2009,11,NOV,776
SKO,2009-10,2009,12,DEC,805
SKO,2009-10,2010,1,JAN,770
SKO,2009-10,2010,2,FEB,771
SKO,2009-10,2010,3,MAR,761
HSD,2009-10,2009,4,APR,4741
HSD,2009-10,2009,5,MAY,4769
HSD,2009-10,2009,6,JUN,4859
HSD,2009-10,2009,7,JUL,4521
HSD,2009-10,2009,8,AUG,4182
HSD,2009-10,2009,9,SEP,4129
HSD,2009-10,2009,10,OCT,4775
HSD,2009-10,2009,11,NOV,4721
HSD,2009-10,2009,12,DEC,5028
HSD,2009-10,2010,1,JAN,4708
HSD,2009-10,2010,2,FEB,4658
HSD,2009-10,2010,3,MAR,5153
LDO,2009-10,2009,4,APR,35
LDO,2009-10,2009,5,MAY,38
LDO,2009-10,2009,6,JUN,45
LDO,2009-10,2009,7,JUL,45
LDO,2009-10,2009,8,AUG,42
LDO,2009-10,2009,9,SEP,38
LDO,2009-10,2009,10,OCT,42
LDO,2009-10,2009,11,NOV,36
LDO,2009-10,2009,12,DEC,36
LDO,2009-10,2010,1,JAN,34
LDO,2009-10,2010,2,FEB,33
LDO,2009-10,2010,3,MAR,33
Lubricants & Greases,2009-10,2009,4,APR,182
Lubricants & Greases,2009-10,2009,5,MAY,200
Lubricants & Greases,2009-10,2009,6,JUN,239
Lubricants & Greases,2009-10,2009,7,JUL,187
Lubricants & Greases,2009-10,2009,8,AUG,271
Lubricants & Greases,2009-10,2009,9,SEP,193
Lubricants & Greases,2009-10,2009,10,OCT,177
Lubricants & Greases,2009-10,2009,11,NOV,177
Lubricants & Greases,2009-10,2009,12,DEC,240
Lubricants & Greases,2009-10,2010,1,JAN,181
Lubricants & Greases,2009-10,2010,2,FEB,234
Lubricants & Greases,2009-10,2010,3,MAR,260
FO & LSHS,2009-10,2009,4,APR,1054
FO & LSHS,2009-10,2009,5,MAY,1046
FO & LSHS,2009-10,2009,6,JUN,980
FO & LSHS,2009-10,2009,7,JUL,996
FO & LSHS,2009-10,2009,8,AUG,1023
FO & LSHS,2009-10,2009,9,SEP,969
FO & LSHS,2009-10,2009,10,OCT,1023
FO & LSHS,2009-10,2009,11,NOV,879
FO & LSHS,2009-10,2009,12,DEC,918
FO & LSHS,2009-10,2010,1,JAN,877
FO & LSHS,2009-10,2010,2,FEB,857
FO & LSHS,2009-10,2010,3,MAR,1006
Bitumen,2009-10,2009,4,APR,527
Bitumen,2009-10,2009,5,MAY,517
Bitumen,2009-10,2009,6,JUN,475
Bitumen,2009-10,2009,7,JUL,247
Bitumen,2009-10,2009,8,AUG,217
Bitumen,2009-10,2009,9,SEP,241
Bitumen,2009-10,2009,10,OCT,335
Bitumen,2009-10,2009,11,NOV,394
Bitumen,2009-10,2009,12,DEC,464
Bitumen,2009-10,2010,1,JAN,400
Bitumen,2009-10,2010,2,FEB,483
Bitumen,2009-10,2010,3,MAR,634
Petroleum coke,2009-10,2009,4,APR,517
Petroleum coke,2009-10,2009,5,MAY,734
Petroleum coke,2009-10,2009,6,JUN,535
Petroleum coke,2009-10,2009,7,JUL,609
Petroleum coke,2009-10,2009,8,AUG,402
Petroleum coke,2009-10,2009,9,SEP,748
Petroleum coke,2009-10,2009,10,OCT,507
Petroleum coke,2009-10,2009,11,NOV,661
Petroleum coke,2009-10,2009,12,DEC,471
Petroleum coke,2009-10,2010,1,JAN,502
Petroleum coke,2009-10,2010,2,FEB,468
Petroleum coke,2009-10,2010,3,MAR,432
Others,2009-10,2009,4,APR,411
Others,2009-10,2009,5,MAY,420
Others,2009-10,2009,6,JUN,523
Others,2009-10,2009,7,JUL,442
Others,2009-10,2009,8,AUG,527
Others,2009-10,2009,9,SEP,434
Others,2009-10,2009,10,OCT,462
Others,2009-10,2009,11,NOV,472
Others,2009-10,2009,12,DEC,420
Others,2009-10,2010,1,JAN,418
Others,2009-10,2010,2,FEB,412
Others,2009-10,2010,3,MAR,461
LPG,2010-11,2010,4,APR,1079
LPG,2010-11,2010,5,MAY,1073
LPG,2010-11,2010,6,JUN,1092
LPG,2010-11,2010,7,JUL,1163
LPG,2010-11,2010,8,AUG,1155
LPG,2010-11,2010,9,SEP,1169
LPG,2010-11,2010,10,OCT,1215
LPG,2010-11,2010,11,NOV,1200
LPG,2010-11,2010,12,DEC,1329
LPG,2010-11,2011,1,JAN,1281
LPG,2010-11,2011,2,FEB,1246
LPG,2010-11,2011,3,MAR,1330
Naphtha,2010-11,2010,4,APR,892
Naphtha,2010-11,2010,5,MAY,999
Naphtha,2010-11,2010,6,JUN,854
Naphtha,2010-11,2010,7,JUL,967
Naphtha,2010-11,2010,8,AUG,929
Naphtha,2010-11,2010,9,SEP,858
Naphtha,2010-11,2010,10,OCT,738
Naphtha,2010-11,2010,11,NOV,918
Naphtha,2010-11,2010,12,DEC,1013
Naphtha,2010-11,2011,1,JAN,955
Naphtha,2010-11,2011,2,FEB,766
Naphtha,2010-11,2011,3,MAR,788
MS,2010-11,2010,4,APR,1118
MS,2010-11,2010,5,MAY,1251
MS,2010-11,2010,6,JUN,1242
MS,2010-11,2010,7,JUL,1156
MS,2010-11,2010,8,AUG,1168
MS,2010-11,2010,9,SEP,1128
MS,2010-11,2010,10,OCT,1189
MS,2010-11,2010,11,NOV,1193
MS,2010-11,2010,12,DEC,1202
MS,2010-11,2011,1,JAN,1141
MS,2010-11,2011,2,FEB,1136
MS,2010-11,2011,3,MAR,1269
ATF,2010-11,2010,4,APR,393
ATF,2010-11,2010,5,MAY,421
ATF,2010-11,2010,6,JUN,401
ATF,2010-11,2010,7,JUL,401
ATF,2010-11,2010,8,AUG,403
ATF,2010-11,2010,9,SEP,398
ATF,2010-11,2010,10,OCT,434
ATF,2010-11,2010,11,NOV,431
ATF,2010-11,2010,12,DEC,452
ATF,2010-11,2011,1,JAN,446
ATF,2010-11,2011,2,FEB,421
ATF,2010-11,2011,3,MAR,477
SKO,2010-11,2010,4,APR,749
SKO,2010-11,2010,5,MAY,752
SKO,2010-11,2010,6,JUN,709
SKO,2010-11,2010,7,JUL,764
SKO,2010-11,2010,8,AUG,759
SKO,2010-11,2010,9,SEP,730
SKO,2010-11,2010,10,OCT,753
SKO,2010-11,2010,11,NOV,745
SKO,2010-11,2010,12,DEC,737
SKO,2010-11,2011,1,JAN,763
SKO,2010-11,2011,2,FEB,750
SKO,2010-11,2011,3,MAR,717
HSD,2010-11,2010,4,APR,5392
HSD,2010-11,2010,5,MAY,5295
HSD,2010-11,2010,6,JUN,5198
HSD,2010-11,2010,7,JUL,4839
HSD,2010-11,2010,8,AUG,4318
HSD,2010-11,2010,9,SEP,4213
HSD,2010-11,2010,10,OCT,4961
HSD,2010-11,2010,11,NOV,4927
HSD,2010-11,2010,12,DEC,5524
HSD,2010-11,2011,1,JAN,4999
HSD,2010-11,2011,2,FEB,4919
HSD,2010-11,2011,3,MAR,5486
LDO,2010-11,2010,4,APR,29
LDO,2010-11,2010,5,MAY,34
LDO,2010-11,2010,6,JUN,37
LDO,2010-11,2010,7,JUL,40
LDO,2010-11,2010,8,AUG,44
LDO,2010-11,2010,9,SEP,43
LDO,2010-11,2010,10,OCT,39
LDO,2010-11,2010,11,NOV,35
LDO,2010-11,2010,12,DEC,37
LDO,2010-11,2011,1,JAN,36
LDO,2010-11,2011,2,FEB,36
LDO,2010-11,2011,3,MAR,45
Lubricants & Greases,2010-11,2010,4,APR,192
Lubricants & Greases,2010-11,2010,5,MAY,222
Lubricants & Greases,2010-11,2010,6,JUN,165
Lubricants & Greases,2010-11,2010,7,JUL,211
Lubricants & Greases,2010-11,2010,8,AUG,161
Lubricants & Greases,2010-11,2010,9,SEP,200
Lubricants & Greases,2010-11,2010,10,OCT,194
Lubricants & Greases,2010-11,2010,11,NOV,237
Lubricants & Greases,2010-11,2010,12,DEC,178
Lubricants & Greases,2010-11,2011,1,JAN,184
Lubricants & Greases,2010-11,2011,2,FEB,194
Lubricants & Greases,2010-11,2011,3,MAR,292
FO & LSHS,2010-11,2010,4,APR,913
FO & LSHS,2010-11,2010,5,MAY,881
FO & LSHS,2010-11,2010,6,JUN,965
FO & LSHS,2010-11,2010,7,JUL,916
FO & LSHS,2010-11,2010,8,AUG,941
FO & LSHS,2010-11,2010,9,SEP,935
FO & LSHS,2010-11,2010,10,OCT,921
FO & LSHS,2010-11,2010,11,NOV,843
FO & LSHS,2010-11,2010,12,DEC,876
FO & LSHS,2010-11,2011,1,JAN,828
FO & LSHS,2010-11,2011,2,FEB,824
FO & LSHS,2010-11,2011,3,MAR,947
Bitumen,2010-11,2010,4,APR,531
Bitumen,2010-11,2010,5,MAY,516
Bitumen,2010-11,2010,6,JUN,396
Bitumen,2010-11,2010,7,JUL,196
Bitumen,2010-11,2010,8,AUG,125
Bitumen,2010-11,2010,9,SEP,167
Bitumen,2010-11,2010,10,OCT,307
Bitumen,2010-11,2010,11,NOV,302
Bitumen,2010-11,2010,12,DEC,432
Bitumen,2010-11,2011,1,JAN,424
Bitumen,2010-11,2011,2,FEB,513
Bitumen,2010-11,2011,3,MAR,630
Petroleum coke,2010-11,2010,4,APR,464
Petroleum coke,2010-11,2010,5,MAY,518
Petroleum coke,2010-11,2010,6,JUN,468
Petroleum coke,2010-11,2010,7,JUL,407
Petroleum coke,2010-11,2010,8,AUG,347
Petroleum coke,2010-11,2010,9,SEP,293
Petroleum coke,2010-11,2010,10,OCT,414
Petroleum coke,2010-11,2010,11,NOV,350
Petroleum coke,2010-11,2010,12,DEC,357
Petroleum coke,2010-11,2011,1,JAN,450
Petroleum coke,2010-11,2011,2,FEB,383
Petroleum coke,2010-11,2011,3,MAR,531
Others,2010-11,2010,4,APR,395
Others,2010-11,2010,5,MAY,399
Others,2010-11,2010,6,JUN,393
Others,2010-11,2010,7,JUL,404
Others,2010-11,2010,8,AUG,385
Others,2010-11,2010,9,SEP,331
Others,2010-11,2010,10,OCT,471
Others,2010-11,2010,11,NOV,331
Others,2010-11,2010,12,DEC,460
Others,2010-11,2011,1,JAN,370
Others,2010-11,2011,2,FEB,305
Others,2010-11,2011,3,MAR,327
LPG,2011-12,2011,4,APR,1154
LPG,2011-12,2011,5,MAY,1211
LPG,2011-12,2011,6,JUN,1214
LPG,2011-12,2011,7,JUL,1248
LPG,2011-12,2011,8,AUG,1272
LPG,2011-12,2011,9,SEP,1282
LPG,2011-12,2011,10,OCT,1237
LPG,2011-12,2011,11,NOV,1323
LPG,2011-12,2011,12,DEC,1412
LPG,2011-12,2012,1,JAN,1317
LPG,2011-12,2012,2,FEB,1337
LPG,2011-12,2012,3,MAR,1344
Naphtha,2011-12,2011,4,APR,1010
Naphtha,2011-12,2011,5,MAY,961
Naphtha,2011-12,2011,6,JUN,850
Naphtha,2011-12,2011,7,JUL,960
Naphtha,2011-12,2011,8,AUG,904
Naphtha,2011-12,2011,9,SEP,984
Naphtha,2011-12,2011,10,OCT,992
Naphtha,2011-12,2011,11,NOV,1039
Naphtha,2011-12,2011,12,DEC,860
Naphtha,2011-12,2012,1,JAN,865
Naphtha,2011-12,2012,2,FEB,851
Naphtha,2011-12,2012,3,MAR,947
MS,2011-12,2011,4,APR,1202
MS,2011-12,2011,5,MAY,1351
MS,2011-12,2011,6,JUN,1249
MS,2011-12,2011,7,JUL,1212
MS,2011-12,2011,8,AUG,1222
MS,2011-12,2011,9,SEP,1197
MS,2011-12,2011,10,OCT,1252
MS,2011-12,2011,11,NOV,1164
MS,2011-12,2011,12,DEC,1339
MS,2011-12,2012,1,JAN,1164
MS,2011-12,2012,2,FEB,1226
MS,2011-12,2012,3,MAR,1415
ATF,2011-12,2011,4,APR,452
ATF,2011-12,2011,5,MAY,459
ATF,2011-12,2011,6,JUN,443
ATF,2011-12,2011,7,JUL,450
ATF,2011-12,2011,8,AUG,440
ATF,2011-12,2011,9,SEP,445
ATF,2011-12,2011,10,OCT,472
ATF,2011-12,2011,11,NOV,479
ATF,2011-12,2011,12,DEC,482
ATF,2011-12,2012,1,JAN,480
ATF,2011-12,2012,2,FEB,459
ATF,2011-12,2012,3,MAR,476
SKO,2011-12,2011,4,APR,749
SKO,2011-12,2011,5,MAY,732
SKO,2011-12,2011,6,JUN,675
SKO,2011-12,2011,7,JUL,689
SKO,2011-12,2011,8,AUG,671
SKO,2011-12,2011,9,SEP,657
SKO,2011-12,2011,10,OCT,672
SKO,2011-12,2011,11,NOV,679
SKO,2011-12,2011,12,DEC,681
SKO,2011-12,2012,1,JAN,687
SKO,2011-12,2012,2,FEB,677
SKO,2011-12,2012,3,MAR,660
HSD,2011-12,2011,4,APR,5474
HSD,2011-12,2011,5,MAY,5853
HSD,2011-12,2011,6,JUN,5343
HSD,2011-12,2011,7,JUL,5073
HSD,2011-12,2011,8,AUG,4577
HSD,2011-12,2011,9,SEP,4597
HSD,2011-12,2011,10,OCT,5341
HSD,2011-12,2011,11,NOV,5703
HSD,2011-12,2011,12,DEC,5868
HSD,2011-12,2012,1,JAN,5374
HSD,2011-12,2012,2,FEB,5498
HSD,2011-12,2012,3,MAR,6051
LDO,2011-12,2011,4,APR,35
LDO,2011-12,2011,5,MAY,31
LDO,2011-12,2011,6,JUN,39
LDO,2011-12,2011,7,JUL,43
LDO,2011-12,2011,8,AUG,42
LDO,2011-12,2011,9,SEP,40
LDO,2011-12,2011,10,OCT,33
LDO,2011-12,2011,11,NOV,31
LDO,2011-12,2011,12,DEC,32
LDO,2011-12,2012,1,JAN,26
LDO,2011-12,2012,2,FEB,33
LDO,2011-12,2012,3,MAR,31
Lubricants & Greases,2011-12,2011,4,APR,196
Lubricants & Greases,2011-12,2011,5,MAY,195
Lubricants & Greases,2011-12,2011,6,JUN,200
Lubricants & Greases,2011-12,2011,7,JUL,178
Lubricants & Greases,2011-12,2011,8,AUG,235
Lubricants & Greases,2011-12,2011,9,SEP,224
Lubricants & Greases,2011-12,2011,10,OCT,171
Lubricants & Greases,2011-12,2011,11,NOV,267
Lubricants & Greases,2011-12,2011,12,DEC,242
Lubricants & Greases,2011-12,2012,1,JAN,222
Lubricants & Greases,2011-12,2012,2,FEB,215
Lubricants & Greases,2011-12,2012,3,MAR,287
FO & LSHS,2011-12,2011,4,APR,918
FO & LSHS,2011-12,2011,5,MAY,665
FO & LSHS,2011-12,2011,6,JUN,782
FO & LSHS,2011-12,2011,7,JUL,855
FO & LSHS,2011-12,2011,8,AUG,820
FO & LSHS,2011-12,2011,9,SEP,793
FO & LSHS,2011-12,2011,10,OCT,763
FO & LSHS,2011-12,2011,11,NOV,832
FO & LSHS,2011-12,2011,12,DEC,764
FO & LSHS,2011-12,2012,1,JAN,676
FO & LSHS,2011-12,2012,2,FEB,702
FO & LSHS,2011-12,2012,3,MAR,736
Bitumen,2011-12,2011,4,APR,481
Bitumen,2011-12,2011,5,MAY,509
Bitumen,2011-12,2011,6,JUN,362
Bitumen,2011-12,2011,7,JUL,201
Bitumen,2011-12,2011,8,AUG,136
Bitumen,2011-12,2011,9,SEP,187
Bitumen,2011-12,2011,10,OCT,296
Bitumen,2011-12,2011,11,NOV,435
Bitumen,2011-12,2011,12,DEC,484
Bitumen,2011-12,2012,1,JAN,395
Bitumen,2011-12,2012,2,FEB,514
Bitumen,2011-12,2012,3,MAR,639
Petroleum coke,2011-12,2011,4,APR,457
Petroleum coke,2011-12,2011,5,MAY,484
Petroleum coke,2011-12,2011,6,JUN,523
Petroleum coke,2011-12,2011,7,JUL,495
Petroleum coke,2011-12,2011,8,AUG,416
Petroleum coke,2011-12,2011,9,SEP,497
Petroleum coke,2011-12,2011,10,OCT,472
Petroleum coke,2011-12,2011,11,NOV,601
Petroleum coke,2011-12,2011,12,DEC,503
Petroleum coke,2011-12,2012,1,JAN,514
Petroleum coke,2011-12,2012,2,FEB,568
Petroleum coke,2011-12,2012,3,MAR,608
Others,2011-12,2011,4,APR,469
Others,2011-12,2011,5,MAY,430
Others,2011-12,2011,6,JUN,451
Others,2011-12,2011,7,JUL,359
Others,2011-12,2011,8,AUG,451
Others,2011-12,2011,9,SEP,372
Others,2011-12,2011,10,OCT,337
Others,2011-12,2011,11,NOV,466
Others,2011-12,2011,12,DEC,379
Others,2011-12,2012,1,JAN,452
Others,2011-12,2012,2,FEB,356
Others,2011-12,2012,3,MAR,402
LPG,2012-13,2012,4,APR,1232
LPG,2012-13,2012,5,MAY,1315
LPG,2012-13,2012,6,JUN,1290
LPG,2012-13,2012,7,JUL,1323
LPG,2012-13,2012,8,AUG,1333
LPG,2012-13,2012,9,SEP,1271
LPG,2012-13,2012,10,OCT,1298
LPG,2012-13,2012,11,NOV,1279
LPG,2012-13,2012,12,DEC,1305
LPG,2012-13,2013,1,JAN,1318
LPG,2012-13,2013,2,FEB,1281
LPG,2012-13,2013,3,MAR,1355
Naphtha,2012-13,2012,4,APR,893
Naphtha,2012-13,2012,5,MAY,1069
Naphtha,2012-13,2012,6,JUN,963
Naphtha,2012-13,2012,7,JUL,1100
Naphtha,2012-13,2012,8,AUG,1097
Naphtha,2012-13,2012,9,SEP,1019
Naphtha,2012-13,2012,10,OCT,953
Naphtha,2012-13,2012,11,NOV,1121
Naphtha,2012-13,2012,12,DEC,1022
Naphtha,2012-13,2013,1,JAN,1073
Naphtha,2012-13,2013,2,FEB,962
Naphtha,2012-13,2013,3,MAR,1019
MS,2012-13,2012,4,APR,1247
MS,2012-13,2012,5,MAY,1292
MS,2012-13,2012,6,JUN,1341
MS,2012-13,2012,7,JUL,1312
MS,2012-13,2012,8,AUG,1314
MS,2012-13,2012,9,SEP,1227
MS,2012-13,2012,10,OCT,1323
MS,2012-13,2012,11,NOV,1325
MS,2012-13,2012,12,DEC,1349
MS,2012-13,2013,1,JAN,1301
MS,2012-13,2013,2,FEB,1278
MS,2012-13,2013,3,MAR,1435
ATF,2012-13,2012,4,APR,444
ATF,2012-13,2012,5,MAY,445
ATF,2012-13,2012,6,JUN,422
ATF,2012-13,2012,7,JUL,422
ATF,2012-13,2012,8,AUG,415
ATF,2012-13,2012,9,SEP,412
ATF,2012-13,2012,10,OCT,434
ATF,2012-13,2012,11,NOV,454
ATF,2012-13,2012,12,DEC,455
ATF,2012-13,2013,1,JAN,459
ATF,2012-13,2013,2,FEB,428
ATF,2012-13,2013,3,MAR,482
SKO,2012-13,2012,4,APR,604
SKO,2012-13,2012,5,MAY,623
SKO,2012-13,2012,6,JUN,631
SKO,2012-13,2012,7,JUL,655
SKO,2012-13,2012,8,AUG,624
SKO,2012-13,2012,9,SEP,622
SKO,2012-13,2012,10,OCT,621
SKO,2012-13,2012,11,NOV,625
SKO,2012-13,2012,12,DEC,625
SKO,2012-13,2013,1,JAN,623
SKO,2012-13,2013,2,FEB,626
SKO,2012-13,2013,3,MAR,622
HSD,2012-13,2012,4,APR,5909
HSD,2012-13,2012,5,MAY,6374
HSD,2012-13,2012,6,JUN,6071
HSD,2012-13,2012,7,JUL,5745
HSD,2012-13,2012,8,AUG,5051
HSD,2012-13,2012,9,SEP,4939
HSD,2012-13,2012,10,OCT,5700
HSD,2012-13,2012,11,NOV,5793
HSD,2012-13,2012,12,DEC,6120
HSD,2012-13,2013,1,JAN,5798
HSD,2012-13,2013,2,FEB,5383
HSD,2012-13,2013,3,MAR,6199
LDO,2012-13,2012,4,APR,36
LDO,2012-13,2012,5,MAY,37
LDO,2012-13,2012,6,JUN,31
LDO,2012-13,2012,7,JUL,36
LDO,2012-13,2012,8,AUG,34
LDO,2012-13,2012,9,SEP,37
LDO,2012-13,2012,10,OCT,32
LDO,2012-13,2012,11,NOV,32
LDO,2012-13,2012,12,DEC,27
LDO,2012-13,2013,1,JAN,29
LDO,2012-13,2013,2,FEB,33
LDO,2012-13,2013,3,MAR,34
Lubricants & Greases,2012-13,2012,4,APR,218
Lubricants & Greases,2012-13,2012,5,MAY,282
Lubricants & Greases,2012-13,2012,6,JUN,233
Lubricants & Greases,2012-13,2012,7,JUL,210
Lubricants & Greases,2012-13,2012,8,AUG,362
Lubricants & Greases,2012-13,2012,9,SEP,261
Lubricants & Greases,2012-13,2012,10,OCT,237
Lubricants & Greases,2012-13,2012,11,NOV,355
Lubricants & Greases,2012-13,2012,12,DEC,204
Lubricants & Greases,2012-13,2013,1,JAN,260
Lubricants & Greases,2012-13,2013,2,FEB,260
Lubricants & Greases,2012-13,2013,3,MAR,314
FO & LSHS,2012-13,2012,4,APR,676
FO & LSHS,2012-13,2012,5,MAY,676
FO & LSHS,2012-13,2012,6,JUN,641
FO & LSHS,2012-13,2012,7,JUL,732
FO & LSHS,2012-13,2012,8,AUG,712
FO & LSHS,2012-13,2012,9,SEP,704
FO & LSHS,2012-13,2012,10,OCT,682
FO & LSHS,2012-13,2012,11,NOV,586
FO & LSHS,2012-13,2012,12,DEC,566
FO & LSHS,2012-13,2013,1,JAN,622
FO & LSHS,2012-13,2013,2,FEB,518
FO & LSHS,2012-13,2013,3,MAR,543
Bitumen,2012-13,2012,4,APR,451
Bitumen,2012-13,2012,5,MAY,469
Bitumen,2012-13,2012,6,JUN,375
Bitumen,2012-13,2012,7,JUL,196
Bitumen,2012-13,2012,8,AUG,133
Bitumen,2012-13,2012,9,SEP,158
Bitumen,2012-13,2012,10,OCT,383
Bitumen,2012-13,2012,11,NOV,417
Bitumen,2012-13,2012,12,DEC,455
Bitumen,2012-13,2013,1,JAN,443
Bitumen,2012-13,2013,2,FEB,491
Bitumen,2012-13,2013,3,MAR,706
Petroleum coke,2012-13,2012,4,APR,742
Petroleum coke,2012-13,2012,5,MAY,780
Petroleum coke,2012-13,2012,6,JUN,789
Petroleum coke,2012-13,2012,7,JUL,764
Petroleum coke,2012-13,2012,8,AUG,953
Petroleum coke,2012-13,2012,9,SEP,785
Petroleum coke,2012-13,2012,10,OCT,870
Petroleum coke,2012-13,2012,11,NOV,809
Petroleum coke,2012-13,2012,12,DEC,945
Petroleum coke,2012-13,2013,1,JAN,1005
Petroleum coke,2012-13,2013,2,FEB,866
Petroleum coke,2012-13,2013,3,MAR,828
Others,2012-13,2012,4,APR,393
Others,2012-13,2012,5,MAY,472
Others,2012-13,2012,6,JUN,433
Others,2012-13,2012,7,JUL,487
Others,2012-13,2012,8,AUG,487
Others,2012-13,2012,9,SEP,431
Others,2012-13,2012,10,OCT,440
Others,2012-13,2012,11,NOV,501
Others,2012-13,2012,12,DEC,422
Others,2012-13,2013,1,JAN,491
Others,2012-13,2013,2,FEB,406
Others,2012-13,2013,3,MAR,545
LPG,2013-14,2013,4,APR,1228
LPG,2013-14,2013,5,MAY,1247
LPG,2013-14,2013,6,JUN,1210
LPG,2013-14,2013,7,JUL,1359
LPG,2013-14,2013,8,AUG,1318
LPG,2013-14,2013,9,SEP,1338
LPG,2013-14,2013,10,OCT,1399
LPG,2013-14,2013,11,NOV,1378
LPG,2013-14,2013,12,DEC,1426
LPG,2013-14,2014,1,JAN,1466
LPG,2013-14,2014,2,FEB,1392
LPG,2013-14,2014,3,MAR,1533
Naphtha,2013-14,2013,4,APR,923
Naphtha,2013-14,2013,5,MAY,871
Naphtha,2013-14,2013,6,JUN,922
Naphtha,2013-14,2013,7,JUL,952
Naphtha,2013-14,2013,8,AUG,1003
Naphtha,2013-14,2013,9,SEP,925
Naphtha,2013-14,2013,10,OCT,892
Naphtha,2013-14,2013,11,NOV,958
Naphtha,2013-14,2013,12,DEC,933
Naphtha,2013-14,2014,1,JAN,990
Naphtha,2013-14,2014,2,FEB,957
Naphtha,2013-14,2014,3,MAR,978
MS,2013-14,2013,4,APR,1270
MS,2013-14,2013,5,MAY,1696
MS,2013-14,2013,6,JUN,1415
MS,2013-14,2013,7,JUL,1406
MS,2013-14,2013,8,AUG,1483
MS,2013-14,2013,9,SEP,1232
MS,2013-14,2013,10,OCT,1462
MS,2013-14,2013,11,NOV,1460
MS,2013-14,2013,12,DEC,1454
MS,2013-14,2014,1,JAN,1384
MS,2013-14,2014,2,FEB,1379
MS,2013-14,2014,3,MAR,1489
ATF,2013-14,2013,4,APR,451
ATF,2013-14,2013,5,MAY,461
ATF,2013-14,2013,6,JUN,439
ATF,2013-14,2013,7,JUL,440
ATF,2013-14,2013,8,AUG,440
ATF,2013-14,2013,9,SEP,442
ATF,2013-14,2013,10,OCT,465
ATF,2013-14,2013,11,NOV,470
ATF,2013-14,2013,12,DEC,473
ATF,2013-14,2014,1,JAN,483
ATF,2013-14,2014,2,FEB,447
ATF,2013-14,2014,3,MAR,494
SKO,2013-14,2013,4,APR,593
SKO,2013-14,2013,5,MAY,610
SKO,2013-14,2013,6,JUN,594
SKO,2013-14,2013,7,JUL,603
SKO,2013-14,2013,8,AUG,601
SKO,2013-14,2013,9,SEP,580
SKO,2013-14,2013,10,OCT,609
SKO,2013-14,2013,11,NOV,597
SKO,2013-14,2013,12,DEC,592
SKO,2013-14,2014,1,JAN,604
SKO,2013-14,2014,2,FEB,589
SKO,2013-14,2014,3,MAR,593
HSD,2013-14,2013,4,APR,6155
HSD,2013-14,2013,5,MAY,6394
HSD,2013-14,2013,6,JUN,5943
HSD,2013-14,2013,7,JUL,5400
HSD,2013-14,2013,8,AUG,5048
HSD,2013-14,2013,9,SEP,4908
HSD,2013-14,2013,10,OCT,5615
HSD,2013-14,2013,11,NOV,5826
HSD,2013-14,2013,12,DEC,5973
HSD,2013-14,2014,1,JAN,5639
HSD,2013-14,2014,2,FEB,5380
HSD,2013-14,2014,3,MAR,6083
LDO,2013-14,2013,4,APR,27
LDO,2013-14,2013,5,MAY,35
LDO,2013-14,2013,6,JUN,41
LDO,2013-14,2013,7,JUL,30
LDO,2013-14,2013,8,AUG,39
LDO,2013-14,2013,9,SEP,28
LDO,2013-14,2013,10,OCT,31
LDO,2013-14,2013,11,NOV,27
LDO,2013-14,2013,12,DEC,30
LDO,2013-14,2014,1,JAN,34
LDO,2013-14,2014,2,FEB,20
LDO,2013-14,2014,3,MAR,44
Lubricants & Greases,2013-14,2013,4,APR,220
Lubricants & Greases,2013-14,2013,5,MAY,315
Lubricants & Greases,2013-14,2013,6,JUN,254
Lubricants & Greases,2013-14,2013,7,JUL,293
Lubricants & Greases,2013-14,2013,8,AUG,264
Lubricants & Greases,2013-14,2013,9,SEP,195
Lubricants & Greases,2013-14,2013,10,OCT,275
Lubricants & Greases,2013-14,2013,11,NOV,206
Lubricants & Greases,2013-14,2013,12,DEC,325
Lubricants & Greases,2013-14,2014,1,JAN,367
Lubricants & Greases,2013-14,2014,2,FEB,284
Lubricants & Greases,2013-14,2014,3,MAR,307
FO & LSHS,2013-14,2013,4,APR,533
FO & LSHS,2013-14,2013,5,MAY,530
FO & LSHS,2013-14,2013,6,JUN,483
FO & LSHS,2013-14,2013,7,JUL,606
FO & LSHS,2013-14,2013,8,AUG,581
FO & LSHS,2013-14,2013,9,SEP,459
FO & LSHS,2013-14,2013,10,OCT,560
FO & LSHS,2013-14,2013,11,NOV,479
FO & LSHS,2013-14,2013,12,DEC,522
FO & LSHS,2013-14,2014,1,JAN,491
FO & LSHS,2013-14,2014,2,FEB,417
FO & LSHS,2013-14,2014,3,MAR,575
Bitumen,2013-14,2013,4,APR,557
Bitumen,2013-14,2013,5,MAY,594
Bitumen,2013-14,2013,6,JUN,364
Bitumen,2013-14,2013,7,JUL,187
Bitumen,2013-14,2013,8,AUG,141
Bitumen,2013-14,2013,9,SEP,219
Bitumen,2013-14,2013,10,OCT,344
Bitumen,2013-14,2013,11,NOV,410
Bitumen,2013-14,2013,12,DEC,530
Bitumen,2013-14,2014,1,JAN,458
Bitumen,2013-14,2014,2,FEB,542
Bitumen,2013-14,2014,3,MAR,661
Petroleum coke,2013-14,2013,4,APR,760
Petroleum coke,2013-14,2013,5,MAY,1021
Petroleum coke,2013-14,2013,6,JUN,818
Petroleum coke,2013-14,2013,7,JUL,1071
Petroleum coke,2013-14,2013,8,AUG,993
Petroleum coke,2013-14,2013,9,SEP,1054
Petroleum coke,2013-14,2013,10,OCT,1105
Petroleum coke,2013-14,2013,11,NOV,876
Petroleum coke,2013-14,2013,12,DEC,889
Petroleum coke,2013-14,2014,1,JAN,1075
Petroleum coke,2013-14,2014,2,FEB,1021
Petroleum coke,2013-14,2014,3,MAR,1073
Others,2013-14,2013,4,APR,471
Others,2013-14,2013,5,MAY,465
Others,2013-14,2013,6,JUN,532
Others,2013-14,2013,7,JUL,514
Others,2013-14,2013,8,AUG,537
Others,2013-14,2013,9,SEP,562
Others,2013-14,2013,10,OCT,465
Others,2013-14,2013,11,NOV,567
Others,2013-14,2013,12,DEC,444
Others,2013-14,2014,1,JAN,531
Others,2013-14,2014,2,FEB,409
Others,2013-14,2014,3,MAR,460
LPG,2014-15,2014,4,APR,1349
LPG,2014-15,2014,5,MAY,1423
LPG,2014-15,2014,6,JUN,1349
LPG,2014-15,2014,7,JUL,1422
LPG,2014-15,2014,8,AUG,1436
LPG,2014-15,2014,9,SEP,1550
LPG,2014-15,2014,10,OCT,1499
LPG,2014-15,2014,11,NOV,1574
LPG,2014-15,2014,12,DEC,1677
LPG,2014-15,2015,1,JAN,1617
LPG,2014-15,2015,2,FEB,1497
LPG,2014-15,2015,3,MAR,1608
Naphtha,2014-15,2014,4,APR,871
Naphtha,2014-15,2014,5,MAY,1001
Naphtha,2014-15,2014,6,JUN,947
Naphtha,2014-15,2014,7,JUL,990
Naphtha,2014-15,2014,8,AUG,957
Naphtha,2014-15,2014,9,SEP,832
Naphtha,2014-15,2014,10,OCT,797
Naphtha,2014-15,2014,11,NOV,752
Naphtha,2014-15,2014,12,DEC,895
Naphtha,2014-15,2015,1,JAN,896
Naphtha,2014-15,2015,2,FEB,972
Naphtha,2014-15,2015,3,MAR,1176
MS,2014-15,2014,4,APR,1502
MS,2014-15,2014,5,MAY,1683
MS,2014-15,2014,6,JUN,1611
MS,2014-15,2014,7,JUL,1481
MS,2014-15,2014,8,AUG,1599
MS,2014-15,2014,9,SEP,1499
MS,2014-15,2014,10,OCT,1616
MS,2014-15,2014,11,NOV,1513
MS,2014-15,2014,12,DEC,1629
MS,2014-15,2015,1,JAN,1629
MS,2014-15,2015,2,FEB,1630
MS,2014-15,2015,3,MAR,1684
ATF,2014-15,2014,4,APR,474
ATF,2014-15,2014,5,MAY,482
ATF,2014-15,2014,6,JUN,450
ATF,2014-15,2014,7,JUL,468
ATF,2014-15,2014,8,AUG,479
ATF,2014-15,2014,9,SEP,475
ATF,2014-15,2014,10,OCT,479
ATF,2014-15,2014,11,NOV,463
ATF,2014-15,2014,12,DEC,484
ATF,2014-15,2015,1,JAN,497
ATF,2014-15,2015,2,FEB,455
ATF,2014-15,2015,3,MAR,517
SKO,2014-15,2014,4,APR,584
SKO,2014-15,2014,5,MAY,591
SKO,2014-15,2014,6,JUN,595
SKO,2014-15,2014,7,JUL,591
SKO,2014-15,2014,8,AUG,592
SKO,2014-15,2014,9,SEP,591
SKO,2014-15,2014,10,OCT,595
SKO,2014-15,2014,11,NOV,601
SKO,2014-15,2014,12,DEC,600
SKO,2014-15,2015,1,JAN,568
SKO,2014-15,2015,2,FEB,589
SKO,2014-15,2015,3,MAR,590
HSD,2014-15,2014,4,APR,5933
HSD,2014-15,2014,5,MAY,6477
HSD,2014-15,2014,6,JUN,6139
HSD,2014-15,2014,7,JUL,5741
HSD,2014-15,2014,8,AUG,5121
HSD,2014-15,2014,9,SEP,4899
HSD,2014-15,2014,10,OCT,5455
HSD,2014-15,2014,11,NOV,6007
HSD,2014-15,2014,12,DEC,6148
HSD,2014-15,2015,1,JAN,5820
HSD,2014-15,2015,2,FEB,5784
HSD,2014-15,2015,3,MAR,5893
LDO,2014-15,2014,4,APR,27
LDO,2014-15,2014,5,MAY,30
LDO,2014-15,2014,6,JUN,30
LDO,2014-15,2014,7,JUL,32
LDO,2014-15,2014,8,AUG,28
LDO,2014-15,2014,9,SEP,33
LDO,2014-15,2014,10,OCT,23
LDO,2014-15,2014,11,NOV,25
LDO,2014-15,2014,12,DEC,29
LDO,2014-15,2015,1,JAN,38
LDO,2014-15,2015,2,FEB,35
LDO,2014-15,2015,3,MAR,37
Lubricants & Greases,2014-15,2014,4,APR,343
Lubricants & Greases,2014-15,2014,5,MAY,439
Lubricants & Greases,2014-15,2014,6,JUN,203
Lubricants & Greases,2014-15,2014,7,JUL,237
Lubricants & Greases,2014-15,2014,8,AUG,323
Lubricants & Greases,2014-15,2014,9,SEP,228
Lubricants & Greases,2014-15,2014,10,OCT,239
Lubricants & Greases,2014-15,2014,11,NOV,225
Lubricants & Greases,2014-15,2014,12,DEC,226
Lubricants & Greases,2014-15,2015,1,JAN,197
Lubricants & Greases,2014-15,2015,2,FEB,290
Lubricants & Greases,2014-15,2015,3,MAR,361
FO & LSHS,2014-15,2014,4,APR,443
FO & LSHS,2014-15,2014,5,MAY,496
FO & LSHS,2014-15,2014,6,JUN,514
FO & LSHS,2014-15,2014,7,JUL,440
FO & LSHS,2014-15,2014,8,AUG,562
FO & LSHS,2014-15,2014,9,SEP,549
FO & LSHS,2014-15,2014,10,OCT,427
FO & LSHS,2014-15,2014,11,NOV,492
FO & LSHS,2014-15,2014,12,DEC,473
FO & LSHS,2014-15,2015,1,JAN,522
FO & LSHS,2014-15,2015,2,FEB,543
FO & LSHS,2014-15,2015,3,MAR,500
Bitumen,2014-15,2014,4,APR,578
Bitumen,2014-15,2014,5,MAY,572
Bitumen,2014-15,2014,6,JUN,493
Bitumen,2014-15,2014,7,JUL,240
Bitumen,2014-15,2014,8,AUG,166
Bitumen,2014-15,2014,9,SEP,219
Bitumen,2014-15,2014,10,OCT,292
Bitumen,2014-15,2014,11,NOV,425
Bitumen,2014-15,2014,12,DEC,482
Bitumen,2014-15,2015,1,JAN,426
Bitumen,2014-15,2015,2,FEB,551
Bitumen,2014-15,2015,3,MAR,629
Petroleum coke,2014-15,2014,4,APR,946
Petroleum coke,2014-15,2014,5,MAY,1112
Petroleum coke,2014-15,2014,6,JUN,1122
Petroleum coke,2014-15,2014,7,JUL,1149
Petroleum coke,2014-15,2014,8,AUG,1177
Petroleum coke,2014-15,2014,9,SEP,1376
Petroleum coke,2014-15,2014,10,OCT,1081
Petroleum coke,2014-15,2014,11,NOV,1161
Petroleum coke,2014-15,2014,12,DEC,1549
Petroleum coke,2014-15,2015,1,JAN,1323
Petroleum coke,2014-15,2015,2,FEB,1383
Petroleum coke,2014-15,2015,3,MAR,1180
Others,2014-15,2014,4,APR,436
Others,2014-15,2014,5,MAY,435
Others,2014-15,2014,6,JUN,527
Others,2014-15,2014,7,JUL,502
Others,2014-15,2014,8,AUG,466
Others,2014-15,2014,9,SEP,519
Others,2014-15,2014,10,OCT,454
Others,2014-15,2014,11,NOV,666
Others,2014-15,2014,12,DEC,435
Others,2014-15,2015,1,JAN,408
Others,2014-15,2015,2,FEB,518
Others,2014-15,2015,3,MAR,504
LPG,2015-16,2015,4,APR,1480
LPG,2015-16,2015,5,MAY,1497
LPG,2015-16,2015,6,JUN,1490
LPG,2015-16,2015,7,JUL,1583
LPG,2015-16,2015,8,AUG,1550
LPG,2015-16,2015,9,SEP,1620
LPG,2015-16,2015,10,OCT,1688
LPG,2015-16,2015,11,NOV,1616
LPG,2015-16,2015,12,DEC,1796
LPG,2015-16,2016,1,JAN,1705
LPG,2015-16,2016,2,FEB,1747
LPG,2015-16,2016,3,MAR,1852
Naphtha,2015-16,2015,4,APR,942
Naphtha,2015-16,2015,5,MAY,1240
Naphtha,2015-16,2015,6,JUN,1026
Naphtha,2015-16,2015,7,JUL,1174
Naphtha,2015-16,2015,8,AUG,1194
Naphtha,2015-16,2015,9,SEP,1048
Naphtha,2015-16,2015,10,OCT,1087
Naphtha,2015-16,2015,11,NOV,1012
Naphtha,2015-16,2015,12,DEC,1143
Naphtha,2015-16,2016,1,JAN,1164
Naphtha,2015-16,2016,2,FEB,1072
Naphtha,2015-16,2016,3,MAR,1168
MS,2015-16,2015,4,APR,1784
MS,2015-16,2015,5,MAY,1834
MS,2015-16,2015,6,JUN,1767
MS,2015-16,2015,7,JUL,1672
MS,2015-16,2015,8,AUG,1764
MS,2015-16,2015,9,SEP,1879
MS,2015-16,2015,10,OCT,1851
MS,2015-16,2015,11,NOV,1773
MS,2015-16,2015,12,DEC,1822
MS,2015-16,2016,1,JAN,1815
MS,2015-16,2016,2,FEB,1840
MS,2015-16,2016,3,MAR,2047
ATF,2015-16,2015,4,APR,494
ATF,2015-16,2015,5,MAY,501
ATF,2015-16,2015,6,JUN,513
ATF,2015-16,2015,7,JUL,500
ATF,2015-16,2015,8,AUG,502
ATF,2015-16,2015,9,SEP,497
ATF,2015-16,2015,10,OCT,534
ATF,2015-16,2015,11,NOV,539
ATF,2015-16,2015,12,DEC,547
ATF,2015-16,2016,1,JAN,532
ATF,2015-16,2016,2,FEB,524
ATF,2015-16,2016,3,MAR,580
SKO,2015-16,2015,4,APR,568
SKO,2015-16,2015,5,MAY,577
SKO,2015-16,2015,6,JUN,567
SKO,2015-16,2015,7,JUL,576
SKO,2015-16,2015,8,AUG,573
SKO,2015-16,2015,9,SEP,563
SKO,2015-16,2015,10,OCT,576
SKO,2015-16,2015,11,NOV,567
SKO,2015-16,2015,12,DEC,574
SKO,2015-16,2016,1,JAN,560
SKO,2015-16,2016,2,FEB,560
SKO,2015-16,2016,3,MAR,566
HSD,2015-16,2015,4,APR,6485
HSD,2015-16,2015,5,MAY,6435
HSD,2015-16,2015,6,JUN,6291
HSD,2015-16,2015,7,JUL,5705
HSD,2015-16,2015,8,AUG,5426
HSD,2015-16,2015,9,SEP,5885
HSD,2015-16,2015,10,OCT,6347
HSD,2015-16,2015,11,NOV,6110
HSD,2015-16,2015,12,DEC,6485
HSD,2015-16,2016,1,JAN,6285
HSD,2015-16,2016,2,FEB,6412
HSD,2015-16,2016,3,MAR,6783
LDO,2015-16,2015,4,APR,26
LDO,2015-16,2015,5,MAY,25
LDO,2015-16,2015,6,JUN,41
LDO,2015-16,2015,7,JUL,35
LDO,2015-16,2015,8,AUG,31
LDO,2015-16,2015,9,SEP,37
LDO,2015-16,2015,10,OCT,36
LDO,2015-16,2015,11,NOV,27
LDO,2015-16,2015,12,DEC,36
LDO,2015-16,2016,1,JAN,32
LDO,2015-16,2016,2,FEB,32
LDO,2015-16,2016,3,MAR,49
Lubricants & Greases,2015-16,2015,4,APR,295
Lubricants & Greases,2015-16,2015,5,MAY,268
Lubricants & Greases,2015-16,2015,6,JUN,300
Lubricants & Greases,2015-16,2015,7,JUL,270
Lubricants & Greases,2015-16,2015,8,AUG,260
Lubricants & Greases,2015-16,2015,9,SEP,288
Lubricants & Greases,2015-16,2015,10,OCT,241
Lubricants & Greases,2015-16,2015,11,NOV,302
Lubricants & Greases,2015-16,2015,12,DEC,294
Lubricants & Greases,2015-16,2016,1,JAN,312
Lubricants & Greases,2015-16,2016,2,FEB,337
Lubricants & Greases,2015-16,2016,3,MAR,403
FO & LSHS,2015-16,2015,4,APR,486
FO & LSHS,2015-16,2015,5,MAY,449
FO & LSHS,2015-16,2015,6,JUN,509
FO & LSHS,2015-16,2015,7,JUL,537
FO & LSHS,2015-16,2015,8,AUG,531
FO & LSHS,2015-16,2015,9,SEP,595
FO & LSHS,2015-16,2015,10,OCT,526
FO & LSHS,2015-16,2015,11,NOV,508
FO & LSHS,2015-16,2015,12,DEC,522
FO & LSHS,2015-16,2016,1,JAN,628
FO & LSHS,2015-16,2016,2,FEB,603
FO & LSHS,2015-16,2016,3,MAR,740
Bitumen,2015-16,2015,4,APR,565
Bitumen,2015-16,2015,5,MAY,592
Bitumen,2015-16,2015,6,JUN,461
Bitumen,2015-16,2015,7,JUL,286
Bitumen,2015-16,2015,8,AUG,239
Bitumen,2015-16,2015,9,SEP,301
Bitumen,2015-16,2015,10,OCT,520
Bitumen,2015-16,2015,11,NOV,433
Bitumen,2015-16,2015,12,DEC,569
Bitumen,2015-16,2016,1,JAN,550
Bitumen,2015-16,2016,2,FEB,635
Bitumen,2015-16,2016,3,MAR,788
Petroleum coke,2015-16,2015,4,APR,1126
Petroleum coke,2015-16,2015,5,MAY,1572
Petroleum coke,2015-16,2015,6,JUN,1263
Petroleum coke,2015-16,2015,7,JUL,1554
Petroleum coke,2015-16,2015,8,AUG,1534
Petroleum coke,2015-16,2015,9,SEP,1634
Petroleum coke,2015-16,2015,10,OCT,1523
Petroleum coke,2015-16,2015,11,NOV,1407
Petroleum coke,2015-16,2015,12,DEC,1508
Petroleum coke,2015-16,2016,1,JAN,2159
Petroleum coke,2015-16,2016,2,FEB,2050
Petroleum coke,2015-16,2016,3,MAR,1968
Others,2015-16,2015,4,APR,485
Others,2015-16,2015,5,MAY,504
Others,2015-16,2015,6,JUN,546
Others,2015-16,2015,7,JUL,480
Others,2015-16,2015,8,AUG,591
Others,2015-16,2015,9,SEP,560
Others,2015-16,2015,10,OCT,536
Others,2015-16,2015,11,NOV,550
Others,2015-16,2015,12,DEC,551
Others,2015-16,2016,1,JAN,496
Others,2015-16,2016,2,FEB,527
Others,2015-16,2016,3,MAR,528
LPG,2016-17,2016,4,APR,1597
LPG,2016-17,2016,5,MAY,1606
LPG,2016-17,2016,6,JUN,1613
LPG,2016-17,2016,7,JUL,1722
LPG,2016-17,2016,8,AUG,1846
LPG,2016-17,2016,9,SEP,1873
LPG,2016-17,2016,10,OCT,1858
LPG,2016-17,2016,11,NOV,1873
LPG,2016-17,2016,12,DEC,1939
LPG,2016-17,2017,1,JAN,1989
LPG,2016-17,2017,2,FEB,1804
LPG,2016-17,2017,3,MAR,1888
Naphtha,2016-17,2016,4,APR,1190
Naphtha,2016-17,2016,5,MAY,1081
Naphtha,2016-17,2016,6,JUN,1127
Naphtha,2016-17,2016,7,JUL,1199
Naphtha,2016-17,2016,8,AUG,1146
Naphtha,2016-17,2016,9,SEP,1079
Naphtha,2016-17,2016,10,OCT,1155
Naphtha,2016-17,2016,11,NOV,1075
Naphtha,2016-17,2016,12,DEC,1036
Naphtha,2016-17,2017,1,JAN,987
Naphtha,2016-17,2017,2,FEB,1070
Naphtha,2016-17,2017,3,MAR,1096
MS,2016-17,2016,4,APR,1996
MS,2016-17,2016,5,MAY,2083
MS,2016-17,2016,6,JUN,1846
MS,2016-17,2016,7,JUL,1918
MS,2016-17,2016,8,AUG,2205
MS,2016-17,2016,9,SEP,1815
MS,2016-17,2016,10,OCT,2106
MS,2016-17,2016,11,NOV,2026
MS,2016-17,2016,12,DEC,1965
MS,2016-17,2017,1,JAN,1804
MS,2016-17,2017,2,FEB,1896
MS,2016-17,2017,3,MAR,2105
ATF,2016-17,2016,4,APR,557
ATF,2016-17,2016,5,MAY,571
ATF,2016-17,2016,6,JUN,553
ATF,2016-17,2016,7,JUL,558
ATF,2016-17,2016,8,AUG,555
ATF,2016-17,2016,9,SEP,574
ATF,2016-17,2016,10,OCT,570
ATF,2016-17,2016,11,NOV,591
ATF,2016-17,2016,12,DEC,641
ATF,2016-17,2017,1,JAN,632
ATF,2016-17,2017,2,FEB,579
ATF,2016-17,2017,3,MAR,617
SKO,2016-17,2016,4,APR,516
SKO,2016-17,2016,5,MAY,530
SKO,2016-17,2016,6,JUN,533
SKO,2016-17,2016,7,JUL,502
SKO,2016-17,2016,8,AUG,497
SKO,2016-17,2016,9,SEP,501
SKO,2016-17,2016,10,OCT,380
SKO,2016-17,2016,11,NOV,387
SKO,2016-17,2016,12,DEC,399
SKO,2016-17,2017,1,JAN,367
SKO,2016-17,2017,2,FEB,371
SKO,2016-17,2017,3,MAR,414
HSD,2016-17,2016,4,APR,6768
HSD,2016-17,2016,5,MAY,6958
HSD,2016-17,2016,6,JUN,6386
HSD,2016-17,2016,7,JUL,5807
HSD,2016-17,2016,8,AUG,6134
HSD,2016-17,2016,9,SEP,5213
HSD,2016-17,2016,10,OCT,6675
HSD,2016-17,2016,11,NOV,6750
HSD,2016-17,2016,12,DEC,6570
HSD,2016-17,2017,1,JAN,5804
HSD,2016-17,2017,2,FEB,6161
HSD,2016-17,2017,3,MAR,6802
LDO,2016-17,2016,4,APR,34
LDO,2016-17,2016,5,MAY,36
LDO,2016-17,2016,6,JUN,37
LDO,2016-17,2016,7,JUL,35
LDO,2016-17,2016,8,AUG,41
LDO,2016-17,2016,9,SEP,37
LDO,2016-17,2016,10,OCT,43
LDO,2016-17,2016,11,NOV,42
LDO,2016-17,2016,12,DEC,39
LDO,2016-17,2017,1,JAN,35
LDO,2016-17,2017,2,FEB,35
LDO,2016-17,2017,3,MAR,35
Lubricants & Greases,2016-17,2016,4,APR,283
Lubricants & Greases,2016-17,2016,5,MAY,299
Lubricants & Greases,2016-17,2016,6,JUN,336
Lubricants & Greases,2016-17,2016,7,JUL,324
Lubricants & Greases,2016-17,2016,8,AUG,254
Lubricants & Greases,2016-17,2016,9,SEP,247
Lubricants & Greases,2016-17,2016,10,OCT,276
Lubricants & Greases,2016-17,2016,11,NOV,296
Lubricants & Greases,2016-17,2016,12,DEC,296
Lubricants & Greases,2016-17,2017,1,JAN,276
Lubricants & Greases,2016-17,2017,2,FEB,283
Lubricants & Greases,2016-17,2017,3,MAR,300
FO & LSHS,2016-17,2016,4,APR,656
FO & LSHS,2016-17,2016,5,MAY,639
FO & LSHS,2016-17,2016,6,JUN,634
FO & LSHS,2016-17,2016,7,JUL,596
FO & LSHS,2016-17,2016,8,AUG,582
FO & LSHS,2016-17,2016,9,SEP,634
FO & LSHS,2016-17,2016,10,OCT,610
FO & LSHS,2016-17,2016,11,NOV,565
FO & LSHS,2016-17,2016,12,DEC,611
FO & LSHS,2016-17,2017,1,JAN,542
FO & LSHS,2016-17,2017,2,FEB,526
FO & LSHS,2016-17,2017,3,MAR,556
Bitumen,2016-17,2016,4,APR,678
Bitumen,2016-17,2016,5,MAY,684
Bitumen,2016-17,2016,6,JUN,510
Bitumen,2016-17,2016,7,JUL,227
Bitumen,2016-17,2016,8,AUG,211
Bitumen,2016-17,2016,9,SEP,267
Bitumen,2016-17,2016,10,OCT,457
Bitumen,2016-17,2016,11,NOV,530
Bitumen,2016-17,2016,12,DEC,572
Bitumen,2016-17,2017,1,JAN,509
Bitumen,2016-17,2017,2,FEB,571
Bitumen,2016-17,2017,3,MAR,720
Petroleum coke,2016-17,2016,4,APR,1684
Petroleum coke,2016-17,2016,5,MAY,1931
Petroleum coke,2016-17,2016,6,JUN,2412
Petroleum coke,2016-17,2016,7,JUL,2173
Petroleum coke,2016-17,2016,8,AUG,2779
Petroleum coke,2016-17,2016,9,SEP,1978
Petroleum coke,2016-17,2016,10,OCT,1902
Petroleum coke,2016-17,2016,11,NOV,1729
Petroleum coke,2016-17,2016,12,DEC,1649
Petroleum coke,2016-17,2017,1,JAN,1815
Petroleum coke,2016-17,2017,2,FEB,1725
Petroleum coke,2016-17,2017,3,MAR,2186
Others,2016-17,2016,4,APR,493
Others,2016-17,2016,5,MAY,523
Others,2016-17,2016,6,JUN,564
Others,2016-17,2016,7,JUL,596
Others,2016-17,2016,8,AUG,562
Others,2016-17,2016,9,SEP,565
Others,2016-17,2016,10,OCT,563
Others,2016-17,2016,11,NOV,525
Others,2016-17,2016,12,DEC,459
Others,2016-17,2017,1,JAN,574
Others,2016-17,2017,2,FEB,519
Others,2016-17,2017,3,MAR,651
LPG,2017-18,2017,4,APR,1657
LPG,2017-18,2017,5,MAY,1790
LPG,2017-18,2017,6,JUN,1885
LPG,2017-18,2017,7,JUL,1927
LPG,2017-18,2017,8,AUG,2049
LPG,2017-18,2017,9,SEP,1934
LPG,2017-18,2017,10,OCT,1970
LPG,2017-18,2017,11,NOV,1998
LPG,2017-18,2017,12,DEC,2051
LPG,2017-18,2018,1,JAN,2082
LPG,2017-18,2018,2,FEB,1940
LPG,2017-18,2018,3,MAR,2059
Naphtha,2017-18,2017,4,APR,1000
Naphtha,2017-18,2017,5,MAY,1006
Naphtha,2017-18,2017,6,JUN,967
Naphtha,2017-18,2017,7,JUL,732
Naphtha,2017-18,2017,8,AUG,1126
Naphtha,2017-18,2017,9,SEP,1171
Naphtha,2017-18,2017,10,OCT,1176
Naphtha,2017-18,2017,11,NOV,1100
Naphtha,2017-18,2017,12,DEC,1107
Naphtha,2017-18,2018,1,JAN,1274
Naphtha,2017-18,2018,2,FEB,1026
Naphtha,2017-18,2018,3,MAR,1204
MS,2017-18,2017,4,APR,2090
MS,2017-18,2017,5,MAY,2409
MS,2017-18,2017,6,JUN,2071
MS,2017-18,2017,7,JUL,2146
MS,2017-18,2017,8,AUG,2191
MS,2017-18,2017,9,SEP,2143
MS,2017-18,2017,10,OCT,2228
MS,2017-18,2017,11,NOV,2132
MS,2017-18,2017,12,DEC,2177
MS,2017-18,2018,1,JAN,2096
MS,2017-18,2018,2,FEB,2088
MS,2017-18,2018,3,MAR,2404
ATF,2017-18,2017,4,APR,610
ATF,2017-18,2017,5,MAY,627
ATF,2017-18,2017,6,JUN,600
ATF,2017-18,2017,7,JUL,611
ATF,2017-18,2017,8,AUG,613
ATF,2017-18,2017,9,SEP,614
ATF,2017-18,2017,10,OCT,632
ATF,2017-18,2017,11,NOV,650
ATF,2017-18,2017,12,DEC,661
ATF,2017-18,2018,1,JAN,708
ATF,2017-18,2018,2,FEB,615
ATF,2017-18,2018,3,MAR,691
SKO,2017-18,2017,4,APR,331
SKO,2017-18,2017,5,MAY,353
SKO,2017-18,2017,6,JUN,357
SKO,2017-18,2017,7,JUL,317
SKO,2017-18,2017,8,AUG,292
SKO,2017-18,2017,9,SEP,333
SKO,2017-18,2017,10,OCT,311
SKO,2017-18,2017,11,NOV,314
SKO,2017-18,2017,12,DEC,325
SKO,2017-18,2018,1,JAN,318
SKO,2017-18,2018,2,FEB,309
SKO,2017-18,2018,3,MAR,283
HSD,2017-18,2017,4,APR,6971
HSD,2017-18,2017,5,MAY,7527
HSD,2017-18,2017,6,JUN,6800
HSD,2017-18,2017,7,JUL,6302
HSD,2017-18,2017,8,AUG,5919
HSD,2017-18,2017,9,SEP,6075
HSD,2017-18,2017,10,OCT,6547
HSD,2017-18,2017,11,NOV,7270
HSD,2017-18,2017,12,DEC,7120
HSD,2017-18,2018,1,JAN,6653
HSD,2017-18,2018,2,FEB,6540
HSD,2017-18,2018,3,MAR,7349
LDO,2017-18,2017,4,APR,39
LDO,2017-18,2017,5,MAY,32
LDO,2017-18,2017,6,JUN,35
LDO,2017-18,2017,7,JUL,38
LDO,2017-18,2017,8,AUG,37
LDO,2017-18,2017,9,SEP,43
LDO,2017-18,2017,10,OCT,31
LDO,2017-18,2017,11,NOV,53
LDO,2017-18,2017,12,DEC,63
LDO,2017-18,2018,1,JAN,55
LDO,2017-18,2018,2,FEB,47
LDO,2017-18,2018,3,MAR,51
Lubricants & Greases,2017-18,2017,4,APR,284
Lubricants & Greases,2017-18,2017,5,MAY,271
Lubricants & Greases,2017-18,2017,6,JUN,276
Lubricants & Greases,2017-18,2017,7,JUL,265
Lubricants & Greases,2017-18,2017,8,AUG,251
Lubricants & Greases,2017-18,2017,9,SEP,325
Lubricants & Greases,2017-18,2017,10,OCT,345
Lubricants & Greases,2017-18,2017,11,NOV,348
Lubricants & Greases,2017-18,2017,12,DEC,345
Lubricants & Greases,2017-18,2018,1,JAN,349
Lubricants & Greases,2017-18,2018,2,FEB,405
Lubricants & Greases,2017-18,2018,3,MAR,421
FO & LSHS,2017-18,2017,4,APR,603
FO & LSHS,2017-18,2017,5,MAY,677
FO & LSHS,2017-18,2017,6,JUN,522
FO & LSHS,2017-18,2017,7,JUL,565
FO & LSHS,2017-18,2017,8,AUG,521
FO & LSHS,2017-18,2017,9,SEP,559
FO & LSHS,2017-18,2017,10,OCT,558
FO & LSHS,2017-18,2017,11,NOV,538
FO & LSHS,2017-18,2017,12,DEC,542
FO & LSHS,2017-18,2018,1,JAN,584
FO & LSHS,2017-18,2018,2,FEB,508
FO & LSHS,2017-18,2018,3,MAR,544
Bitumen,2017-18,2017,4,APR,573
Bitumen,2017-18,2017,5,MAY,686
Bitumen,2017-18,2017,6,JUN,451
Bitumen,2017-18,2017,7,JUL,207
Bitumen,2017-18,2017,8,AUG,212
Bitumen,2017-18,2017,9,SEP,275
Bitumen,2017-18,2017,10,OCT,396
Bitumen,2017-18,2017,11,NOV,612
Bitumen,2017-18,2017,12,DEC,627
Bitumen,2017-18,2018,1,JAN,570
Bitumen,2017-18,2018,2,FEB,677
Bitumen,2017-18,2018,3,MAR,799
Petroleum coke,2017-18,2017,4,APR,2326
Petroleum coke,2017-18,2017,5,MAY,2234
Petroleum coke,2017-18,2017,6,JUN,1892
Petroleum coke,2017-18,2017,7,JUL,2211
Petroleum coke,2017-18,2017,8,AUG,2746
Petroleum coke,2017-18,2017,9,SEP,2227
Petroleum coke,2017-18,2017,10,OCT,2300
Petroleum coke,2017-18,2017,11,NOV,1899
Petroleum coke,2017-18,2017,12,DEC,2221
Petroleum coke,2017-18,2018,1,JAN,1796
Petroleum coke,2017-18,2018,2,FEB,1866
Petroleum coke,2017-18,2018,3,MAR,1937
Others,2017-18,2017,4,APR,581
Others,2017-18,2017,5,MAY,593
Others,2017-18,2017,6,JUN,649
Others,2017-18,2017,7,JUL,668
Others,2017-18,2017,8,AUG,639
Others,2017-18,2017,9,SEP,653
Others,2017-18,2017,10,OCT,808
Others,2017-18,2017,11,NOV,669
Others,2017-18,2017,12,DEC,692
Others,2017-18,2018,1,JAN,747
Others,2017-18,2018,2,FEB,755
Others,2017-18,2018,3,MAR,885
LPG,2018-19,2018,4,APR,1864
LPG,2018-19,2018,5,MAY,2050
LPG,2018-19,2018,6,JUN,1930
LPG,2018-19,2018,7,JUL,2033
LPG,2018-19,2018,8,AUG,2120
LPG,2018-19,2018,9,SEP,2060
LPG,2018-19,2018,10,OCT,2064
LPG,2018-19,2018,11,NOV,1841
LPG,2018-19,2018,12,DEC,2165
LPG,2018-19,2019,1,JAN,2309
LPG,2018-19,2019,2,FEB,2210
LPG,2018-19,2019,3,MAR,2262
Naphtha,2018-19,2018,4,APR,1163
Naphtha,2018-19,2018,5,MAY,975
Naphtha,2018-19,2018,6,JUN,1094
Naphtha,2018-19,2018,7,JUL,1301
Naphtha,2018-19,2018,8,AUG,1108
Naphtha,2018-19,2018,9,SEP,1139
Naphtha,2018-19,2018,10,OCT,1340
Naphtha,2018-19,2018,11,NOV,1223
Naphtha,2018-19,2018,12,DEC,1300
Naphtha,2018-19,2019,1,JAN,1092
Naphtha,2018-19,2019,2,FEB,1199
Naphtha,2018-19,2019,3,MAR,1198
MS,2018-19,2018,4,APR,2284
MS,2018-19,2018,5,MAY,2457
MS,2018-19,2018,6,JUN,2379
MS,2018-19,2018,7,JUL,2316
MS,2018-19,2018,8,AUG,2363
MS,2018-19,2018,9,SEP,2233
MS,2018-19,2018,10,OCT,2332
MS,2018-19,2018,11,NOV,2319
MS,2018-19,2018,12,DEC,2395
MS,2018-19,2019,1,JAN,2374
MS,2018-19,2019,2,FEB,2257
MS,2018-19,2019,3,MAR,2578
ATF,2018-19,2018,4,APR,709
ATF,2018-19,2018,5,MAY,681
ATF,2018-19,2018,6,JUN,670
ATF,2018-19,2018,7,JUL,680
ATF,2018-19,2018,8,AUG,686
ATF,2018-19,2018,9,SEP,677
ATF,2018-19,2018,10,OCT,706
ATF,2018-19,2018,11,NOV,678
ATF,2018-19,2018,12,DEC,720
ATF,2018-19,2019,1,JAN,722
ATF,2018-19,2019,2,FEB,656
ATF,2018-19,2019,3,MAR,716
SKO,2018-19,2018,4,APR,307
SKO,2018-19,2018,5,MAY,283
SKO,2018-19,2018,6,JUN,314
SKO,2018-19,2018,7,JUL,292
SKO,2018-19,2018,8,AUG,305
SKO,2018-19,2018,9,SEP,283
SKO,2018-19,2018,10,OCT,289
SKO,2018-19,2018,11,NOV,278
SKO,2018-19,2018,12,DEC,280
SKO,2018-19,2019,1,JAN,266
SKO,2018-19,2019,2,FEB,272
SKO,2018-19,2019,3,MAR,291
HSD,2018-19,2018,4,APR,7173
HSD,2018-19,2018,5,MAY,7567
HSD,2018-19,2018,6,JUN,7342
HSD,2018-19,2018,7,JUL,6610
HSD,2018-19,2018,8,AUG,6187
HSD,2018-19,2018,9,SEP,6027
HSD,2018-19,2018,10,OCT,7024
HSD,2018-19,2018,11,NOV,6941
HSD,2018-19,2018,12,DEC,7389
HSD,2018-19,2019,1,JAN,7072
HSD,2018-19,2019,2,FEB,6737
HSD,2018-19,2019,3,MAR,7459
LDO,2018-19,2018,4,APR,56
LDO,2018-19,2018,5,MAY,43
LDO,2018-19,2018,6,JUN,44
LDO,2018-19,2018,7,JUL,44
LDO,2018-19,2018,8,AUG,47
LDO,2018-19,2018,9,SEP,45
LDO,2018-19,2018,10,OCT,49
LDO,2018-19,2018,11,NOV,48
LDO,2018-19,2018,12,DEC,52
LDO,2018-19,2019,1,JAN,65
LDO,2018-19,2019,2,FEB,60
LDO,2018-19,2019,3,MAR,46
Lubricants & Greases,2018-19,2018,4,APR,194
Lubricants & Greases,2018-19,2018,5,MAY,289
Lubricants & Greases,2018-19,2018,6,JUN,335
Lubricants & Greases,2018-19,2018,7,JUL,270
Lubricants & Greases,2018-19,2018,8,AUG,312
Lubricants & Greases,2018-19,2018,9,SEP,274
Lubricants & Greases,2018-19,2018,10,OCT,351
Lubricants & Greases,2018-19,2018,11,NOV,303
Lubricants & Greases,2018-19,2018,12,DEC,301
Lubricants & Greases,2018-19,2019,1,JAN,292
Lubricants & Greases,2018-19,2019,2,FEB,294
Lubricants & Greases,2018-19,2019,3,MAR,455
FO & LSHS,2018-19,2018,4,APR,556
FO & LSHS,2018-19,2018,5,MAY,523
FO & LSHS,2018-19,2018,6,JUN,552
FO & LSHS,2018-19,2018,7,JUL,509
FO & LSHS,2018-19,2018,8,AUG,595
FO & LSHS,2018-19,2018,9,SEP,546
FO & LSHS,2018-19,2018,10,OCT,555
FO & LSHS,2018-19,2018,11,NOV,491
FO & LSHS,2018-19,2018,12,DEC,621
FO & LSHS,2018-19,2019,1,JAN,548
FO & LSHS,2018-19,2019,2,FEB,530
FO & LSHS,2018-19,2019,3,MAR,538
Bitumen,2018-19,2018,4,APR,692
Bitumen,2018-19,2018,5,MAY,721
Bitumen,2018-19,2018,6,JUN,558
Bitumen,2018-19,2018,7,JUL,286
Bitumen,2018-19,2018,8,AUG,210
Bitumen,2018-19,2018,9,SEP,370
Bitumen,2018-19,2018,10,OCT,543
Bitumen,2018-19,2018,11,NOV,495
Bitumen,2018-19,2018,12,DEC,619
Bitumen,2018-19,2019,1,JAN,662
Bitumen,2018-19,2019,2,FEB,661
Bitumen,2018-19,2019,3,MAR,890
Petroleum coke,2018-19,2018,4,APR,1924
Petroleum coke,2018-19,2018,5,MAY,2097
Petroleum coke,2018-19,2018,6,JUN,1899
Petroleum coke,2018-19,2018,7,JUL,1764
Petroleum coke,2018-19,2018,8,AUG,1721
Petroleum coke,2018-19,2018,9,SEP,1469
Petroleum coke,2018-19,2018,10,OCT,1371
Petroleum coke,2018-19,2018,11,NOV,1397
Petroleum coke,2018-19,2018,12,DEC,1922
Petroleum coke,2018-19,2019,1,JAN,2007
Petroleum coke,2018-19,2019,2,FEB,1614
Petroleum coke,2018-19,2019,3,MAR,2160
Others,2018-19,2018,4,APR,830
Others,2018-19,2018,5,MAY,938
Others,2018-19,2018,6,JUN,960
Others,2018-19,2018,7,JUL,988
Others,2018-19,2018,8,AUG,974
Others,2018-19,2018,9,SEP,944
Others,2018-19,2018,10,OCT,1040
Others,2018-19,2018,11,NOV,970
Others,2018-19,2018,12,DEC,1046
Others,2018-19,2019,1,JAN,1110
Others,2018-19,2019,2,FEB,953
Others,2018-19,2019,3,MAR,972
LPG,2019-20,2019,4,APR,1900
LPG,2019-20,2019,5,MAY,2054
LPG,2019-20,2019,6,JUN,1793
LPG,2019-20,2019,7,JUL,2219
LPG,2019-20,2019,8,AUG,2402
LPG,2019-20,2019,9,SEP,2164
LPG,2019-20,2019,10,OCT,2348
LPG,2019-20,2019,11,NOV,2261
LPG,2019-20,2019,12,DEC,2354
LPG,2019-20,2020,1,JAN,2435
LPG,2019-20,2020,2,FEB,2106
LPG,2019-20,2020,3,MAR,2293
Naphtha,2019-20,2019,4,APR,966
Naphtha,2019-20,2019,5,MAY,786
Naphtha,2019-20,2019,6,JUN,983
Naphtha,2019-20,2019,7,JUL,1465
Naphtha,2019-20,2019,8,AUG,1367
Naphtha,2019-20,2019,9,SEP,1102
Naphtha,2019-20,2019,10,OCT,1128
Naphtha,2019-20,2019,11,NOV,1248
Naphtha,2019-20,2019,12,DEC,1272
Naphtha,2019-20,2020,1,JAN,1419
Naphtha,2019-20,2020,2,FEB,1219
Naphtha,2019-20,2020,3,MAR,1312
MS,2019-20,2019,4,APR,2459
MS,2019-20,2019,5,MAY,2737
MS,2019-20,2019,6,JUN,2639
MS,2019-20,2019,7,JUL,2523
MS,2019-20,2019,8,AUG,2575
MS,2019-20,2019,9,SEP,2372
MS,2019-20,2019,10,OCT,2539
MS,2019-20,2019,11,NOV,2535
MS,2019-20,2019,12,DEC,2473
MS,2019-20,2020,1,JAN,2456
MS,2019-20,2020,2,FEB,2511
MS,2019-20,2020,3,MAR,2156
ATF,2019-20,2019,4,APR,646
ATF,2019-20,2019,5,MAY,680
ATF,2019-20,2019,6,JUN,650
ATF,2019-20,2019,7,JUL,658
ATF,2019-20,2019,8,AUG,666
ATF,2019-20,2019,9,SEP,653
ATF,2019-20,2019,10,OCT,697
ATF,2019-20,2019,11,NOV,709
ATF,2019-20,2019,12,DEC,729
ATF,2019-20,2020,1,JAN,739
ATF,2019-20,2020,2,FEB,689
ATF,2019-20,2020,3,MAR,483
SKO,2019-20,2019,4,APR,254
SKO,2019-20,2019,5,MAY,268
SKO,2019-20,2019,6,JUN,260
SKO,2019-20,2019,7,JUL,195
SKO,2019-20,2019,8,AUG,231
SKO,2019-20,2019,9,SEP,176
SKO,2019-20,2019,10,OCT,170
SKO,2019-20,2019,11,NOV,188
SKO,2019-20,2019,12,DEC,153
SKO,2019-20,2020,1,JAN,164
SKO,2019-20,2020,2,FEB,185
SKO,2019-20,2020,3,MAR,152
HSD,2019-20,2019,4,APR,7324
HSD,2019-20,2019,5,MAY,7789
HSD,2019-20,2019,6,JUN,7452
HSD,2019-20,2019,7,JUL,6842
HSD,2019-20,2019,8,AUG,6117
HSD,2019-20,2019,9,SEP,5838
HSD,2019-20,2019,10,OCT,6510
HSD,2019-20,2019,11,NOV,7566
HSD,2019-20,2019,12,DEC,7387
HSD,2019-20,2020,1,JAN,6956
HSD,2019-20,2020,2,FEB,7162
HSD,2019-20,2020,3,MAR,5660
LDO,2019-20,2019,4,APR,45
LDO,2019-20,2019,5,MAY,49
LDO,2019-20,2019,6,JUN,53
LDO,2019-20,2019,7,JUL,52
LDO,2019-20,2019,8,AUG,63
LDO,2019-20,2019,9,SEP,60
LDO,2019-20,2019,10,OCT,48
LDO,2019-20,2019,11,NOV,51
LDO,2019-20,2019,12,DEC,46
LDO,2019-20,2020,1,JAN,57
LDO,2019-20,2020,2,FEB,54
LDO,2019-20,2020,3,MAR,49
Lubricants & Greases,2019-20,2019,4,APR,265
Lubricants & Greases,2019-20,2019,5,MAY,363
Lubricants & Greases,2019-20,2019,6,JUN,301
Lubricants & Greases,2019-20,2019,7,JUL,345
Lubricants & Greases,2019-20,2019,8,AUG,310
Lubricants & Greases,2019-20,2019,9,SEP,311
Lubricants & Greases,2019-20,2019,10,OCT,326
Lubricants & Greases,2019-20,2019,11,NOV,335
Lubricants & Greases,2019-20,2019,12,DEC,307
Lubricants & Greases,2019-20,2020,1,JAN,374
Lubricants & Greases,2019-20,2020,2,FEB,321
Lubricants & Greases,2019-20,2020,3,MAR,276
FO & LSHS,2019-20,2019,4,APR,498
FO & LSHS,2019-20,2019,5,MAY,516
FO & LSHS,2019-20,2019,6,JUN,478
FO & LSHS,2019-20,2019,7,JUL,571
FO & LSHS,2019-20,2019,8,AUG,481
FO & LSHS,2019-20,2019,9,SEP,531
FO & LSHS,2019-20,2019,10,OCT,473
FO & LSHS,2019-20,2019,11,NOV,461
FO & LSHS,2019-20,2019,12,DEC,628
FO & LSHS,2019-20,2020,1,JAN,605
FO & LSHS,2019-20,2020,2,FEB,587
FO & LSHS,2019-20,2020,3,MAR,472
Bitumen,2019-20,2019,4,APR,691
Bitumen,2019-20,2019,5,MAY,726
Bitumen,2019-20,2019,6,JUN,548
Bitumen,2019-20,2019,7,JUL,407
Bitumen,2019-20,2019,8,AUG,231
Bitumen,2019-20,2019,9,SEP,321
Bitumen,2019-20,2019,10,OCT,446
Bitumen,2019-20,2019,11,NOV,585
Bitumen,2019-20,2019,12,DEC,630
Bitumen,2019-20,2020,1,JAN,700
Bitumen,2019-20,2020,2,FEB,814
Bitumen,2019-20,2020,3,MAR,623
Petroleum coke,2019-20,2019,4,APR,2254
Petroleum coke,2019-20,2019,5,MAY,2299
Petroleum coke,2019-20,2019,6,JUN,1548
Petroleum coke,2019-20,2019,7,JUL,1688
Petroleum coke,2019-20,2019,8,AUG,1778
Petroleum coke,2019-20,2019,9,SEP,1756
Petroleum coke,2019-20,2019,10,OCT,1665
Petroleum coke,2019-20,2019,11,NOV,1673
Petroleum coke,2019-20,2019,12,DEC,2002
Petroleum coke,2019-20,2020,1,JAN,1864
Petroleum coke,2019-20,2020,2,FEB,1591
Petroleum coke,2019-20,2020,3,MAR,1592
Others,2019-20,2019,4,APR,1039
Others,2019-20,2019,5,MAY,949
Others,2019-20,2019,6,JUN,975
Others,2019-20,2019,7,JUL,1024
Others,2019-20,2019,8,AUG,908
Others,2019-20,2019,9,SEP,906
Others,2019-20,2019,10,OCT,992
Others,2019-20,2019,11,NOV,902
Others,2019-20,2019,12,DEC,965
Others,2019-20,2020,1,JAN,976
Others,2019-20,2020,2,FEB,866
Others,2019-20,2020,3,MAR,862
LPG,2020-21,2020,4,APR,2113
LPG,2020-21,2020,5,MAY,2296
LPG,2020-21,2020,6,JUN,2064
LPG,2020-21,2020,7,JUL,2258
LPG,2020-21,2020,8,AUG,2262
LPG,2020-21,2020,9,SEP,2261
LPG,2020-21,2020,10,OCT,2421
LPG,2020-21,2020,11,NOV,2352
LPG,2020-21,2020,12,DEC,2523
LPG,2020-21,2021,1,JAN,2490
LPG,2020-21,2021,2,FEB,2262
LPG,2020-21,2021,3,MAR,2256
Naphtha,2020-21,2020,4,APR,730
Naphtha,2020-21,2020,5,MAY,993
Naphtha,2020-21,2020,6,JUN,1218
Naphtha,2020-21,2020,7,JUL,1297
Naphtha,2020-21,2020,8,AUG,1075
Naphtha,2020-21,2020,9,SEP,1120
Naphtha,2020-21,2020,10,OCT,1346
Naphtha,2020-21,2020,11,NOV,1403
Naphtha,2020-21,2020,12,DEC,1212
Naphtha,2020-21,2021,1,JAN,1209
Naphtha,2020-21,2021,2,FEB,1217
Naphtha,2020-21,2021,3,MAR,1280
MS,2020-21,2020,4,APR,973
MS,2020-21,2020,5,MAY,1771
MS,2020-21,2020,6,JUN,2282
MS,2020-21,2020,7,JUL,2261
MS,2020-21,2020,8,AUG,2382
MS,2020-21,2020,9,SEP,2451
MS,2020-21,2020,10,OCT,2655
MS,2020-21,2020,11,NOV,2665
MS,2020-21,2020,12,DEC,2706
MS,2020-21,2021,1,JAN,2611
MS,2020-21,2021,2,FEB,2472
MS,2020-21,2021,3,MAR,2740
ATF,2020-21,2020,4,APR,55
ATF,2020-21,2020,5,MAY,110
ATF,2020-21,2020,6,JUN,222
ATF,2020-21,2020,7,JUL,233
ATF,2020-21,2020,8,AUG,256
ATF,2020-21,2020,9,SEP,313
ATF,2020-21,2020,10,OCT,360
ATF,2020-21,2020,11,NOV,376
ATF,2020-21,2020,12,DEC,427
ATF,2020-21,2021,1,JAN,441
ATF,2020-21,2021,2,FEB,432
ATF,2020-21,2021,3,MAR,474
SKO,2020-21,2020,4,APR,129
SKO,2020-21,2020,5,MAY,181
SKO,2020-21,2020,6,JUN,161
SKO,2020-21,2020,7,JUL,161
SKO,2020-21,2020,8,AUG,132
SKO,2020-21,2020,9,SEP,167
SKO,2020-21,2020,10,OCT,139
SKO,2020-21,2020,11,NOV,155
SKO,2020-21,2020,12,DEC,135
SKO,2020-21,2021,1,JAN,146
SKO,2020-21,2021,2,FEB,137
SKO,2020-21,2021,3,MAR,155
HSD,2020-21,2020,4,APR,3252
HSD,2020-21,2020,5,MAY,5494
HSD,2020-21,2020,6,JUN,6299
HSD,2020-21,2020,7,JUL,5506
HSD,2020-21,2020,8,AUG,4843
HSD,2020-21,2020,9,SEP,5487
HSD,2020-21,2020,10,OCT,7001
HSD,2020-21,2020,11,NOV,7039
HSD,2020-21,2020,12,DEC,7192
HSD,2020-21,2021,1,JAN,6806
HSD,2020-21,2021,2,FEB,6569
HSD,2020-21,2021,3,MAR,7225
LDO,2020-21,2020,4,APR,28
LDO,2020-21,2020,5,MAY,71
LDO,2020-21,2020,6,JUN,63
LDO,2020-21,2020,7,JUL,62
LDO,2020-21,2020,8,AUG,62
LDO,2020-21,2020,9,SEP,65
LDO,2020-21,2020,10,OCT,69
LDO,2020-21,2020,11,NOV,69
LDO,2020-21,2020,12,DEC,88
LDO,2020-21,2021,1,JAN,87
LDO,2020-21,2021,2,FEB,80
LDO,2020-21,2021,3,MAR,112
Lubricants & Greases,2020-21,2020,4,APR,168
Lubricants & Greases,2020-21,2020,5,MAY,148
Lubricants & Greases,2020-21,2020,6,JUN,244
Lubricants & Greases,2020-21,2020,7,JUL,346
Lubricants & Greases,2020-21,2020,8,AUG,366
Lubricants & Greases,2020-21,2020,9,SEP,396
Lubricants & Greases,2020-21,2020,10,OCT,391
Lubricants & Greases,2020-21,2020,11,NOV,421
Lubricants & Greases,2020-21,2020,12,DEC,439
Lubricants & Greases,2020-21,2021,1,JAN,392
Lubricants & Greases,2020-21,2021,2,FEB,388
Lubricants & Greases,2020-21,2021,3,MAR,398
FO & LSHS,2020-21,2020,4,APR,283
FO & LSHS,2020-21,2020,5,MAY,469
FO & LSHS,2020-21,2020,6,JUN,466
FO & LSHS,2020-21,2020,7,JUL,469
FO & LSHS,2020-21,2020,8,AUG,458
FO & LSHS,2020-21,2020,9,SEP,452
FO & LSHS,2020-21,2020,10,OCT,480
FO & LSHS,2020-21,2020,11,NOV,483
FO & LSHS,2020-21,2020,12,DEC,529
FO & LSHS,2020-21,2021,1,JAN,516
FO & LSHS,2020-21,2021,2,FEB,476
FO & LSHS,2020-21,2021,3,MAR,507
Bitumen,2020-21,2020,4,APR,187
Bitumen,2020-21,2020,5,MAY,590
Bitumen,2020-21,2020,6,JUN,751
Bitumen,2020-21,2020,7,JUL,414
Bitumen,2020-21,2020,8,AUG,270
Bitumen,2020-21,2020,9,SEP,415
Bitumen,2020-21,2020,10,OCT,640
Bitumen,2020-21,2020,11,NOV,717
Bitumen,2020-21,2020,12,DEC,856
Bitumen,2020-21,2021,1,JAN,821
Bitumen,2020-21,2021,2,FEB,853
Bitumen,2020-21,2021,3,MAR,1012
Petroleum coke,2020-21,2020,4,APR,775
Petroleum coke,2020-21,2020,5,MAY,2500
Petroleum coke,2020-21,2020,6,JUN,1409
Petroleum coke,2020-21,2020,7,JUL,1648
Petroleum coke,2020-21,2020,8,AUG,1408
Petroleum coke,2020-21,2020,9,SEP,1108
Petroleum coke,2020-21,2020,10,OCT,1287
Petroleum coke,2020-21,2020,11,NOV,1145
Petroleum coke,2020-21,2020,12,DEC,1244
Petroleum coke,2020-21,2021,1,JAN,1004
Petroleum coke,2020-21,2021,2,FEB,794
Petroleum coke,2020-21,2021,3,MAR,1283
Others,2020-21,2020,4,APR,680
Others,2020-21,2020,5,MAY,769
Others,2020-21,2020,6,JUN,880
Others,2020-21,2020,7,JUL,932
Others,2020-21,2020,8,AUG,876
Others,2020-21,2020,9,SEP,894
Others,2020-21,2020,10,OCT,937
Others,2020-21,2020,11,NOV,2516
Others,2020-21,2020,12,DEC,1009
Others,2020-21,2021,1,JAN,1119
Others,2020-21,2021,2,FEB,993
Others,2020-21,2021,3,MAR,1186
LPG,2021-22,2021,4,APR,2102
LPG,2021-22,2021,5,MAY,2156
LPG,2021-22,2021,6,JUN,2251
LPG,2021-22,2021,7,JUL,2357
LPG,2021-22,2021,8,AUG,2317
LPG,2021-22,2021,9,SEP,2356
LPG,2021-22,2021,10,OCT,2481
LPG,2021-22,2021,11,NOV,2336
LPG,2021-22,2021,12,DEC,2469
LPG,2021-22,2022,1,JAN,2562
LPG,2021-22,2022,2,FEB,2393
LPG,2021-22,2022,3,MAR,2472
Naphtha,2021-22,2021,4,APR,1164
Naphtha,2021-22,2021,5,MAY,1171
Naphtha,2021-22,2021,6,JUN,1088
Naphtha,2021-22,2021,7,JUL,1116
Naphtha,2021-22,2021,8,AUG,920
Naphtha,2021-22,2021,9,SEP,1016
Naphtha,2021-22,2021,10,OCT,1180
Naphtha,2021-22,2021,11,NOV,1066
Naphtha,2021-22,2021,12,DEC,1099
Naphtha,2021-22,2022,1,JAN,1196
Naphtha,2021-22,2022,2,FEB,1100
Naphtha,2021-22,2022,3,MAR,1132
MS,2021-22,2021,4,APR,2386
MS,2021-22,2021,5,MAY,1991
MS,2021-22,2021,6,JUN,2409
MS,2021-22,2021,7,JUL,2630
MS,2021-22,2021,8,AUG,2692
MS,2021-22,2021,9,SEP,2598
MS,2021-22,2021,10,OCT,2750
MS,2021-22,2021,11,NOV,2645
MS,2021-22,2021,12,DEC,2816
MS,2021-22,2022,1,JAN,2473
MS,2021-22,2022,2,FEB,2550
MS,2021-22,2022,3,MAR,2908
ATF,2021-22,2021,4,APR,412
ATF,2021-22,2021,5,MAY,268
ATF,2021-22,2021,6,JUN,257
ATF,2021-22,2021,7,JUL,315
ATF,2021-22,2021,8,AUG,379
ATF,2021-22,2021,9,SEP,409
ATF,2021-22,2021,10,OCT,479
ATF,2021-22,2021,11,NOV,504
ATF,2021-22,2021,12,DEC,552
ATF,2021-22,2022,1,JAN,456
ATF,2021-22,2022,2,FEB,435
ATF,2021-22,2022,3,MAR,543
SKO,2021-22,2021,4,APR,105
SKO,2021-22,2021,5,MAY,136
SKO,2021-22,2021,6,JUN,136
SKO,2021-22,2021,7,JUL,130
SKO,2021-22,2021,8,AUG,129
SKO,2021-22,2021,9,SEP,132
SKO,2021-22,2021,10,OCT,125
SKO,2021-22,2021,11,NOV,123
SKO,2021-22,2021,12,DEC,119
SKO,2021-22,2022,1,JAN,126
SKO,2021-22,2022,2,FEB,117
SKO,2021-22,2022,3,MAR,114
HSD,2021-22,2021,4,APR,6676
HSD,2021-22,2021,5,MAY,5532
HSD,2021-22,2021,6,JUN,6195
HSD,2021-22,2021,7,JUL,6134
HSD,2021-22,2021,8,AUG,5603
HSD,2021-22,2021,9,SEP,5513
HSD,2021-22,2021,10,OCT,6616
HSD,2021-22,2021,11,NOV,6506
HSD,2021-22,2021,12,DEC,7302
HSD,2021-22,2022,1,JAN,6366
HSD,2021-22,2022,2,FEB,6511
HSD,2021-22,2022,3,MAR,7704
LDO,2021-22,2021,4,APR,96
LDO,2021-22,2021,5,MAY,77
LDO,2021-22,2021,6,JUN,94
LDO,2021-22,2021,7,JUL,77
LDO,2021-22,2021,8,AUG,82
LDO,2021-22,2021,9,SEP,85
LDO,2021-22,2021,10,OCT,90
LDO,2021-22,2021,11,NOV,65
LDO,2021-22,2021,12,DEC,93
LDO,2021-22,2022,1,JAN,92
LDO,2021-22,2022,2,FEB,85
LDO,2021-22,2022,3,MAR,82
Lubricants & Greases,2021-22,2021,4,APR,355
Lubricants & Greases,2021-22,2021,5,MAY,318
Lubricants & Greases,2021-22,2021,6,JUN,316
Lubricants & Greases,2021-22,2021,7,JUL,319
Lubricants & Greases,2021-22,2021,8,AUG,364
Lubricants & Greases,2021-22,2021,9,SEP,377
Lubricants & Greases,2021-22,2021,10,OCT,458
Lubricants & Greases,2021-22,2021,11,NOV,354
Lubricants & Greases,2021-22,2021,12,DEC,450
Lubricants & Greases,2021-22,2022,1,JAN,310
Lubricants & Greases,2021-22,2022,2,FEB,380
Lubricants & Greases,2021-22,2022,3,MAR,538
FO & LSHS,2021-22,2021,4,APR,517
FO & LSHS,2021-22,2021,5,MAY,422
FO & LSHS,2021-22,2021,6,JUN,504
FO & LSHS,2021-22,2021,7,JUL,470
FO & LSHS,2021-22,2021,8,AUG,517
FO & LSHS,2021-22,2021,9,SEP,543
FO & LSHS,2021-22,2021,10,OCT,559
FO & LSHS,2021-22,2021,11,NOV,500
FO & LSHS,2021-22,2021,12,DEC,566
FO & LSHS,2021-22,2022,1,JAN,543
FO & LSHS,2021-22,2022,2,FEB,530
FO & LSHS,2021-22,2022,3,MAR,590
Bitumen,2021-22,2021,4,APR,818
Bitumen,2021-22,2021,5,MAY,653
Bitumen,2021-22,2021,6,JUN,570
Bitumen,2021-22,2021,7,JUL,435
Bitumen,2021-22,2021,8,AUG,312
Bitumen,2021-22,2021,9,SEP,397
Bitumen,2021-22,2021,10,OCT,660
Bitumen,2021-22,2021,11,NOV,547
Bitumen,2021-22,2021,12,DEC,772
Bitumen,2021-22,2022,1,JAN,826
Bitumen,2021-22,2022,2,FEB,884
Bitumen,2021-22,2022,3,MAR,943
Petroleum coke,2021-22,2021,4,APR,797
Petroleum coke,2021-22,2021,5,MAY,981
Petroleum coke,2021-22,2021,6,JUN,1004
Petroleum coke,2021-22,2021,7,JUL,1168
Petroleum coke,2021-22,2021,8,AUG,928
Petroleum coke,2021-22,2021,9,SEP,891
Petroleum coke,2021-22,2021,10,OCT,1202
Petroleum coke,2021-22,2021,11,NOV,926
Petroleum coke,2021-22,2021,12,DEC,1683
Petroleum coke,2021-22,2022,1,JAN,1782
Petroleum coke,2021-22,2022,2,FEB,1520
Petroleum coke,2021-22,2022,3,MAR,1373
Others,2021-22,2021,4,APR,895
Others,2021-22,2021,5,MAY,873
Others,2021-22,2021,6,JUN,866
Others,2021-22,2021,7,JUL,1185
Others,2021-22,2021,8,AUG,968
Others,2021-22,2021,9,SEP,1282
Others,2021-22,2021,10,OCT,978
Others,2021-22,2021,11,NOV,1143
Others,2021-22,2021,12,DEC,981
Others,2021-22,2022,1,JAN,1017
Others,2021-22,2022,2,FEB,992
Others,2021-22,2022,3,MAR,1116
LPG,2022-23,2022,4,APR,2157
LPG,2022-23,2022,5,MAY,2159
LPG,2022-23,2022,6,JUN,2225
LPG,2022-23,2022,7,JUL,2404
LPG,2022-23,2022,8,AUG,2388
LPG,2022-23,2022,9,SEP,2441
LPG,2022-23,2022,10,OCT,2394
LPG,2022-23,2022,11,NOV,2461
LPG,2022-23,2022,12,DEC,2570
LPG,2022-23,2023,1,JAN,2507
LPG,2022-23,2023,2,FEB,2391
LPG,2022-23,2023,3,MAR,2406
Naphtha,2022-23,2022,4,APR,974
Naphtha,2022-23,2022,5,MAY,828
Naphtha,2022-23,2022,6,JUN,948
Naphtha,2022-23,2022,7,JUL,1151
Naphtha,2022-23,2022,8,AUG,1089
Naphtha,2022-23,2022,9,SEP,977
Naphtha,2022-23,2022,10,OCT,861
Naphtha,2022-23,2022,11,NOV,931
Naphtha,2022-23,2022,12,DEC,1040
Naphtha,2022-23,2023,1,JAN,1133
Naphtha,2022-23,2023,2,FEB,1067
Naphtha,2022-23,2023,3,MAR,1129
MS,2022-23,2022,4,APR,2797
MS,2022-23,2022,5,MAY,3017
MS,2022-23,2022,6,JUN,2968
MS,2022-23,2022,7,JUL,2808
MS,2022-23,2022,8,AUG,3006
MS,2022-23,2022,9,SEP,2827
MS,2022-23,2022,10,OCT,2996
MS,2022-23,2022,11,NOV,2861
MS,2022-23,2022,12,DEC,2984
MS,2022-23,2023,1,JAN,2827
MS,2022-23,2023,2,FEB,2776
MS,2022-23,2023,3,MAR,3108
ATF,2022-23,2022,4,APR,553
ATF,2022-23,2022,5,MAY,596
ATF,2022-23,2022,6,JUN,588
ATF,2022-23,2022,7,JUL,579
ATF,2022-23,2022,8,AUG,596
ATF,2022-23,2022,9,SEP,592
ATF,2022-23,2022,10,OCT,616
ATF,2022-23,2022,11,NOV,618
ATF,2022-23,2022,12,DEC,659
ATF,2022-23,2023,1,JAN,668
ATF,2022-23,2023,2,FEB,626
ATF,2022-23,2023,3,MAR,688
SKO,2022-23,2022,4,APR,72
SKO,2022-23,2022,5,MAY,68
SKO,2022-23,2022,6,JUN,45
SKO,2022-23,2022,7,JUL,23
SKO,2022-23,2022,8,AUG,32
SKO,2022-23,2022,9,SEP,41
SKO,2022-23,2022,10,OCT,34
SKO,2022-23,2022,11,NOV,38
SKO,2022-23,2022,12,DEC,40
SKO,2022-23,2023,1,JAN,33
SKO,2022-23,2023,2,FEB,33
SKO,2022-23,2023,3,MAR,30
HSD,2022-23,2022,4,APR,7199
HSD,2022-23,2022,5,MAY,7287
HSD,2022-23,2022,6,JUN,7674
HSD,2022-23,2022,7,JUL,6633
HSD,2022-23,2022,8,AUG,6343
HSD,2022-23,2022,9,SEP,6253
HSD,2022-23,2022,10,OCT,6986
HSD,2022-23,2022,11,NOV,7763
HSD,2022-23,2022,12,DEC,7787
HSD,2022-23,2023,1,JAN,7178
HSD,2022-23,2023,2,FEB,7003
HSD,2022-23,2023,3,MAR,7794
LDO,2022-23,2022,4,APR,52
LDO,2022-23,2022,5,MAY,55
LDO,2022-23,2022,6,JUN,57
LDO,2022-23,2022,7,JUL,60
LDO,2022-23,2022,8,AUG,66
LDO,2022-23,2022,9,SEP,62
LDO,2022-23,2022,10,OCT,66
LDO,2022-23,2022,11,NOV,57
LDO,2022-23,2022,12,DEC,65
LDO,2022-23,2023,1,JAN,50
LDO,2022-23,2023,2,FEB,56
LDO,2022-23,2023,3,MAR,79
Lubricants & Greases,2022-23,2022,4,APR,318
Lubricants & Greases,2022-23,2022,5,MAY,300
Lubricants & Greases,2022-23,2022,6,JUN,290
Lubricants & Greases,2022-23,2022,7,JUL,311
Lubricants & Greases,2022-23,2022,8,AUG,243
Lubricants & Greases,2022-23,2022,9,SEP,266
Lubricants & Greases,2022-23,2022,10,OCT,355
Lubricants & Greases,2022-23,2022,11,NOV,302
Lubricants & Greases,2022-23,2022,12,DEC,297
Lubricants & Greases,2022-23,2023,1,JAN,302
Lubricants & Greases,2022-23,2023,2,FEB,333
Lubricants & Greases,2022-23,2023,3,MAR,420
FO & LSHS,2022-23,2022,4,APR,522
FO & LSHS,2022-23,2022,5,MAY,548
FO & LSHS,2022-23,2022,6,JUN,550
FO & LSHS,2022-23,2022,7,JUL,558
FO & LSHS,2022-23,2022,8,AUG,617
FO & LSHS,2022-23,2022,9,SEP,604
FO & LSHS,2022-23,2022,10,OCT,592
FO & LSHS,2022-23,2022,11,NOV,582
FO & LSHS,2022-23,2022,12,DEC,622
FO & LSHS,2022-23,2023,1,JAN,595
FO & LSHS,2022-23,2023,2,FEB,576
FO & LSHS,2022-23,2023,3,MAR,591
Bitumen,2022-23,2022,4,APR,801
Bitumen,2022-23,2022,5,MAY,734
Bitumen,2022-23,2022,6,JUN,690
Bitumen,2022-23,2022,7,JUL,341
Bitumen,2022-23,2022,8,AUG,316
Bitumen,2022-23,2022,9,SEP,363
Bitumen,2022-23,2022,10,OCT,590
Bitumen,2022-23,2022,11,NOV,845
Bitumen,2022-23,2022,12,DEC,717
Bitumen,2022-23,2023,1,JAN,708
Bitumen,2022-23,2023,2,FEB,874
Bitumen,2022-23,2023,3,MAR,1062
Petroleum coke,2022-23,2022,4,APR,1726
Petroleum coke,2022-23,2022,5,MAY,1472
Petroleum coke,2022-23,2022,6,JUN,1297
Petroleum coke,2022-23,2022,7,JUL,1669
Petroleum coke,2022-23,2022,8,AUG,1230
Petroleum coke,2022-23,2022,9,SEP,1382
Petroleum coke,2022-23,2022,10,OCT,1722
Petroleum coke,2022-23,2022,11,NOV,1515
Petroleum coke,2022-23,2022,12,DEC,1419
Petroleum coke,2022-23,2023,1,JAN,1382
Petroleum coke,2022-23,2023,2,FEB,1568
Petroleum coke,2022-23,2023,3,MAR,1960
Others,2022-23,2022,4,APR,1283
Others,2022-23,2022,5,MAY,1305
Others,2022-23,2022,6,JUN,1191
Others,2022-23,2022,7,JUL,1213
Others,2022-23,2022,8,AUG,1516
Others,2022-23,2022,9,SEP,1065
Others,2022-23,2022,10,OCT,1367
Others,2022-23,2022,11,NOV,1128
Others,2022-23,2022,12,DEC,1340
Others,2022-23,2023,1,JAN,1127
Others,2022-23,2023,2,FEB,1354
Others,2022-23,2023,3,MAR,1953
LPG,2023-24,2023,4,APR,2154
LPG,2023-24,2023,5,MAY,2347
LPG,2023-24,2023,6,JUN,2233
LPG,2023-24,2023,7,JUL,2390
LPG,2023-24,2023,8,AUG,2460
LPG,2023-24,2023,9,SEP,2551
LPG,2023-24,2023,10,OCT,2496
LPG,2023-24,2023,11,NOV,2487
LPG,2023-24,2023,12,DEC,2628
LPG,2023-24,2024,1,JAN,2698
LPG,2023-24,2024,2,FEB,2608
LPG,2023-24,2024,3,MAR,2612
Naphtha,2023-24,2023,4,APR,1113
Naphtha,2023-24,2023,5,MAY,1157
Naphtha,2023-24,2023,6,JUN,1057
Naphtha,2023-24,2023,7,JUL,1044
Naphtha,2023-24,2023,8,AUG,1206
Naphtha,2023-24,2023,9,SEP,1027
Naphtha,2023-24,2023,10,OCT,1188
Naphtha,2023-24,2023,11,NOV,1047
Naphtha,2023-24,2023,12,DEC,1385
Naphtha,2023-24,2024,1,JAN,1312
Naphtha,2023-24,2024,2,FEB,1142
Naphtha,2023-24,2024,3,MAR,1135
MS,2023-24,2023,4,APR,2877
MS,2023-24,2023,5,MAY,3350
MS,2023-24,2023,6,JUN,3152
MS,2023-24,2023,7,JUL,2984
MS,2023-24,2023,8,AUG,3093
MS,2023-24,2023,9,SEP,3058
MS,2023-24,2023,10,OCT,3140
MS,2023-24,2023,11,NOV,3129
MS,2023-24,2023,12,DEC,2990
MS,2023-24,2024,1,JAN,3100
MS,2023-24,2024,2,FEB,3023
MS,2023-24,2024,3,MAR,3324
ATF,2023-24,2023,4,APR,656
ATF,2023-24,2023,5,MAY,671
ATF,2023-24,2023,6,JUN,642
ATF,2023-24,2023,7,JUL,663
ATF,2023-24,2023,8,AUG,677
ATF,2023-24,2023,9,SEP,657
ATF,2023-24,2023,10,OCT,692
ATF,2023-24,2023,11,NOV,690
ATF,2023-24,2023,12,DEC,720
ATF,2023-24,2024,1,JAN,717
ATF,2023-24,2024,2,FEB,705
ATF,2023-24,2024,3,MAR,758
SKO,2023-24,2023,4,APR,30
SKO,2023-24,2023,5,MAY,42
SKO,2023-24,2023,6,JUN,51
SKO,2023-24,2023,7,JUL,50
SKO,2023-24,2023,8,AUG,52
SKO,2023-24,2023,9,SEP,32
SKO,2023-24,2023,10,OCT,34
SKO,2023-24,2023,11,NOV,45
SKO,2023-24,2023,12,DEC,41
SKO,2023-24,2024,1,JAN,36
SKO,2023-24,2024,2,FEB,36
SKO,2023-24,2024,3,MAR,32
HSD,2023-24,2023,4,APR,7818
HSD,2023-24,2023,5,MAY,8217
HSD,2023-24,2023,6,JUN,7906
HSD,2023-24,2023,7,JUL,6885
HSD,2023-24,2023,8,AUG,6670
HSD,2023-24,2023,9,SEP,6493
HSD,2023-24,2023,10,OCT,7634
HSD,2023-24,2023,11,NOV,7525
HSD,2023-24,2023,12,DEC,7603
HSD,2023-24,2024,1,JAN,7424
HSD,2023-24,2024,2,FEB,7443
HSD,2023-24,2024,3,MAR,8007
LDO,2023-24,2023,4,APR,61
LDO,2023-24,2023,5,MAY,69
LDO,2023-24,2023,6,JUN,66
LDO,2023-24,2023,7,JUL,63
LDO,2023-24,2023,8,AUG,75
LDO,2023-24,2023,9,SEP,63
LDO,2023-24,2023,10,OCT,67
LDO,2023-24,2023,11,NOV,54
LDO,2023-24,2023,12,DEC,66
LDO,2023-24,2024,1,JAN,68
LDO,2023-24,2024,2,FEB,63
LDO,2023-24,2024,3,MAR,67
Lubricants & Greases,2023-24,2023,4,APR,274
Lubricants & Greases,2023-24,2023,5,MAY,323
Lubricants & Greases,2023-24,2023,6,JUN,319
Lubricants & Greases,2023-24,2023,7,JUL,410
Lubricants & Greases,2023-24,2023,8,AUG,326
Lubricants & Greases,2023-24,2023,9,SEP,340
Lubricants & Greases,2023-24,2023,10,OCT,320
Lubricants & Greases,2023-24,2023,11,NOV,353
Lubricants & Greases,2023-24,2023,12,DEC,390
Lubricants & Greases,2023-24,2024,1,JAN,321
Lubricants & Greases,2023-24,2024,2,FEB,336
Lubricants & Greases,2023-24,2024,3,MAR,376
FO & LSHS,2023-24,2023,4,APR,585
FO & LSHS,2023-24,2023,5,MAY,600
FO & LSHS,2023-24,2023,6,JUN,511
FO & LSHS,2023-24,2023,7,JUL,562
FO & LSHS,2023-24,2023,8,AUG,509
FO & LSHS,2023-24,2023,9,SEP,538
FO & LSHS,2023-24,2023,10,OCT,525
FO & LSHS,2023-24,2023,11,NOV,513
FO & LSHS,2023-24,2023,12,DEC,565
FO & LSHS,2023-24,2024,1,JAN,562
FO & LSHS,2023-24,2024,2,FEB,523
FO & LSHS,2023-24,2024,3,MAR,527
Bitumen,2023-24,2023,4,APR,878
Bitumen,2023-24,2023,5,MAY,864
Bitumen,2023-24,2023,6,JUN,752
Bitumen,2023-24,2023,7,JUL,514
Bitumen,2023-24,2023,8,AUG,501
Bitumen,2023-24,2023,9,SEP,499
Bitumen,2023-24,2023,10,OCT,747
Bitumen,2023-24,2023,11,NOV,624
Bitumen,2023-24,2023,12,DEC,743
Bitumen,2023-24,2024,1,JAN,754
Bitumen,2023-24,2024,2,FEB,882
Bitumen,2023-24,2024,3,MAR,1051
Petroleum coke,2023-24,2023,4,APR,1379
Petroleum coke,2023-24,2023,5,MAY,1812
Petroleum coke,2023-24,2023,6,JUN,1596
Petroleum coke,2023-24,2023,7,JUL,1660
Petroleum coke,2023-24,2023,8,AUG,1759
Petroleum coke,2023-24,2023,9,SEP,1500
Petroleum coke,2023-24,2023,10,OCT,1643
Petroleum coke,2023-24,2023,11,NOV,1333
Petroleum coke,2023-24,2023,12,DEC,1722
Petroleum coke,2023-24,2024,1,JAN,1591
Petroleum coke,2023-24,2024,2,FEB,2081
Petroleum coke,2023-24,2024,3,MAR,2242
Others,2023-24,2023,4,APR,883
Others,2023-24,2023,5,MAY,1238
Others,2023-24,2023,6,JUN,1198
Others,2023-24,2023,7,JUL,1067
Others,2023-24,2023,8,AUG,1516
Others,2023-24,2023,9,SEP,1455
Others,2023-24,2023,10,OCT,980
Others,2023-24,2023,11,NOV,884
Others,2023-24,2023,12,DEC,1400
Others,2023-24,2024,1,JAN,1282
Others,2023-24,2024,2,FEB,1351
Others,2023-24,2024,3,MAR,1442
